county,district,n,mean_residual
GREATER LONDON,KENSINGTON AND CHELSEA,77208,0.17851380385126875
GREATER LONDON,CITY OF LONDON,7298,0.15880820548988064
GREATER LONDON,HAMMERSMITH AND FULHAM,73301,0.15056146061515466
OXFORDSHIRE,OXFORD,46480,0.14378234963769582
ESSEX,EPPING FOREST,54427,0.14078951067921036
DERBYSHIRE,DERBYSHIRE DALES,26188,0.14063833507541734
ESSEX,BRENTWOOD,33071,0.1337521447669664
ISLES OF SCILLY,ISLES OF SCILLY,397,0.12468717224627754
HAMPSHIRE,HART,43662,0.1045550534235683
HERTFORDSHIRE,HERTSMERE,40655,0.10303727676984865
GREATER LONDON,RICHMOND UPON THAMES,92673,0.10191515592564408
AVON,BATH,1377,0.10187567766810203
KENT,SEVENOAKS,43156,0.0984122491115336
CORNWALL,CARRICK,28512,0.09828940742449883
LANCASHIRE,FYLDE,37025,0.0943278296230988
CHESHIRE,MACCLESFIELD,49257,0.09020093266801213
GREATER LONDON,CAMDEN,73166,0.08590598348898852
NORTHUMBERLAND,CASTLE MORPETH,13160,0.08179490682070717
SLOUGH,SLOUGH,51504,0.07901572676506775
NORTH YORKSHIRE,HARROGATE,70261,0.07758698731418547
SURREY,ELMBRIDGE,66824,0.07718344566524034
STAFFORDSHIRE,LICHFIELD,38015,0.07543206718648329
READING,READING,71281,0.07335856740767001
POOLE,POOLE,76862,0.07300062859115326
EAST SUSSEX,HOVE,5123,0.07123333992295636
GREATER LONDON,CITY OF WESTMINSTER,107615,0.07112963645252122
NOTTINGHAMSHIRE,RUSHCLIFFE,49224,0.07111148154440318
DORSET,PURBECK,19651,0.07042966877634559
LANCASHIRE,RIBBLE VALLEY,23593,0.0680584210940301
CAMBRIDGESHIRE,CAMBRIDGE,42428,0.06778038797897662
NORFOLK,NORWICH,56864,0.06737844745584946
DORSET,EAST DORSET,43519,0.06426045155779095
MEDWAY,MEDWAY,97025,0.06354603506393977
BERKSHIRE,NEWBURY,9248,0.0633698169852295
RUTLAND,RUTLAND,16285,0.0631234180911396
OXFORDSHIRE,SOUTH OXFORDSHIRE,62003,0.0626961961841941
CUMBRIA,EDEN,19861,0.061440470123877
WEST BERKSHIRE,WEST BERKSHIRE,57866,0.06020804923087251
GLOUCESTERSHIRE,COTSWOLD,36902,0.05955830713704879
BRACKNELL FOREST,BRACKNELL FOREST,54815,0.059037634545413865
GREATER LONDON,BARNET,127957,0.058732221556545484
BUCKINGHAMSHIRE,SOUTH BUCKS,27056,0.05815170125370068
DORSET,CHRISTCHURCH,26206,0.05706741459355701
HUMBERSIDE,THE EAST YORKSHIRE BOROUGH OF BEVERLEY,2504,0.055212721490204994
NORTHUMBERLAND,ALNWICK,8921,0.05472415949144511
GWENT,MONMOUTH,1229,0.054265345605513444
CENTRAL BEDFORDSHIRE,CENTRAL BEDFORDSHIRE,41260,0.05417729363683959
NORTH SOMERSET,NORTH SOMERSET,98424,0.05339315772838305
WINDSOR AND MAIDENHEAD,WINDSOR AND MAIDENHEAD,62270,0.05158730786902974
WEST SUSSEX,HORSHAM,64097,0.05157568508100233
GREATER LONDON,WANDSWORTH,156602,0.051356432377058
SHROPSHIRE,BRIDGNORTH,11805,0.05096176837928274
GREATER LONDON,LAMBETH,112217,0.05054465230176858
GREATER MANCHESTER,TRAFFORD,88710,0.04993536361819637
LEICESTERSHIRE,BLABY,39987,0.04975989911953058
NORTHAMPTONSHIRE,DAVENTRY,37274,0.049516068772565876
HERTFORDSHIRE,ST ALBANS,64853,0.04935493632099531
LEICESTERSHIRE,HARBOROUGH,40251,0.04859209896754938
SURREY,MOLE VALLEY,35055,0.047677728570788495
DERBYSHIRE,HIGH PEAK,37477,0.04723485301233222
DEVON,EAST DEVON,68981,0.04556287137507106
SOMERSET,TAUNTON DEANE,51018,0.045434626554835225
BUCKINGHAMSHIRE,CHILTERN,36858,0.04471538340498056
WILTSHIRE,SALISBURY,30804,0.044102491323829325
CORNWALL,PENWITH,19902,0.04353363375830187
HAMPSHIRE,EAST HAMPSHIRE,50358,0.0434409150001553
SURREY,TANDRIDGE,36671,0.04339243515147474
SUFFOLK,BABERGH,36952,0.04331381997516831
HERTFORDSHIRE,THREE RIVERS,36273,0.04284548785484475
CITY OF BRISTOL,CITY OF BRISTOL,174853,0.042264038441492145
KENT,TUNBRIDGE WELLS,49491,0.0418354075027627
SURREY,RUNNYMEDE,36310,0.04145237531564447
LUTON,LUTON,77774,0.04115608746070497
NORTHAMPTONSHIRE,SOUTH NORTHAMPTONSHIRE,39825,0.040825673670330305
MILTON KEYNES,MILTON KEYNES,121296,0.04055933617389689
DEVON,SOUTH HAMS,42039,0.040404873164949506
WEST MIDLANDS,SOLIHULL,80317,0.040013678352890804
GREATER LONDON,ISLINGTON,66367,0.03981953969082925
EAST SUSSEX,LEWES,46243,0.03918563129408865
HAMPSHIRE,WINCHESTER,48734,0.037997940721413825
HAMPSHIRE,BASINGSTOKE AND DEANE,74734,0.03777531693838854
HAMPSHIRE,TEST VALLEY,50843,0.03762072277035253
GREATER MANCHESTER,STOCKPORT,114488,0.037169645817593217
WARWICKSHIRE,WARWICK,64365,0.0368392113712214
DURHAM,TEESDALE,5728,0.036354066454923104
GREATER LONDON,EALING,106280,0.03588815346510665
SURREY,REIGATE AND BANSTEAD,66159,0.03541486138722121
WEST SUSSEX,CHICHESTER,50980,0.034388572326743395
NORFOLK,NORTH NORFOLK,50678,0.03432607450032811
SURREY,WAVERLEY,53416,0.034324561973383946
CAMBRIDGESHIRE,SOUTH CAMBRIDGESHIRE,60664,0.034152640645339065
GREATER LONDON,HACKNEY,63131,0.034084966866847595
SOMERSET,MENDIP,49241,0.033969381893847315
SURREY,SURREY HEATH,39790,0.03377875870740493
HERTFORDSHIRE,EAST HERTFORDSHIRE,68795,0.0336717953954287
DORSET,WEST DORSET,48408,0.03322320951344331
LEICESTERSHIRE,OADBY AND WIGSTON,20444,0.033144638235702
NORTH YORKSHIRE,CRAVEN,24505,0.032332484355701026
KENT,GRAVESHAM,35199,0.0321039117534742
DEVON,EXETER,52940,0.03174631972145506
ESSEX,UTTLESFORD,34973,0.03154810211064675
TYNE AND WEAR,NEWCASTLE UPON TYNE,98376,0.03145423655572509
CHESHIRE,CHESTER,34883,0.031056397394947713
DORSET,NORTH DORSET,31931,0.03093713377348642
CORNWALL,CORNWALL,81205,0.029734158640753364
KENT,MAIDSTONE,65738,0.02971438697965127
WORCESTERSHIRE,BROMSGROVE,38021,0.029028181286661184
KENT,DARTFORD,43318,0.02876900333508722
SOUTHEND-ON-SEA,SOUTHEND-ON-SEA,87798,0.02873511010902522
SUFFOLK,SUFFOLK COASTAL,58422,0.028733858448173635
OXFORDSHIRE,WEST OXFORDSHIRE,44953,0.028294017411903398
WARWICKSHIRE,STRATFORD-ON-AVON,53156,0.028264704806892013
WORCESTERSHIRE,WYCHAVON,48891,0.028211328154951972
MONMOUTHSHIRE,MONMOUTHSHIRE,32434,0.027406219830586793
HERTFORDSHIRE,DACORUM,63463,0.027215120468723385
PORTSMOUTH,PORTSMOUTH,90377,0.02708440262574098
CITY OF PLYMOUTH,CITY OF PLYMOUTH,93668,0.027058752721229023
DURHAM,DURHAM,22660,0.027019416733822337
SOUTHAMPTON,SOUTHAMPTON,96455,0.026190273300584415
MID GLAMORGAN,TAFF-ELY,1484,0.025866884405570178
CORNWALL,NORTH CORNWALL,25623,0.025840014069118334
NORTHUMBERLAND,BERWICK-UPON-TWEED,6943,0.02548105710068681
LEICESTERSHIRE,CHARNWOOD,68130,0.025215629549293475
GREATER LONDON,HARINGEY,78815,0.024734631619543875
MERSEYSIDE,SEFTON,92140,0.024649571401076736
WEST SUSSEX,MID SUSSEX,65562,0.02379642915753588
SWINDON,SWINDON,93092,0.023151145396843962
HAMPSHIRE,NEW FOREST,83892,0.022508931468590544
CUMBRIA,SOUTH LAKELAND,48280,0.021949487033993
GREATER LONDON,MERTON,83341,0.021313704663926805
NORFOLK,BROADLAND,56011,0.021204689819312304
BATH AND NORTH EAST SOMERSET,BATH AND NORTH EAST SOMERSET,69446,0.020466940472814367
SURREY,GUILDFORD,58733,0.020409314338070177
WOKINGHAM,WOKINGHAM,71229,0.02007002903284474
LEICESTERSHIRE,MELTON,20805,0.01978022276365772
WEST SUSSEX,ADUR,28018,0.019215748606658957
NORTH YORKSHIRE,RICHMONDSHIRE,17634,0.019040744072818968
EAST SUSSEX,EASTBOURNE,58340,0.01894305257039003
GREATER LONDON,SOUTHWARK,94635,0.01891410647818574
WEST SUSSEX,WORTHING,60154,0.018907294423497402
SOMERSET,SEDGEMOOR,52762,0.018510032059600334
NORTH YORKSHIRE,HAMBLETON,33457,0.01841904449861406
ESSEX,CHELMSFORD,74349,0.01819358871809151
THURROCK,THURROCK,69498,0.01794212082335235
SURREY,EPSOM AND EWELL,33139,0.017792949842238892
NORTH YORKSHIRE,RYEDALE,20682,0.017722512955705167
SUFFOLK,ST EDMUNDSBURY,48397,0.017680118703313683
WILTSHIRE,NORTH WILTSHIRE,42665,0.017644618656747338
GREATER LONDON,TOWER HAMLETS,97339,0.017621946912781385
KENT,ASHFORD,52024,0.016970291917337482
BRIGHTON AND HOVE,BRIGHTON AND HOVE,129872,0.015818948501070473
CUMBRIA,ALLERDALE,35943,0.015249989515176272
WARWICKSHIRE,NORTH WARWICKSHIRE,22194,0.014590874474276703
GREATER MANCHESTER,BURY,74165,0.014532487482910037
HERTFORDSHIRE,BROXBOURNE,42070,0.01428686137547746
SOMERSET,WEST SOMERSET,15744,0.014080555126951647
DEVON,TEIGNBRIDGE,60541,0.013904057685471208
THAMESDOWN,THAMESDOWN,8882,0.01383951376031186
SOUTH GLOUCESTERSHIRE,SOUTH GLOUCESTERSHIRE,111146,0.013837927455697301
YORK,YORK,83893,0.013465412194485188
LANCASHIRE,WEST LANCASHIRE,36261,0.013349692473286611
CAMBRIDGESHIRE,EAST CAMBRIDGESHIRE,37597,0.013022006243633826
ESSEX,ROCHFORD,34673,0.01294522443239718
LEICESTERSHIRE,HINCKLEY AND BOSWORTH,47904,0.01292922948871
CORNWALL,RESTORMEL,30743,0.01284971871834166
CORNWALL,CARADON,26326,0.012801104656014316
WEST MIDLANDS,BIRMINGHAM,332091,0.012466732792700325
AVON,BRISTOL,5802,0.012137272208546743
EAST SUSSEX,ROTHER,49672,0.011165010517184432
GLOUCESTERSHIRE,CHELTENHAM,58579,0.011047345717251794
GREATER LONDON,BRENT,80057,0.010640943112813564
HERTFORDSHIRE,WELWYN HATFIELD,40582,0.01064051415669494
HAMPSHIRE,RUSHMOOR,42145,0.009561246637240813
GREATER LONDON,KINGSTON UPON THAMES,71447,0.009549411754965521
EAST SUSSEX,BRIGHTON,7232,0.009522183866122372
OXFORDSHIRE,VALE OF WHITE HORSE,48863,0.00879415737683639
LINCOLNSHIRE,SOUTH KESTEVEN,65278,0.008686806247686998
BOURNEMOUTH,BOURNEMOUTH,103944,0.008250218961707462
LANCASHIRE,WYRE,47099,0.008196507850005546
SURREY,WOKING,48882,0.008191627106110946
ESSEX,BASILDON,74013,0.007822878573228723
BEDFORD,BEDFORD,22963,0.007739014389264436
EAST SUSSEX,WEALDEN,70418,0.007519362194463697
BEDFORDSHIRE,BEDFORD,43012,0.007159516308890928
WARWICKSHIRE,RUGBY,43698,0.006938485144574873
CHESHIRE,CONGLETON,27899,0.006937954499565123
KENT,TONBRIDGE AND MALLING,48778,0.006847180049221827
CARDIFF,CARDIFF,134115,0.00677502942726986
MID GLAMORGAN,OGWR,1734,0.005769698312611401
NORTHAMPTONSHIRE,NORTHAMPTON,109190,0.005740034523420705
HERTFORDSHIRE,WATFORD,43301,0.005689876674869446
GLOUCESTERSHIRE,STROUD,48915,0.005564871793042721
GREATER LONDON,HOUNSLOW,81725,0.005318963745474824
HERTFORDSHIRE,NORTH HERTFORDSHIRE,55811,0.005283901833942938
NORTHAMPTONSHIRE,EAST NORTHAMPTONSHIRE,44658,0.004259779606043469
OXFORDSHIRE,CHERWELL,67767,0.004120940549862218
WEST YORKSHIRE,LEEDS,299133,0.004118235769480345
MERSEYSIDE,WIRRAL,118954,0.003745195815432753
BLACKPOOL,BLACKPOOL,66558,0.002967557669479913
DEVON,NORTH DEVON,41835,0.0028693697493362828
WEST SUSSEX,CRAWLEY,41736,0.0026820618664510115
NOTTINGHAMSHIRE,GEDLING,47294,0.0023241114671921827
NORTHUMBERLAND,TYNEDALE,15164,0.0019903134069866606
WEST YORKSHIRE,CALDERDALE,85706,0.001770933226867195
STAFFORDSHIRE,STAFFORD,50738,0.0015029785089681845
NORFOLK,BRECKLAND,58722,0.0003434679228149232
BEDFORDSHIRE,MID BEDFORDSHIRE,43895,7.978732193632581e-05
WORCESTERSHIRE,MALVERN HILLS,28355,-0.00016697738465943916
CITY OF PETERBOROUGH,CITY OF PETERBOROUGH,70022,-0.0003536999205272591
NEWPORT,NEWPORT,52233,-0.0007461748706907472
CLWYD,GLYNDWR,438,-0.0008470361354039269
NOTTINGHAMSHIRE,BROXTOWE,43482,-0.0012352986757621749
BUCKINGHAMSHIRE,WYCOMBE,71359,-0.0013818214243604733
SHROPSHIRE,SOUTH SHROPSHIRE,11177,-0.00157271670706784
LEICESTER,LEICESTER,94389,-0.0016016928442915735
WEST SUSSEX,ARUN,84029,-0.0029510355759984354
BUCKINGHAMSHIRE,AYLESBURY VALE,85998,-0.003372503257794685
STOCKTON-ON-TEES,STOCKTON-ON-TEES,75493,-0.003594276246418702
DORSET,WEYMOUTH AND PORTLAND,32787,-0.0036911497091836123
STAFFORDSHIRE,SOUTH STAFFORDSHIRE,34052,-0.0038154826154745917
HAMPSHIRE,EASTLEIGH,58315,-0.0042575252132786515
TYNE AND WEAR,NORTH TYNESIDE,86740,-0.004443907223469107
GLOUCESTERSHIRE,TEWKESBURY,37611,-0.004841514334212828
STAFFORDSHIRE,TAMWORTH,28731,-0.004864203319030855
DERBYSHIRE,AMBER VALLEY,50560,-0.004892446965507812
NORFOLK,SOUTH NORFOLK,55062,-0.004943828486879339
DARLINGTON,DARLINGTON,46539,-0.005017335620938
CAMBRIDGESHIRE,HUNTINGDONSHIRE,82269,-0.005476536280598465
GREATER LONDON,HARROW,74705,-0.00586859415163414
CITY OF DERBY,CITY OF DERBY,87152,-0.006203133049763495
SUFFOLK,FOREST HEATH,28320,-0.006986868043699807
WILTSHIRE,WILTSHIRE,66222,-0.007384393560874132
TORBAY,TORBAY,72531,-0.008035995499840938
SUFFOLK,MID SUFFOLK,42752,-0.008120766394846555
GREATER MANCHESTER,MANCHESTER,181363,-0.008649621223603444
KENT,GILLINGHAM,5712,-0.009038237489468578
GREATER MANCHESTER,BOLTON,98978,-0.009200364765816704
SOUTH YORKSHIRE,SHEFFIELD,181222,-0.009300173909576676
LANCASHIRE,CHORLEY,44582,-0.009307086503821765
WEST YORKSHIRE,BRADFORD,198163,-0.009606394545240524
WEST MIDLANDS,COVENTRY,114432,-0.009657577463917088
AVON,WANSDYKE,1327,-0.010058437409780683
KENT,CANTERBURY,63975,-0.010163120842837145
ESSEX,HARLOW,33165,-0.01077553529457946
LEICESTERSHIRE,NORTH WEST LEICESTERSHIRE,40885,-0.011787122665260132
NORTH YORKSHIRE,SCARBOROUGH,53311,-0.012216376233507555
KENT,SWALE,58820,-0.012259566690416184
LANCASHIRE,LANCASTER,60867,-0.013014259236441504
CITY OF NOTTINGHAM,CITY OF NOTTINGHAM,86361,-0.013585860939588438
NORFOLK,KING'S LYNN AND WEST NORFOLK,66517,-0.014138093870895437
HAMPSHIRE,HAVANT,48596,-0.014166802605745212
WEST YORKSHIRE,WAKEFIELD,115435,-0.01444693348710173
NORTHUMBERLAND,BLYTH VALLEY,22792,-0.014855503413566442
DYFED,PRESELI PEMBROKESHIRE,670,-0.014969467447321225
WARRINGTON,WARRINGTON,80074,-0.015835320886746482
WILTSHIRE,KENNET,20889,-0.01638069365203125
STAFFORDSHIRE,EAST STAFFORDSHIRE,45794,-0.01678588583535088
THE VALE OF GLAMORGAN,THE VALE OF GLAMORGAN,50870,-0.017247506273145728
CHESHIRE EAST,CHESHIRE EAST,51754,-0.01742010733348127
WEST MIDLANDS,DUDLEY,98685,-0.017478615239425965
LANCASHIRE,BLACKBURN,6241,-0.01847204961750698
CUMBRIA,CARLISLE,44729,-0.018548648685299974
HAMPSHIRE,FAREHAM,52974,-0.019003347831410246
NOTTINGHAMSHIRE,NEWARK AND SHERWOOD,47599,-0.019070063239573377
ESSEX,MALDON,28259,-0.019303506679076377
DURHAM,CHESTER-LE-STREET,15899,-0.01933071586326038
SURREY,SPELTHORNE,41217,-0.019465178657788754
WORCESTERSHIRE,WORCESTER,48460,-0.02027377741096185
MERSEYSIDE,LIVERPOOL,150032,-0.02040600116644035
SHROPSHIRE,NORTH SHROPSHIRE,15730,-0.02069133720731972
LINCOLNSHIRE,NORTH KESTEVEN,52249,-0.02093441238784513
HUMBERSIDE,EAST YORKSHIRE,1844,-0.021668561557903993
CONWY,CONWY,46076,-0.02251833286731948
EAST RIDING OF YORKSHIRE,EAST RIDING OF YORKSHIRE,145974,-0.023688419869705015
DYFED,SOUTH PEMBROKESHIRE,500,-0.02390682166849559
ESSEX,BRAINTREE,67057,-0.023950372605810785
DEVON,MID DEVON,32638,-0.024049257605205335
ISLE OF WIGHT,ISLE OF WIGHT,72806,-0.025847569189741636
GWYNEDD,DWYFOR,262,-0.026240622938950246
MERSEYSIDE,ST HELENS,56731,-0.026255486381967674
SUFFOLK,IPSWICH,55687,-0.026264782216757217
ESSEX,COLCHESTER,83877,-0.026317363174673637
LINCOLNSHIRE,LINCOLN,43741,-0.0263204397629926
SHROPSHIRE,SHREWSBURY AND ATCHAM,28142,-0.026364149914995305
LANCASHIRE,SOUTH RIBBLE,45432,-0.026495359210940574
DEVON,WEST DEVON,23279,-0.02666720314756067
BEDFORDSHIRE,NORTH BEDFORDSHIRE,2801,-0.027233936025474456
SOMERSET,SOUTH SOMERSET,72442,-0.027469539995668868
CLWYD,DELYN,818,-0.02784244312799768
GWYNEDD,GWYNEDD,38939,-0.027882130540389884
REDCAR AND CLEVELAND,REDCAR AND CLEVELAND,46654,-0.02797617216027605
CORNWALL,KERRIER,26881,-0.02799351879321714
WREKIN,WREKIN,57607,-0.028054898669218876
NOTTINGHAMSHIRE,BASSETLAW,42743,-0.028116016060281995
WORCESTERSHIRE,WYRE FOREST,36493,-0.028783461021243493
HEREFORDSHIRE,HEREFORDSHIRE,62218,-0.028792572920217915
AVON,KINGSWOOD,1498,-0.028892472842525503
GWYNEDD,ABERCONWY,866,-0.02890709075240822
WEST MIDLANDS,WALSALL,76878,-0.029031624012520574
SOUTH YORKSHIRE,BARNSLEY,83172,-0.02951270399636607
GREATER LONDON,SUTTON,85758,-0.030127909380365202
WEST YORKSHIRE,KIRKLEES,151424,-0.03152121219980144
GREATER LONDON,BROMLEY,139391,-0.03156527840682976
KENT,DOVER,46668,-0.03254677166095359
CHESHIRE,CREWE AND NANTWICH,35005,-0.03309531953616489
KENT,SHEPWAY,49894,-0.03411927082668594
WORCESTERSHIRE,REDDITCH,33213,-0.034273643986314245
CLWYD,ALYN AND DEESIDE,990,-0.03470247003948252
WEST MIDLANDS,WOLVERHAMPTON,66596,-0.03470637106360604
SWANSEA,SWANSEA,83490,-0.03510701600455754
NOTTINGHAMSHIRE,NOTTINGHAM,11200,-0.03567702664949579
LANCASHIRE,ROSSENDALE,27232,-0.036232721873963765
GREATER MANCHESTER,TAMESIDE,78787,-0.03625011666093697
TYNE AND WEAR,SUNDERLAND,88816,-0.036943059459558995
GREATER LONDON,GREENWICH,87847,-0.0371172582094396
WILTSHIRE,WEST WILTSHIRE,43417,-0.037171289859702
SOUTH YORKSHIRE,DONCASTER,105819,-0.0388299631355273
AVON,NORTHAVON,2846,-0.039288927864038044
NORFOLK,GREAT YARMOUTH,41239,-0.03970446927357478
BEDFORDSHIRE,SOUTH BEDFORDSHIRE,39978,-0.03973206637634679
COUNTY DURHAM,COUNTY DURHAM,57023,-0.039839487311988483
WREXHAM,WREXHAM,39116,-0.03988527763690722
GWYNEDD,ARFON,604,-0.040012363468011104
STAFFORDSHIRE,NEWCASTLE-UNDER-LYME,41875,-0.04051327894690822
GREATER MANCHESTER,WIGAN,113221,-0.041088833725321176
SOUTH GLAMORGAN,VALE OF GLAMORGAN,1775,-0.04113984068022862
AVON,WOODSPRING,3650,-0.04128808327673575
GREATER MANCHESTER,OLDHAM,76576,-0.04136320273305039
KENT,ROCHESTER UPON MEDWAY,8047,-0.04139157695428584
GREATER MANCHESTER,SALFORD,91365,-0.041516671571125485
HALTON,HALTON,39626,-0.04196503369743519
NORTHUMBERLAND,NORTHUMBERLAND,37371,-0.042083605187286655
DERBYSHIRE,CHESTERFIELD,36946,-0.042850822991070445
DERBYSHIRE,NORTH EAST DERBYSHIRE,32122,-0.04316715829918253
CUMBRIA,COPELAND,24642,-0.04331829682226078
CHESHIRE,VALE ROYAL,34622,-0.04345268208584997
GREATER LONDON,CROYDON,138675,-0.043543129391944435
CAERPHILLY,CAERPHILLY,54501,-0.04371215508815447
BRIDGEND,BRIDGEND,47647,-0.04386345001096736
TYNE AND WEAR,GATESHEAD,70049,-0.044210650199410055
STOKE-ON-TRENT,STOKE-ON-TRENT,93611,-0.04421443413824984
STAFFORDSHIRE,CANNOCK CHASE,35318,-0.04476382722395763
CHESHIRE,ELLESMERE PORT AND NESTON,19526,-0.04491021761661725
DEVON,TORRIDGE,30568,-0.04511855740776407
LINCOLNSHIRE,BOSTON,27299,-0.04513961460421617
DURHAM,DERWENTSIDE,24580,-0.04521589212368251
GREATER MANCHESTER,ROCHDALE,68119,-0.04537615948950017
CHESHIRE WEST AND CHESTER,CHESHIRE WEST AND CHESTER,41153,-0.04609880215664152
TYNE AND WEAR,SOUTH TYNESIDE,45754,-0.04650825153240171
GREATER LONDON,REDBRIDGE,97886,-0.046548261916774004
NORTH YORKSHIRE,SELBY,35220,-0.046549674280644715
DERBYSHIRE,EREWASH,47201,-0.046557265575564985
GLOUCESTERSHIRE,FOREST OF DEAN,30734,-0.0468209344887698
NORTHAMPTONSHIRE,WELLINGBOROUGH,33309,-0.04698796549288291
HUMBERSIDE,HOLDERNESS,826,-0.04710463786147537
SOUTH YORKSHIRE,ROTHERHAM,83381,-0.04712100898760327
LANCASHIRE,PRESTON,53780,-0.04725433040046009
SHROPSHIRE,SHROPSHIRE,37307,-0.047528601940156234
STAFFORDSHIRE,STAFFORDSHIRE MOORLANDS,34653,-0.04834131840208721
BLACKBURN WITH DARWEN,BLACKBURN WITH DARWEN,48317,-0.049287572507196765
CLWYD,COLWYN,840,-0.04929328669473281
NORTHAMPTONSHIRE,KETTERING,48170,-0.0498679544060166
HAMPSHIRE,GOSPORT,39721,-0.05011873792166615
GLOUCESTERSHIRE,GLOUCESTER,56150,-0.05152757592223809
WEST MIDLANDS,SANDWELL,87804,-0.05178274440974777
DEVON,PLYMOUTH,12486,-0.05260159463705501
HEREFORD AND WORCESTER,HEREFORD,2851,-0.053050830506617574
KENT,THANET,65695,-0.05339132025422649
GREATER LONDON,WALTHAM FOREST,88480,-0.05467132111682801
HUMBERSIDE,CLEETHORPES,1320,-0.054736892780227
DERBYSHIRE,SOUTH DERBYSHIRE,42724,-0.05498264795331927
GREATER LONDON,LEWISHAM,103397,-0.05545799611927339
EAST SUSSEX,HASTINGS,48314,-0.05556899243258575
CUMBRIA,BARROW-IN-FURNESS,31156,-0.05672170466320321
NORTHAMPTONSHIRE,CORBY,24994,-0.05700100714495389
DYFED,DINEFWR,307,-0.05788714534886363
GREATER LONDON,HILLINGDON,98636,-0.05817854191925581
NOTTINGHAMSHIRE,ASHFIELD,47979,-0.06005342447848726
DENBIGHSHIRE,DENBIGHSHIRE,34526,-0.0604457050093294
SUFFOLK,WAVENEY,52354,-0.060634767701639225
LINCOLNSHIRE,EAST LINDSEY,60272,-0.06072552645850481
CLEVELAND,LANGBAURGH-ON-TEES,1765,-0.060773973501838156
LINCOLNSHIRE,WEST LINDSEY,38104,-0.061316770011148644
BLAENAU GWENT,BLAENAU GWENT,18548,-0.06198654060677453
DERBYSHIRE,DERBY,7548,-0.062208517764383985
GREATER LONDON,ENFIELD,111389,-0.06307070383932749
NORTH EAST LINCOLNSHIRE,NORTH EAST LINCOLNSHIRE,64109,-0.06317621712329609
DYFED,CARMARTHEN,477,-0.06342287569196552
NORTH LINCOLNSHIRE,NORTH LINCOLNSHIRE,59091,-0.06356331365411627
MERSEYSIDE,KNOWSLEY,40602,-0.06370179086021027
SHROPSHIRE,THE WREKIN,9000,-0.06462021097065519
RHONDDA CYNON TAFF,RHONDDA CYNON TAFF,77301,-0.06482022351441334
ESSEX,TENDRING,74586,-0.06500280748601299
DURHAM,SEDGEFIELD,24218,-0.0650285075989219
HERTFORDSHIRE,STEVENAGE,32578,-0.06503551487828706
CAMBRIDGESHIRE,FENLAND,46181,-0.06666673506918595
HUMBERSIDE,BOOTHFERRY,985,-0.06796726588837547
HUMBERSIDE,GLANFORD,1125,-0.06855157019118702
WARWICKSHIRE,NUNEATON AND BEDWORTH,49326,-0.068623143583023
DERBYSHIRE,BOLSOVER,29186,-0.0697433936613508
POWYS,BRECKNOCK,435,-0.06988854079782188
DYFED,LLANELLI,840,-0.07024239859164401
HUMBERSIDE,SCUNTHORPE,705,-0.07112605343267886
GREATER LONDON,BARKING AND DAGENHAM,55982,-0.07164990073945357
LINCOLNSHIRE,SOUTH HOLLAND,41929,-0.0743748478297829
CLWYD,WREXHAM MAELOR,1224,-0.07567501893372823
CITY OF KINGSTON UPON HULL,CITY OF KINGSTON UPON HULL,90482,-0.07638600126034327
HUMBERSIDE,KINGSTON UPON HULL,3780,-0.07740630042744324
SHROPSHIRE,OSWESTRY,11096,-0.07756334514044816
TORFAEN,TORFAEN,26825,-0.07838599426734806
MIDDLESBROUGH,MIDDLESBROUGH,49014,-0.08067518309066771
ISLE OF WIGHT,SOUTH WIGHT,394,-0.08165102707663663
ESSEX,CASTLE POINT,37038,-0.0819458360715303
GREATER LONDON,NEWHAM,80890,-0.08234944732088156
GWYNEDD,YNYS MON-ISLE OF ANGLESEY,780,-0.08408817847447828
FLINTSHIRE,FLINTSHIRE,48360,-0.087909552798479
CEREDIGION,CEREDIGION,20973,-0.08797359710722162
LANCASHIRE,BURNLEY,45112,-0.08815775359210679
LANCASHIRE,HYNDBURN,35825,-0.08871315784585306
GREATER LONDON,BEXLEY,91118,-0.08997630226004238
ISLE OF WIGHT,MEDINA,481,-0.09006811606287278
HUMBERSIDE,GREAT GRIMSBY,1347,-0.09008252791733211
HEREFORD AND WORCESTER,LEOMINSTER,1913,-0.09236059764617731
MID GLAMORGAN,RHONDDA,745,-0.09304333162859516
GWYNEDD,MEIRIONNYDD,392,-0.0958850783814394
GREATER LONDON,HAVERING,88094,-0.09600211723965854
DURHAM,WEAR VALLEY,17988,-0.0961799107648866
MID GLAMORGAN,CYNON VALLEY,627,-0.10082472501659852
MID GLAMORGAN,RHYMNEY VALLEY,1256,-0.10155395233197052
HEREFORD AND WORCESTER,SOUTH HEREFORDSHIRE,3116,-0.10385964368954047
LANCASHIRE,PENDLE,40452,-0.10458214263622777
DURHAM,EASINGTON,23627,-0.11178912611861044
WEST GLAMORGAN,PORT TALBOT,478,-0.11314591782775099
ISLE OF ANGLESEY,ISLE OF ANGLESEY,22297,-0.11365901798419517
CARMARTHENSHIRE,CARMARTHENSHIRE,54991,-0.11496487065904848
CAMBRIDGESHIRE,PETERBOROUGH,9115,-0.11610478155320259
NEATH PORT TALBOT,NEATH PORT TALBOT,43787,-0.11838470385707346
PEMBROKESHIRE,PEMBROKESHIRE,38903,-0.12164905560094567
NOTTINGHAMSHIRE,MANSFIELD,40948,-0.12231695615051981
MERTHYR TYDFIL,MERTHYR TYDFIL,16722,-0.1241287152067977
WEST GLAMORGAN,NEATH,770,-0.12679055445466833
NORTHUMBERLAND,WANSBECK,17689,-0.13001350449395038
HARTLEPOOL,HARTLEPOOL,35933,-0.14442080621064163
POWYS,POWYS,37257,-0.1528144727766871
WEST GLAMORGAN,LLIW VALLEY,800,-0.1539171810290441
POWYS,MONTGOMERYSHIRE,567,-0.1630998124669643
CLWYD,RHUDDLAN,861,-0.17589621101917652
GWENT,ISLWYN,668,-0.24747625842372048
