county,district,n_sales,median_price,avg_price,iqr_price,new_build_rate,freehold_rate,share_flat,share_semi,share_detached,share_terraced,share_other,district_segment
DORSET,PURBECK,19651,175500.0,204350.81522568825,145500.0,0.07801129713500585,0.7868301867589436,0.20635082184112769,0.19429036690244772,0.38237239835122894,0.2104218614828762,0.006564551422319475,0
WORCESTERSHIRE,BROMSGROVE,38021,160000.0,194180.80358223087,135100.0,0.11709318534494095,0.8592619867967702,0.08166539543936245,0.3189553141684858,0.3873122747955077,0.20691196970095474,0.005155045895689225,1
WARWICKSHIRE,WARWICK,64365,164000.0,198800.0821409151,138500.0,0.1268546570341024,0.7701390507263264,0.2114969315621844,0.29138506952536314,0.2415443175638934,0.2517361920298299,0.003837489318729123,0
PORTSMOUTH,PORTSMOUTH,90377,120000.0,135814.65629529636,96000.0,0.058809210307932326,0.717040840036735,0.27450568175531387,0.10524801664140213,0.034090531883111855,0.5827146287219094,0.0034411409982628323,0
OXFORDSHIRE,WEST OXFORDSHIRE,44953,190000.0,230769.2237670456,148500.0,0.12610949213623118,0.8700642893688963,0.11747825506640269,0.3037394612150468,0.3143060529886771,0.2596934576112829,0.004782773118590528,0
OXFORDSHIRE,SOUTH OXFORDSHIRE,62003,202000.0,266445.4402045062,196500.0,0.08815702466009709,0.8704740093221296,0.11615566988694095,0.32087157073044853,0.3135816008902795,0.2458268148315404,0.003564343660790607,0
HERTFORDSHIRE,ST ALBANS,64853,248500.0,317508.3391516198,242500.0,0.08005797727167595,0.749895918461752,0.24393628667910505,0.2546219912725703,0.2232279154395325,0.2749448753334464,0.003268931275345782,0
NORTHUMBERLAND,BLYTH VALLEY,22792,66000.0,79601.28360828361,61550.0,0.10876623376623376,0.5892418392418393,0.13943488943488944,0.34213759213759215,0.19493681993681994,0.3234906984906985,0.0,1
NORTH SOMERSET,NORTH SOMERSET,98424,149950.0,174003.95751036334,127450.0,0.1263208160611233,0.7959135983093555,0.19650694952450623,0.2727281963748679,0.3001198894578558,0.2273327643664147,0.0033122002763553604,0
LEICESTERSHIRE,HARBOROUGH,40251,150000.0,188406.0122232988,138050.0,0.16831879953293086,0.9442995205088073,0.0476261459342625,0.2770862835705945,0.4755161362450622,0.19587091003950213,0.003900524210578619,1
WORCESTERSHIRE,WYCHAVON,48891,156000.0,189620.39348755396,140005.0,0.1342782925282772,0.8858685647665214,0.0900574747908613,0.2754085619030087,0.4338017221983596,0.1953938352662044,0.0053384058415659325,1
SOUTH YORKSHIRE,ROTHERHAM,83381,84950.0,102476.22496731869,80000.0,0.12814670008754991,0.8408510332090045,0.03747856226238592,0.44680442786725993,0.26252983293556087,0.24952926925798444,0.003657907676808865,1
STAFFORDSHIRE,TAMWORTH,28731,107000.0,119088.67258362049,82950.0,0.12133235877623473,0.7716055828199506,0.08715324910375552,0.38710800180989174,0.28178622393929903,0.2398454630886499,0.004107062058403815,1
KENT,SHEPWAY,49894,135000.0,159111.54703972422,121995.0,0.08095161742894938,0.7893734717601315,0.20567603319036357,0.24638233054074637,0.26221589770313064,0.2815368581392552,0.004188880426504189,0
CAMBRIDGESHIRE,EAST CAMBRIDGESHIRE,37597,150000.0,172822.8405723861,125995.0,0.17722158682873634,0.9382663510386468,0.049392238742452854,0.27313349469372555,0.41620342048567704,0.2582120913902705,0.0030587546878740324,1
EAST SUSSEX,LEWES,46243,171000.0,203769.9369634323,154000.0,0.05053737863027918,0.8073654390934845,0.19060182081612353,0.2554765045520403,0.3184481975650369,0.22950500616309497,0.005968470903704344,0
WREXHAM,WREXHAM,39116,107500.0,123111.48724307188,87550.0,0.12667450659576643,0.9260660599243277,0.04571019531649453,0.3616678596993558,0.3532825442274261,0.2342008385315472,0.0051385622251763985,1
HAMPSHIRE,NEW FOREST,83892,180000.0,226216.87146569398,163000.0,0.06137653173127354,0.8281480951699804,0.15903781051828542,0.2144542983836361,0.422281027988366,0.19931578696419205,0.004911076145520431,0
TYNE AND WEAR,SUNDERLAND,88816,79950.0,98178.48407944514,76495.0,0.09778643487659881,0.7865362096919474,0.10152450009007385,0.3411885245901639,0.1439155107187894,0.4088565123401189,0.0045149522608539,1
NOTTINGHAMSHIRE,MANSFIELD,40948,82000.0,96096.6075021979,75500.0,0.1276008596268438,0.9556510696493113,0.03948910813714956,0.3944026570284263,0.3133486372960828,0.24958483930839112,0.0031747582299501806,1
GLOUCESTERSHIRE,STROUD,48915,150000.0,186113.61610957785,140050.0,0.09706633956863947,0.8979045282633139,0.09577839108657876,0.29201676377389346,0.34322804865583156,0.2641725442093427,0.004804252274353471,1
DURHAM,EASINGTON,23627,57000.0,71453.04308629957,58500.0,0.1370889236889999,0.9693147670038516,0.016125618995217337,0.28907605705337114,0.190840987006391,0.5039573369450205,0.0,1
ESSEX,HARLOW,33165,135500.0,154839.81640283432,106500.0,0.13330318106437508,0.7574853007688829,0.23051409618573798,0.14822855419870345,0.12262927785315846,0.4958239107492839,0.002804161013116237,0
KENT,SEVENOAKS,43156,220000.0,300051.97212438594,214000.0,0.07319955510241913,0.8554082862174437,0.13288998053573084,0.2745852256928353,0.3026230419872092,0.2843868755213644,0.0055148762628603205,0
DEVON,EAST DEVON,68981,168000.0,198932.2721474029,150950.0,0.10192661747437701,0.8327365506443803,0.1587393630130036,0.21160899378089618,0.369696003247271,0.255621113060118,0.004334526898711239,0
HAMPSHIRE,RUSHMOOR,42145,158500.0,178509.1023608969,118500.0,0.10758097045912919,0.7289832720370151,0.2637086249851702,0.28110096096808634,0.15197532328864635,0.299798315339898,0.0034167754181990747,0
CHESHIRE,ELLESMERE PORT AND NESTON,19526,90000.0,111273.56657789614,82000.0,0.10283724265082454,0.9201065246338216,0.04860186418109188,0.4226672129468401,0.31788384717812146,0.21084707569394653,0.0,1
SURREY,MOLE VALLEY,35055,250000.0,325144.07117386966,254000.0,0.06974753958065896,0.7864213378975895,0.20445014976465553,0.27319925830837255,0.34796747967479674,0.16773641420624733,0.006646698045927828,0
SHROPSHIRE,SHREWSBURY AND ATCHAM,28142,97000.0,119919.48528889204,92050.0,0.09579987207732216,0.8915499964465923,0.09821618932556321,0.34311704925023095,0.29209011441972854,0.2665766470044773,0.0,1
SHROPSHIRE,THE WREKIN,9000,47250.0,54529.72833333333,32762.5,0.23966666666666667,0.9165555555555556,0.056666666666666664,0.31077777777777776,0.37366666666666665,0.2588888888888889,0.0,1
HEREFORD AND WORCESTER,LEOMINSTER,1913,62500.0,73479.12441191846,43000.0,0.18714061683220073,0.9649764767381077,0.0334553058024046,0.24464192368008364,0.5190799790904339,0.20282279142707788,0.0,1
MID GLAMORGAN,OGWR,1734,44000.0,48667.45271049596,23983.75,0.20011534025374855,0.8765859284890427,0.034025374855824686,0.3788927335640138,0.209919261822376,0.3771626297577855,0.0,1
EAST SUSSEX,HOVE,5123,53000.0,61794.47550263518,36050.0,0.06773374975600234,0.4895569002537576,0.4979504196759711,0.20593402303337888,0.0907671286355651,0.2053484286550849,0.0,0
GREATER LONDON,HILLINGDON,98636,191000.0,235176.378046555,158950.0,0.06606107303621396,0.6876799545804777,0.2993329007664544,0.33250537329169877,0.11240317936655987,0.2520682103897157,0.003690336185571191,0
WEST SUSSEX,CRAWLEY,41736,153950.0,175956.805515622,120000.0,0.10257331799884992,0.7784406747172704,0.21564117308798159,0.19458021851638874,0.15070921985815602,0.4355472493770366,0.0035221391604370327,0
CHESHIRE,MACCLESFIELD,49257,130000.0,176120.63353432,133500.0,0.08140974886818117,0.6448626591144406,0.12298759567168119,0.25868404490732283,0.31739651217085896,0.30093184725013705,0.0,0
SOMERSET,SEDGEMOOR,52762,127950.0,149543.4939918881,108000.0,0.12245555513437702,0.8956635457336719,0.09343845949736553,0.27938667980743714,0.3243622303930859,0.29888935218528484,0.003923278116826504,1
BOURNEMOUTH,BOURNEMOUTH,103944,145100.0,168830.62514430846,130000.0,0.0791387670283999,0.5048583852843839,0.4944489340414069,0.1213153236358039,0.30899330408681597,0.0716635880858924,0.0035788501500808125,0
SURREY,SURREY HEATH,39790,215000.0,269807.7112088464,189500.0,0.08326212616235235,0.8028147775823071,0.18909273686855993,0.25722543352601157,0.3836391053028399,0.16675043980899723,0.0032922844935913548,0
CHESHIRE,CONGLETON,27899,102000.0,123950.90608982401,93050.0,0.1277465142119789,0.8890641241621563,0.05351446288397434,0.3484354277931109,0.39617907451879997,0.20187103480411484,0.0,1
DORSET,CHRISTCHURCH,26206,185000.0,215236.50358696483,160987.5,0.07177745554453178,0.7672288788826986,0.21697321224147142,0.17263222162863467,0.4177669236052812,0.19022361291307335,0.002404029611539342,0
CAERPHILLY,CAERPHILLY,54501,82500.0,95941.6617493257,74000.0,0.1144749637621328,0.9177262802517385,0.021797765178620577,0.3368195078989376,0.21344562485092017,0.4238454340287334,0.004091668042788206,1
GREATER LONDON,REDBRIDGE,97886,186000.0,219063.26911917946,164500.0,0.07109290399035613,0.6693602762397074,0.3220174488690926,0.17159757268659462,0.0399546411131316,0.46313058047116035,0.0032997568600208406,0
NORTH YORKSHIRE,SELBY,35220,126000.0,148088.27819420784,108262.5,0.14469051675184555,0.950397501419648,0.04102782509937535,0.32734241908006817,0.4079784213515048,0.220244179443498,0.0034071550255536627,1
ESSEX,CHELMSFORD,74349,170000.0,203277.93977054165,149995.0,0.08889157890489448,0.7767555716956516,0.21023820091729545,0.285558649073962,0.2685039475984882,0.23268638448398768,0.003012817926266661,0
DERBYSHIRE,BOLSOVER,29186,77000.0,94133.07390529706,72000.0,0.12951415062016036,0.9839991776879325,0.008565750702391557,0.3772013979305146,0.31426026176934146,0.29592955526622355,0.004043034331528815,1
KENT,DARTFORD,43318,160000.0,182812.98771873125,136000.0,0.16332702340828292,0.7453483540329655,0.24604090678239993,0.24384782307585762,0.1157486495221386,0.38988411283992797,0.004478507779675885,0
CHESHIRE,CHESTER,34883,110000.0,134428.70317919904,103500.0,0.10337413639881891,0.855058337872316,0.1209184989823123,0.3649055413811885,0.25740331966860647,0.2567726399678927,0.0,1
NORTHUMBERLAND,BERWICK-UPON-TWEED,6943,81800.0,107273.13841278986,90050.0,0.08252916606654184,0.8755581160881464,0.10139709059484373,0.3138412789860291,0.2752412501800374,0.30952038023908973,0.0,1
COUNTY DURHAM,COUNTY DURHAM,57023,101995.0,127794.96389176298,90000.0,0.12866737982919174,0.9183838100415622,0.038966732721884154,0.289532293986637,0.2292057590796696,0.4276695368535503,0.014625677358258949,1
CLWYD,WREXHAM MAELOR,1224,45000.0,51646.044117647056,25000.0,0.11519607843137254,0.9795751633986928,0.015522875816993464,0.4084967320261438,0.3423202614379085,0.23366013071895425,0.0,1
AVON,WANSDYKE,1327,60000.0,75100.18538055765,40500.0,0.1657874905802562,0.9208741522230596,0.06480783722682742,0.29917106254709874,0.3571966842501884,0.2788244159758855,0.0,1
CLWYD,RHUDDLAN,861,42000.0,46795.529616724736,19650.0,0.09872241579558652,0.9488966318234611,0.04529616724738676,0.40185830429732866,0.4529616724738676,0.09988385598141696,0.0,1
DYFED,SOUTH PEMBROKESHIRE,500,48000.0,51471.528,25445.0,0.116,0.862,0.1,0.214,0.424,0.262,0.0,1
GREATER MANCHESTER,TAMESIDE,78787,83000.0,95517.52616548416,74650.0,0.08566134006879307,0.645944127838349,0.056735248200845315,0.3348521964283448,0.11996903042380089,0.48442001853097594,0.004023506416033102,0
LINCOLNSHIRE,LINCOLN,43741,90000.0,103975.75414370956,78000.0,0.10198669440570632,0.9229098557417525,0.0707802747993873,0.29750120024690796,0.21060332411238883,0.4172744107359228,0.0038407901053931093,1
NORTH LINCOLNSHIRE,NORTH LINCOLNSHIRE,59091,88000.0,103202.55648068234,77000.0,0.12000135384407101,0.9709938907786295,0.019004586146790542,0.41337936403174763,0.3807347988695402,0.18315817975664653,0.0037230711952750844,1
LUTON,LUTON,77774,115000.0,125629.83560058632,95005.0,0.03514027824208604,0.8294288579731015,0.15586185614729858,0.39199475403091005,0.10522796821559904,0.3418366034921696,0.005078818114022681,0
CUMBRIA,BARROW-IN-FURNESS,31156,66500.0,82786.08531262036,71000.0,0.04130825523173706,0.9776608036975222,0.024232892540762614,0.269803569135961,0.10678520991141353,0.5956477083065862,0.0035306201052766723,1
ESSEX,BASILDON,74013,142000.0,175764.1323145934,129750.0,0.11183170524097118,0.8185994352343507,0.1706051639576831,0.2462135030332509,0.2255684812127599,0.35432964479213114,0.0032832070041749423,0
NOTTINGHAMSHIRE,ASHFIELD,47979,85000.0,99086.70324516976,72500.0,0.15738135434252484,0.9748014756455949,0.02173867733800204,0.3702661581108402,0.3197440546905938,0.2843744138060401,0.003876696054523854,1
KENT,SWALE,58820,130000.0,148964.1841550493,109000.0,0.12516150969058143,0.9108296497789867,0.08575314518871133,0.2817749064943897,0.23140088405304318,0.3964297857871472,0.004641278476708603,1
LANCASHIRE,SOUTH RIBBLE,45432,110000.0,123122.67051857722,90000.0,0.12455978165169924,0.8210072195809122,0.0497666842754006,0.43799524564183834,0.27115249163585137,0.23734372248635324,0.003741855960556436,1
SOUTH YORKSHIRE,SHEFFIELD,181222,95500.0,125211.80545408394,88000.0,0.09019324364591495,0.4574610146670934,0.13273774707265124,0.3518943616117248,0.16541589873194204,0.34505192526293715,0.004900067320744722,0
HERTFORDSHIRE,STEVENAGE,32578,140000.0,155127.05304193014,106000.0,0.11268340597949536,0.8202467923138315,0.17536374240284855,0.16333108232549573,0.12944318251580822,0.5284854809994475,0.0033765117564000247,0
DURHAM,DURHAM,22660,80000.0,101426.44099735217,79950.0,0.14545454545454545,0.8332303618711385,0.07471315092674316,0.38684907325684026,0.22802294792586056,0.310414827890556,0.0,1
HERTFORDSHIRE,WATFORD,43301,170000.0,203686.06782753285,143000.0,0.10420082677074433,0.618438373247731,0.37105378628669083,0.20225860834622758,0.08071407126856192,0.3416780212928108,0.004295512805708875,0
HERTFORDSHIRE,THREE RIVERS,36273,227500.0,299816.9401483197,217000.0,0.1040167617787335,0.7878587379042263,0.20309872356849448,0.29901028313070327,0.24494803297218318,0.24966228324097814,0.003280677087640945,0
NORTHAMPTONSHIRE,KETTERING,48170,108500.0,126550.8804027403,94225.0,0.14448827070790948,0.9268216732406062,0.06367033423292506,0.3156944156113764,0.29848453394228774,0.31000622794270294,0.01214448827070791,1
LEICESTERSHIRE,MELTON,20805,126950.0,153668.14890651286,108250.0,0.10247536649843787,0.9663542417688056,0.026051429944724827,0.35270367700072097,0.4159577024753665,0.20168228791155973,0.003604902667627974,1
HUMBERSIDE,GLANFORD,1125,43500.0,48912.080888888886,24000.0,0.1768888888888889,0.9893333333333333,0.008888888888888889,0.3848888888888889,0.44266666666666665,0.16355555555555557,0.0,1
CLEVELAND,LANGBAURGH-ON-TEES,1765,42500.0,46229.934844192634,22000.0,0.10538243626062323,0.9563739376770538,0.03002832861189802,0.43286118980169974,0.19206798866855523,0.345042492917847,0.0,1
GWYNEDD,ABERCONWY,866,46500.0,53281.30369515011,28337.5,0.1697459584295612,0.8868360277136259,0.08198614318706697,0.36374133949191684,0.3533487297921478,0.20092378752886836,0.0,1
NOTTINGHAMSHIRE,GEDLING,47294,105000.0,123716.7724658519,90000.0,0.07447033450331966,0.9134351080475325,0.07533725208271662,0.3566414344314289,0.3480568359622785,0.21776546707827632,0.0021990104452996153,1
MEDWAY,MEDWAY,97025,132500.0,149371.06493171863,95045.0,0.07318732285493429,0.87017778922958,0.11998969337799537,0.2586343725843855,0.12158721978871424,0.49638752898737437,0.0034011852615305335,0
MILTON KEYNES,MILTON KEYNES,121296,139000.0,164775.60942652685,129612.5,0.17530668777206174,0.814800158290463,0.14111759662313678,0.27437013586598075,0.29292804379369475,0.2885091017016225,0.003075122015565229,0
NORTHAMPTONSHIRE,WELLINGBOROUGH,33309,107000.0,125101.65441772495,92000.0,0.10663784562730794,0.9338016752229127,0.05731183764147828,0.33720616049716295,0.2769521750878141,0.3241766489537362,0.0043531778198084604,1
POWYS,POWYS,37257,120000.0,139628.41812276887,109000.0,0.08073650589151032,0.9721931449123654,0.02399549078025606,0.2520063343801165,0.4674557801218563,0.2465576938561881,0.009984700861583058,1
DERBYSHIRE,HIGH PEAK,37477,117500.0,136182.54313312165,100000.0,0.08928142594124397,0.6194732769431919,0.08546575232809457,0.2872161592443365,0.23814606291859006,0.38482269125063373,0.004349334258345119,0
LEICESTERSHIRE,NORTH WEST LEICESTERSHIRE,40885,120000.0,141177.98544698543,100000.0,0.16722514369573194,0.966760425583955,0.025950837715543598,0.31324446618564267,0.41871101871101873,0.23744649627002568,0.004647181117769353,1
HAMPSHIRE,WINCHESTER,48734,224000.0,284944.33885993354,202937.5,0.1300119013419789,0.8328887429720524,0.15865720031189723,0.22446341363319244,0.3421430623384085,0.26987318914925923,0.004863134567242582,0
WREKIN,WREKIN,57607,112000.0,126665.31254882218,87368.5,0.15128369816168175,0.9124932733869148,0.06504417865884354,0.3107608450361935,0.33577516621243947,0.28359400767267867,0.0048258024198448105,1
THE VALE OF GLAMORGAN,THE VALE OF GLAMORGAN,50870,124850.0,154246.14843719284,114050.0,0.11283664242185965,0.8222724592097503,0.11570670336150973,0.27814035777471985,0.2628268134460389,0.33988598388047964,0.0034401415372518184,1
CITY OF BRISTOL,CITY OF BRISTOL,174853,144000.0,174385.45905989603,118500.0,0.0799700319697117,0.6572892658404489,0.29288602426037874,0.21805745397562523,0.05063682064362636,0.43393021566687445,0.004489485453495222,0
NORFOLK,NORWICH,56864,119995.0,135723.49562113112,97500.0,0.09121764209341587,0.7477314293753518,0.2262767304445695,0.20835678109172764,0.12209833989870568,0.4388541080472707,0.004414040517726505,0
KENT,ASHFORD,52024,157995.0,190255.3462632631,125000.0,0.17666846071044134,0.9084076580039981,0.08498000922651085,0.2844456404736276,0.3346916807627249,0.2910771951407043,0.004805474396432416,1
GLOUCESTERSHIRE,TEWKESBURY,37611,150000.0,180187.62340804553,130050.0,0.1427773789582835,0.9092020951317433,0.0826353992183138,0.32370848953763526,0.3276169205817447,0.2614926484273218,0.004546542234984446,1
GREATER MANCHESTER,SALFORD,91365,92000.0,111044.83525420018,82000.0,0.17059048869917365,0.4542001860668746,0.24949378864992064,0.3000820883270399,0.0998412959010562,0.34468341268538283,0.005899414436600449,0
OXFORDSHIRE,VALE OF WHITE HORSE,48863,198000.0,240609.24382457073,165000.0,0.11526103595767759,0.8414751447925833,0.14035159527658964,0.3084951804023494,0.33911139307860755,0.20790782391584633,0.004134007326607044,0
LEICESTER,LEICESTER,94389,97000.0,112391.84307493459,80500.0,0.09554079394844739,0.8814056722711333,0.1020563836887773,0.3318183262880208,0.10843424551589698,0.44838911313818347,0.009301931369121401,0
GREATER LONDON,BROMLEY,139391,210000.0,261387.89645672962,190005.0,0.050878464176309805,0.6630915912792074,0.33333572468810757,0.26521798394444407,0.15223364492686042,0.24657976483417152,0.002632881606416483,0
WEST MIDLANDS,SOLIHULL,80317,160000.0,201716.09076534232,145500.0,0.09874621811073621,0.7403787492062701,0.167561039381451,0.3397786271897606,0.2899012662325535,0.19943473984337065,0.0033243273528642753,0
LANCASHIRE,WEST LANCASHIRE,36261,118000.0,141436.35302391,110000.0,0.10868426132759715,0.8091889357712142,0.05421803039077797,0.37221808554645486,0.33065828300377814,0.23838283555334933,0.004522765505639668,1
HARTLEPOOL,HARTLEPOOL,35933,68000.0,87847.26173712187,76500.0,0.144908579856956,0.9362424512286756,0.049564467202849745,0.29549439234130187,0.20660674032226645,0.4432415885119528,0.005092811621629143,1
HAMPSHIRE,HAVANT,48596,143000.0,168024.35941229732,130000.0,0.06387356984113919,0.843999506132192,0.1520495514034077,0.2879455099185118,0.28348012182072596,0.27368507696106675,0.00283973989628776,0
NORTH YORKSHIRE,CRAVEN,24505,130000.0,157709.10965109162,124000.0,0.09128749234850031,0.9294837788206488,0.060191797592328095,0.2686798612528056,0.2239542950418282,0.4418281983268721,0.005345847786166089,1
CORNWALL,CARRICK,28512,120000.0,150859.79001823792,128000.0,0.09041806958473625,0.8464506172839507,0.1366442199775533,0.21282267115600448,0.3452581369248036,0.3052749719416386,0.0,1
BEDFORDSHIRE,BEDFORD,43012,116000.0,134705.05735608668,99000.0,0.10936482841997582,0.8565516600018599,0.13656653957035245,0.29761461917604387,0.2615084162559286,0.3043104249976751,0.0,1
DERBYSHIRE,SOUTH DERBYSHIRE,42724,118000.0,138476.54484598822,97000.0,0.2072605561277034,0.9573307742720719,0.03300252785319727,0.3263505289766876,0.41873420091751706,0.21896358018912088,0.0029491620634772026,1
LANCASHIRE,RIBBLE VALLEY,23593,131950.0,163328.11333870215,135000.0,0.10965116771923876,0.694104183444242,0.04539482049760522,0.2547789598609757,0.30623490018225746,0.3891408468613572,0.004450472597804433,1
BLAENAU GWENT,BLAENAU GWENT,18548,56000.0,66804.1127884408,49000.0,0.052296743584213934,0.9535259866292862,0.015958593918481777,0.1881065343972396,0.12766875134785421,0.6623355617856372,0.005930558550787147,1
CORNWALL,NORTH CORNWALL,25623,117000.0,144616.74335557898,117375.0,0.12656597588104437,0.9112125824454591,0.0809819302969988,0.20173281817117433,0.4636459430979979,0.253639308433829,0.0,1
REDCAR AND CLEVELAND,REDCAR AND CLEVELAND,46654,84000.0,98673.87154370472,80000.0,0.09523299181206328,0.9415698546748403,0.04737000042868779,0.4154627684657264,0.203390920392678,0.3303253740300939,0.0034509366828139065,1
CUMBRIA,CARLISLE,44729,87500.0,108594.95063605267,82500.0,0.12137539403966106,0.885577589483333,0.0839500100605871,0.33966777705739004,0.22584900176619196,0.3466878311609918,0.0038453799548391425,1
WARWICKSHIRE,NORTH WARWICKSHIRE,22194,116500.0,143394.18982607912,100000.0,0.06997386681084979,0.8795620437956204,0.07240695683518068,0.361899612507885,0.24943678471659006,0.30994863476615303,0.006308011174191223,1
SUFFOLK,BABERGH,36952,148000.0,183993.09926390994,142000.0,0.08513747564407881,0.9413292920545573,0.052798224723966225,0.262638016886772,0.40636501407231,0.2733816843472613,0.004817059969690409,1
EAST RIDING OF YORKSHIRE,EAST RIDING OF YORKSHIRE,145974,111995.0,130656.44331182266,97951.0,0.11556852590187294,0.9458533711482867,0.05388630852069547,0.35781029498403827,0.34336251661254746,0.24171427788510283,0.0032266019976160136,1
SURREY,WOKING,48882,209950.0,269050.0830776155,184000.0,0.10449654269465243,0.702876314389755,0.287774640972137,0.2263000695552555,0.2566998077001759,0.2263000695552555,0.0029254122171760567,0
GREATER LONDON,WALTHAM FOREST,88480,167000.0,194270.17097649185,159995.0,0.029769439421338157,0.5953661844484629,0.3881668173598553,0.10252034358047016,0.012432188065099457,0.49283453887884265,0.004046112115732369,0
WEST MIDLANDS,COVENTRY,114432,98000.0,113861.15111157719,82000.0,0.08737066554809843,0.8704645553691275,0.11607767058165548,0.24463436800894856,0.10175475391498881,0.5347105704697986,0.0028226370246085012,0
FLINTSHIRE,FLINTSHIRE,48360,108982.5,125883.20771298594,89000.0,0.11238626964433417,0.9492142266335815,0.02671629445822994,0.40700992555831267,0.38788254755996693,0.17375930521091812,0.004631927212572374,1
HERTFORDSHIRE,EAST HERTFORDSHIRE,68795,193500.0,241162.96492477652,175000.0,0.10650483320008722,0.7655788938149575,0.2256123264772149,0.22588850933934151,0.23915982266153063,0.30587978777527436,0.0034595537466385637,0
THURROCK,THURROCK,69498,134250.0,149159.12171573282,111500.0,0.15329937552159775,0.7373017928573484,0.2530000863334197,0.2455898011453567,0.12292440070217849,0.37611154277820946,0.0023741690408357074,0
SOUTHEND-ON-SEA,SOUTHEND-ON-SEA,87798,129995.0,155115.07276931137,126192.5,0.0409576527939133,0.6200369028907264,0.3527301305268913,0.27793343811931936,0.1371557438666029,0.2282512130116859,0.003929474475500581,0
WEST BERKSHIRE,WEST BERKSHIRE,57866,212500.0,262618.5361352089,155500.0,0.10337676701344485,0.8318701828362078,0.15508243182525144,0.29924307883731377,0.32732519959907375,0.21299208516227144,0.005357204576089587,0
CHESHIRE,VALE ROYAL,34622,100000.0,127486.30333314078,94500.0,0.1496447345618393,0.8549188377332332,0.05796892149500318,0.3548610709953209,0.3553809716365317,0.23178903587314426,0.0,1
TYNE AND WEAR,GATESHEAD,70049,86500.0,104263.78770574884,81050.0,0.1067110165741124,0.6697026367257206,0.23390769318619822,0.3007608959442676,0.11974475010349898,0.3405758825964682,0.005010778169567017,0
WORCESTERSHIRE,WORCESTER,48460,124000.0,137728.1008460586,99000.0,0.10744944283945522,0.8451712752785803,0.1366281469252992,0.31326867519603796,0.24657449442839455,0.2996491952125464,0.0038794882377218326,1
OXFORDSHIRE,CHERWELL,67767,159000.0,190661.80134873907,138500.0,0.1306092936089837,0.8898578954358316,0.10556760665220535,0.3200820458335178,0.2908495285315862,0.2795756046453288,0.003925214337361843,1
DERBYSHIRE,AMBER VALLEY,50560,97500.0,121570.60332278481,92000.0,0.09816060126582278,0.9765625,0.020905854430379747,0.3413370253164557,0.3458860759493671,0.2875197784810127,0.00435126582278481,1
SOMERSET,SOUTH SOMERSET,72442,137500.0,161514.42250352007,120000.0,0.10223351094668838,0.9008448137820602,0.09331603213605368,0.26857347947323373,0.33194831727450924,0.3016344109770575,0.0045277601391457995,1
CARMARTHENSHIRE,CARMARTHENSHIRE,54991,92000.0,111249.09512465676,90000.0,0.0999799967267371,0.9667763815897147,0.018766707279372987,0.3072502773181066,0.3891909585204852,0.27739084577476314,0.007401211107272099,1
WARRINGTON,WARRINGTON,80074,115000.0,143660.11605514897,105045.0,0.13306441541574043,0.5419362090066688,0.08005095286859655,0.3954467117915928,0.2620326198266603,0.25818617778554837,0.004283537727601968,0
BRIDGEND,BRIDGEND,47647,95000.0,112344.63846622033,85500.0,0.13062732176212563,0.9072134656956367,0.03993955548093269,0.37685478624047686,0.2690200852099817,0.3104497659873654,0.00373580708124331,1
GWYNEDD,GWYNEDD,38939,95000.0,119883.90608387478,100000.0,0.03641593261254783,0.9427823005213283,0.04881994915123655,0.20069852846760317,0.3220421685199928,0.4177302961041629,0.010709057757004545,1
GREATER LONDON,NEWHAM,80890,160000.0,180078.6092224008,148838.75,0.1178761280751638,0.5944987019409074,0.3876375324514773,0.03267400173074546,0.005390035851155891,0.5703053529484485,0.003993077018172827,0
CITY OF DERBY,CITY OF DERBY,87152,100000.0,119560.83586148339,86000.0,0.08399118780980357,0.9284009546539379,0.06149026987332477,0.3761588948044795,0.25276528364237194,0.30552368276115294,0.004061868918670828,1
TORBAY,TORBAY,72531,123500.0,140650.59657250004,107500.0,0.07057671892018585,0.7581861548854972,0.24111069749486427,0.22912961354455336,0.22918476237746618,0.297279783816575,0.003295142766541203,0
SURREY,SPELTHORNE,41217,198000.0,229782.36118591845,153318.0,0.06138243928476114,0.7000509498507897,0.28034548851202173,0.33163500497367593,0.15874517796055027,0.22590193366814665,0.003372394885605454,0
DEVON,WEST DEVON,23279,152500.0,181751.694273809,142000.0,0.11430903389320847,0.91859615962885,0.07581940805017398,0.21783581768976332,0.4012629408479746,0.2993255724043129,0.005756261007775248,1
MERSEYSIDE,KNOWSLEY,40602,80000.0,94614.68851288114,69000.0,0.20045810551204374,0.8113147135609083,0.061154622924979064,0.44369735481010786,0.19597556770602434,0.2951825033249594,0.003989951233929363,1
BEDFORD,BEDFORD,22963,200000.0,239986.35518007228,123250.0,0.19196098070809564,0.8575970038758002,0.14000783869703437,0.29338501066933764,0.2856334102686931,0.2686931150111048,0.012280625353830074,0
HEREFORD AND WORCESTER,HEREFORD,2851,48950.0,55673.82462293932,22500.0,0.043142756927393895,0.8923184847421958,0.10452472816555594,0.3279551034724658,0.175377060680463,0.3921431076815153,0.0,1
DEVON,PLYMOUTH,12486,45500.0,50522.73858721768,24950.0,0.06703507928880346,0.8704949543488707,0.12029473009770944,0.28840301137273744,0.1264616370334775,0.4648406214960756,0.0,1
BEDFORDSHIRE,NORTH BEDFORDSHIRE,2801,53000.0,63501.914316315604,35000.0,0.1435201713673688,0.9068189932167083,0.0885398072117101,0.3220278471974295,0.27632988218493393,0.31310246340592646,0.0,1
HUMBERSIDE,SCUNTHORPE,705,34000.0,37928.24113475177,15000.0,0.059574468085106386,0.9659574468085106,0.028368794326241134,0.5858156028368794,0.12198581560283688,0.26382978723404255,0.0,1
HUMBERSIDE,CLEETHORPES,1320,42500.0,46280.96590909091,25500.0,0.12348484848484849,0.8962121212121212,0.015909090909090907,0.32954545454545453,0.30303030303030304,0.3515151515151515,0.0,1
MID GLAMORGAN,RHYMNEY VALLEY,1256,38500.0,42409.984076433124,21712.5,0.1735668789808917,0.8773885350318471,0.018312101910828025,0.3821656050955414,0.18152866242038215,0.4179936305732484,0.0,1
NORTH YORKSHIRE,RYEDALE,20682,138573.0,169062.60642104247,133000.0,0.10555072043322695,0.9570157624987912,0.03805241272604197,0.30630499951648776,0.3967701382844986,0.2532153563485156,0.005657093124456049,1
CUMBRIA,EDEN,19861,127000.0,153718.58365641205,124500.0,0.11379084638235738,0.8856553043653391,0.0825738885252505,0.2940939529731635,0.3526509239212527,0.26141684708725643,0.009264387493076884,1
NORFOLK,BROADLAND,56011,138950.0,153257.0427237507,115255.5,0.12179750406170217,0.9506346967559943,0.03870668261591473,0.3448429772723215,0.45385727803467174,0.16002213850850724,0.0025709235685847424,1
HALTON,HALTON,39626,89500.0,112392.56059153081,77500.0,0.1401857366375612,0.7656084389037501,0.06069247463786403,0.3350073184272952,0.25246050572856205,0.34621208297582395,0.005627618230454752,1
WEST YORKSHIRE,CALDERDALE,85706,85000.0,108854.86012647889,88000.0,0.08389144283947449,0.8620283294051758,0.07409049541455674,0.25172099969663736,0.14092362261685296,0.5283177373812802,0.004947144890672765,0
GREATER LONDON,KINGSTON UPON THAMES,71447,225000.0,283550.8343667334,195500.0,0.06810642854143631,0.5891360029112489,0.40695900457681916,0.27771634918191107,0.09899645891360029,0.21289907203941383,0.0034291152882556302,0
CAMBRIDGESHIRE,HUNTINGDONSHIRE,82269,139950.0,161946.72842747573,119000.0,0.12154031287605295,0.9005214600882471,0.0928053094118076,0.2637080795925561,0.3863302094349026,0.2525374077720648,0.0046189937886688785,1
CEREDIGION,CEREDIGION,20973,120000.0,137761.6121203452,112000.0,0.05144709865064607,0.9499833118771754,0.043103037238354076,0.22452677251704573,0.4885805559528918,0.23401516235159492,0.00977447194011348,1
WEST YORKSHIRE,BRADFORD,198163,83000.0,106078.13518164339,84000.0,0.09834832940559035,0.9083633170672628,0.07411070684234695,0.333710127521283,0.1471011238223079,0.43751356206759084,0.007564479746471339,0
WEST MIDLANDS,SANDWELL,87804,89950.0,98772.78961095166,70504.0,0.1282401712906018,0.8538563163409412,0.09742152977085326,0.4148672042275978,0.11767117671176712,0.36537059815042594,0.004669491139355838,1
WEST YORKSHIRE,LEEDS,299133,108000.0,133980.17088385433,99050.0,0.10861723714869305,0.8507486636379136,0.13635072024818393,0.352869793703804,0.16190122788191205,0.3451073602711837,0.003770897894916308,0
CITY OF KINGSTON UPON HULL,CITY OF KINGSTON UPON HULL,90482,63950.0,79188.84622355827,59000.0,0.09589752657987224,0.9292124400433235,0.05537012886540969,0.23957251165977764,0.08406091819367388,0.616012024491059,0.004984416790079795,1
WEST YORKSHIRE,WAKEFIELD,115435,90000.0,109430.796942002,78500.0,0.14630744574868973,0.9346645298219778,0.04714341404253476,0.37198423355134924,0.25035734395980425,0.3263394984190237,0.0041755100272880845,1
GREATER LONDON,HAVERING,88094,179995.0,204188.94385542715,138000.0,0.06790473812064386,0.765489136604082,0.228891865507299,0.3484232751379209,0.09987059277589848,0.3192158376279883,0.003598428950893364,0
WEST SUSSEX,ADUR,28018,160000.0,173803.07248911413,135050.0,0.0388678706545792,0.7637947034049539,0.2305660646727104,0.33267899207652224,0.1628595902634021,0.270754514954672,0.0031408380326932686,0
ISLE OF ANGLESEY,ISLE OF ANGLESEY,22297,102500.0,125567.83051531596,103050.0,0.061891734314033275,0.9645692245593578,0.028434318518186303,0.22379692335291743,0.48257613131811455,0.2581513208054895,0.007041306005292192,1
MERSEYSIDE,ST HELENS,56731,83000.0,100646.88567097354,79950.0,0.14006451499180342,0.49831661701715113,0.044913715605224655,0.41360102941954136,0.17413759672842008,0.3595036223581463,0.007844035888667571,1
HERTFORDSHIRE,DACORUM,63463,190000.0,246670.51032885304,172500.0,0.07916423742968344,0.7542347509572507,0.23824905850653136,0.21648834754108692,0.19286828545766824,0.3487701495359501,0.003624158958763374,0
CITY OF PLYMOUTH,CITY OF PLYMOUTH,93668,120000.0,132322.29089977368,91000.0,0.07617329290686253,0.7937609429047273,0.1945381560404834,0.24332749711747875,0.10298074048767988,0.4550540205833369,0.004099585771021053,0
BUCKINGHAMSHIRE,WYCOMBE,71359,198000.0,253761.96612900964,180000.0,0.06428060931347132,0.7770007987780098,0.20787847363331885,0.3280875572807915,0.2752560994408554,0.18412533807928924,0.004652531565745036,0
DURHAM,WEAR VALLEY,17988,65000.0,79542.3846453191,63495.0,0.15393595730486992,0.9624193907049143,0.02179230598176562,0.22042472759617524,0.24588614631976874,0.5118968201022904,0.0,1
SUFFOLK,ST EDMUNDSBURY,48397,143000.0,171514.16131165155,129045.0,0.11523441535632374,0.9178874723639895,0.0755212099923549,0.24245304461020312,0.35336901047585595,0.32446226005744155,0.004194474864144471,1
BUCKINGHAMSHIRE,CHILTERN,36858,270700.0,365957.1666666667,280050.0,0.059634272071192145,0.8458407944001303,0.13996961310977263,0.25180422160724947,0.4107113788051441,0.192007162624125,0.005507623853708828,0
KENT,GRAVESHAM,35199,145000.0,166001.07650785532,117000.0,0.06287110429273558,0.8321827324639904,0.16344214324270576,0.2755760106821217,0.14210630983834768,0.4158640870479275,0.003011449188897412,0
NOTTINGHAMSHIRE,NEWARK AND SHERWOOD,47599,110000.0,136878.80123532008,104000.0,0.13485577428097228,0.9523519401668102,0.040336981869367,0.337801214311225,0.415533939788651,0.20244122775688564,0.0038866362738713,1
SHROPSHIRE,OSWESTRY,11096,88000.0,111780.31894376352,91450.0,0.1547404470079308,0.9550288392213411,0.030821917808219176,0.3304794520547945,0.4297945205479452,0.2089041095890411,0.0,1
CENTRAL BEDFORDSHIRE,CENTRAL BEDFORDSHIRE,41260,220000.0,255509.90630150266,128462.5,0.16599612215220552,0.8639844886088222,0.12741153659718857,0.2820649539505574,0.26800775569558893,0.31403296170625306,0.008482792050412021,0
KENT,ROCHESTER UPON MEDWAY,8047,48000.0,55211.302845781036,27000.0,0.06698148378277619,0.9233254629054306,0.06598732446874611,0.3916987697278489,0.11519821051323474,0.42711569529017024,0.0,1
DYFED,LLANELLI,840,35000.0,39386.91428571429,21387.5,0.12380952380952381,0.9511904761904761,0.002380952380952381,0.3678571428571429,0.2357142857142857,0.39404761904761904,0.0,1
NOTTINGHAMSHIRE,BROXTOWE,43482,110000.0,123496.60825169036,87500.0,0.06050779632951566,0.9425969366634469,0.04394922036704843,0.3969918587001518,0.34729313279058,0.2092130076813394,0.0025527804608803644,1
GREATER LONDON,SUTTON,85758,175000.0,210262.28224772032,140000.0,0.06336435084773433,0.5937521863849436,0.40086056111383195,0.21590988595816132,0.08078546607896639,0.29976212131812774,0.002681965530912568,0
DEVON,NORTH DEVON,41835,140000.0,164968.02509860165,134000.0,0.07904864348033942,0.885693797059878,0.10562925779849408,0.19273335723676346,0.37743516194573923,0.3178439106011713,0.006358312417831959,0
SOUTHAMPTON,SOUTHAMPTON,96455,126000.0,145090.13756674097,100000.0,0.08993831320304806,0.5896013685138147,0.34832823596495777,0.25774713597014154,0.1295111710123892,0.2598102742211394,0.004603182831372142,0
MERSEYSIDE,WIRRAL,118954,94000.0,118085.02315180658,95950.0,0.05319703414765371,0.8399381273433428,0.1281419708458732,0.4119911898717151,0.1660473796593641,0.2903223094641626,0.003497150158884947,0
WEST SUSSEX,ARUN,84029,156500.0,182380.62134501184,146000.0,0.07509312261243142,0.7634626140975139,0.2299087219888372,0.21621106998774234,0.30966690071284914,0.24105963417391615,0.0031536731366552024,0
LANCASHIRE,HYNDBURN,35825,59500.0,74985.93194696441,61000.0,0.062358688066992324,0.3135519888346127,0.01451500348918353,0.20655966503838102,0.116817864619679,0.656943475226797,0.005163991625959525,0
LANCASHIRE,ROSSENDALE,27232,80000.0,101336.04755434782,83995.0,0.08357814336075206,0.5038190364277321,0.03969594594594594,0.2191539365452409,0.20622796709753233,0.5293037602820212,0.005618390129259694,0
BRACKNELL FOREST,BRACKNELL FOREST,54815,179950.0,218858.64728632674,144525.5,0.10621180333850223,0.8182796679740947,0.1712122594180425,0.21953844750524493,0.2715862446410654,0.33483535528596187,0.002827693149685305,0
HAMPSHIRE,HART,43662,218000.0,261748.56117447666,189000.0,0.11937153588933168,0.86118363794604,0.12926572305437223,0.23505565480280335,0.38930878109110895,0.24309468187439878,0.0032751591773166598,0
ESSEX,COLCHESTER,83877,144150.0,169615.73023594072,120000.0,0.1570275522491267,0.8066454451160628,0.1918285107955697,0.2734837917426708,0.2877069995350334,0.24372593201950474,0.0032547659072212883,0
HERTFORDSHIRE,HERTSMERE,40655,221000.0,292519.96101340547,206500.0,0.09125568810724388,0.7260115606936416,0.26311646783913417,0.28370434140942075,0.18224080678883287,0.26651088427007746,0.004427499692534744,0
NOTTINGHAMSHIRE,BASSETLAW,42743,93000.0,113988.15581498724,87050.0,0.11994946540954074,0.9658657557962708,0.02313829165009475,0.38453080036497206,0.4000655078024472,0.18711835856163583,0.005147041620850197,1
SURREY,TANDRIDGE,36671,232750.0,291777.6137820076,217000.0,0.10471489733031551,0.7591557361402743,0.224782525701508,0.2729132011671348,0.330424586185269,0.15996291347386218,0.01191677347222601,0
LINCOLNSHIRE,BOSTON,27299,94950.0,106110.08084545222,78050.0,0.1301879189713909,0.947287446426609,0.04461701893842265,0.28535843803802335,0.4453276676801348,0.21964174511886883,0.00505513022455035,1
STAFFORDSHIRE,NEWCASTLE-UNDER-LYME,41875,92500.0,114721.44377313434,84500.0,0.08601791044776119,0.9550805970149254,0.03847164179104478,0.4024597014925373,0.27770746268656715,0.27720597014925374,0.004155223880597015,1
SHROPSHIRE,SOUTH SHROPSHIRE,11177,120000.0,147241.8593540306,116000.0,0.12525722465777936,0.9390713071486088,0.05412901494139751,0.22349467656795205,0.4870716650263935,0.23530464346425695,0.0,1
KENT,CANTERBURY,63975,164500.0,183411.83015240327,134000.0,0.10383743649863228,0.8293239546697929,0.16370457209847597,0.29425556858147717,0.298147713950762,0.23931223134036733,0.004579914028917546,0
WILTSHIRE,KENNET,20889,145000.0,181841.1713820671,144000.0,0.11723873809181866,0.883479343194983,0.0947867298578199,0.2338551390684092,0.3918330221647757,0.2795251089089952,0.0,1
SHROPSHIRE,BRIDGNORTH,11805,120000.0,147554.63583227445,111548.0,0.07225751800084709,0.9252858958068615,0.05658619229140195,0.3139347734011012,0.4023718763235917,0.22710715798390513,0.0,1
BLACKBURN WITH DARWEN,BLACKBURN WITH DARWEN,48317,70000.0,89469.55889231534,69050.0,0.08019951569840843,0.6413891590951425,0.034687584080137425,0.23786658939917626,0.15048533642403294,0.5720967775317176,0.004863712564935737,0
DORSET,NORTH DORSET,31931,162000.0,189468.45667219942,140550.0,0.14139864081926654,0.9092731201653566,0.08700009395258526,0.2363533869906987,0.4098524944411387,0.26262879333562994,0.004165231279947387,1
GLOUCESTERSHIRE,COTSWOLD,36902,205000.0,264506.9339873178,200000.0,0.10246057124275107,0.8786786624031218,0.09061839466695572,0.2648636930247683,0.36946506964392173,0.2661915343341824,0.008861308330171807,0
SUFFOLK,MID SUFFOLK,42752,145000.0,171362.0152507485,129000.0,0.12160834580838323,0.9468328967065869,0.04175243263473054,0.2908168038922156,0.45254023203592814,0.21131175149700598,0.0035787799401197605,1
MID GLAMORGAN,TAFF-ELY,1484,41750.0,48841.702156334235,22266.25,0.2183288409703504,0.818733153638814,0.014150943396226415,0.3975741239892183,0.21091644204851753,0.37735849056603776,0.0,1
HUMBERSIDE,BOOTHFERRY,985,43000.0,48665.40304568528,27500.0,0.11472081218274112,0.9949238578680203,0.005076142131979695,0.35431472081218274,0.383756345177665,0.2568527918781726,0.0,1
CLWYD,COLWYN,840,42972.5,49294.44047619047,24559.25,0.10238095238095238,0.9285714285714286,0.07857142857142857,0.3892857142857143,0.3952380952380952,0.13690476190476192,0.0,1
POWYS,MONTGOMERYSHIRE,567,45000.0,50459.89770723104,23000.0,0.18342151675485008,0.9929453262786596,0.008818342151675485,0.2874779541446208,0.4462081128747795,0.25749559082892415,0.0,1
WEST YORKSHIRE,KIRKLEES,151424,91000.0,112381.76270604396,87500.0,0.09884166314454776,0.7629239750633982,0.05697247464074387,0.30958104395604397,0.22096233093829248,0.40776230980557904,0.004721840659340659,0
YORK,YORK,83893,141000.0,163385.69948625035,112500.0,0.10561071841512402,0.8414885628121536,0.1466749311623139,0.31896582551583563,0.20660841786561454,0.32360268437175926,0.004148141084476655,0
GLOUCESTERSHIRE,GLOUCESTER,56150,118000.0,128779.32528940338,91998.75,0.13173642030276048,0.8739447907390917,0.1223686553873553,0.34680320569902046,0.21365983971504898,0.31308993766696347,0.004078361531611755,1
NORTHAMPTONSHIRE,EAST NORTHAMPTONSHIRE,44658,124000.0,148139.0079940884,105000.0,0.1756684132742174,0.9416677862868915,0.05530923910609521,0.29443772672309554,0.3846119396300775,0.2626181199337185,0.003022974607013301,1
SWANSEA,SWANSEA,83490,92362.0,117311.73784884418,88005.0,0.11028865732423045,0.7925619834710744,0.09048987902742843,0.3150077853635166,0.24543059048987903,0.34437657204455624,0.004695173074619715,1
MIDDLESBROUGH,MIDDLESBROUGH,49014,70000.0,91655.78622434406,77237.5,0.0987268943567144,0.9377728812176113,0.05351532215285429,0.3773003631615457,0.14748847268127474,0.4180846288815441,0.0036112131227812464,1
SURREY,ELMBRIDGE,66824,289972.5,440081.50094277505,323950.0,0.08010594995809889,0.7457949239794086,0.24151502454208068,0.2413204836585658,0.31000838022267446,0.20371423440679995,0.0034418771698790855,0
GREATER LONDON,TOWER HAMLETS,97339,247450.0,306363.3298369615,200000.0,0.3109442258498649,0.11323313368742231,0.8782399654814617,0.007170815397733694,0.001962214528606211,0.1064013396480342,0.00622566494416421,2
ESSEX,CASTLE POINT,37038,153000.0,166018.21761434202,127545.0,0.04014795615314002,0.8952967222852206,0.09700847777957773,0.4145472217722339,0.3934607700199795,0.09260759220260273,0.002375938225606134,1
CITY OF PETERBOROUGH,CITY OF PETERBOROUGH,70022,116500.0,136807.5183085316,83995.75,0.1458970037988061,0.8967181742880809,0.09247093770529262,0.28338236554225815,0.2768272828539602,0.3421781725743338,0.0051412413241552655,1
GREATER MANCHESTER,ROCHDALE,68119,79500.0,97821.3275004037,76550.0,0.09346878257167604,0.3712620561076939,0.04518563102805385,0.3167691833409181,0.17648526842731102,0.456084205581409,0.00547571162230802,0
GREATER LONDON,SOUTHWARK,94635,232750.0,317174.8869657104,225500.0,0.154456596396682,0.27885031964917845,0.7100966872721509,0.053880699529772286,0.01273313256194854,0.21688593015269192,0.00640355048343636,2
SOMERSET,MENDIP,49241,144000.0,169305.13748705346,125950.0,0.11831603744846773,0.8837757153591519,0.10958347718364778,0.2578136106090453,0.2914644300481306,0.33665035234865254,0.00448812981052375,1
GREATER LONDON,RICHMOND UPON THAMES,92673,290000.0,415360.5478726274,305000.0,0.05174106805649974,0.5830069167934565,0.4044327905646736,0.19387523874267587,0.06238062866206986,0.3349303464871106,0.004380995543470051,0
CORNWALL,KERRIER,26881,94995.0,119900.44920203861,102800.0,0.08749674491276366,0.9472489862728322,0.04865890405862877,0.22313157992634203,0.3781109333730144,0.3500985826420148,0.0,1
DURHAM,TEESDALE,5728,79000.0,105975.437325419,86171.25,0.08833798882681564,0.9427374301675978,0.04416899441340782,0.2609986033519553,0.2840432960893855,0.4107891061452514,0.0,1
LANCASHIRE,PENDLE,40452,59500.0,80533.24082863641,68500.0,0.0538663106892119,0.5242509641056067,0.014857114604963908,0.17344012656976168,0.11386334421042223,0.694081874814595,0.003757539800257095,0
NORTHUMBERLAND,ALNWICK,8921,99800.0,128670.00112095056,111000.0,0.15457908306243695,0.9141351866382692,0.06322161192691403,0.2406680865373837,0.37921757650487614,0.31689272503082616,0.0,1
CLWYD,DELYN,818,45500.0,54361.26039119804,28936.75,0.12836185819070906,0.9877750611246944,0.003667481662591687,0.4193154034229829,0.4193154034229829,0.15770171149144255,0.0,1
HUMBERSIDE,KINGSTON UPON HULL,3780,34000.0,35979.15238095238,16500.0,0.12354497354497354,0.9412698412698413,0.04470899470899471,0.24047619047619048,0.048412698412698414,0.6664021164021164,0.0,1
GWENT,ISLWYN,668,37000.0,40643.47005988024,16187.5,0.11077844311377245,0.9086826347305389,0.010479041916167664,0.4161676646706587,0.15419161676646706,0.41916167664670656,0.0,1
GWYNEDD,ARFON,604,40000.0,44069.105960264904,25000.0,0.026490066225165563,0.9900662251655629,0.009933774834437087,0.2599337748344371,0.2682119205298013,0.46192052980132453,0.0,1
GREATER LONDON,CITY OF WESTMINSTER,107615,363000.0,741489.3868141058,467775.0,0.10012544719602286,0.0942154904056126,0.8840960832597686,0.009283092505691586,0.004311666589230126,0.08903033963666775,0.013278818008641918,2
GREATER LONDON,HARROW,74705,218000.0,262336.8369587042,189000.0,0.06054480958436517,0.6292617629342079,0.36298775182384047,0.3256408540258349,0.08873569372866609,0.21875376480824577,0.0038819356134127568,0
GREATER LONDON,KENSINGTON AND CHELSEA,77208,460000.0,892313.7002642213,680000.0,0.03143456636617967,0.18544710392705419,0.805810278727593,0.013664387110144026,0.005439850792663973,0.1685965184954927,0.006488964874106311,2
STAFFORDSHIRE,STAFFORD,50738,124000.0,145486.76512672947,106500.0,0.11395798021206985,0.9182466790176987,0.06862706452757303,0.33310339390594823,0.3716937995190981,0.22208206866648272,0.004493673380897946,1
MERSEYSIDE,LIVERPOOL,150032,79521.0,104024.38170523621,84000.0,0.1469153247307241,0.6526940919270555,0.19259891223205716,0.2539858163591767,0.07520395648928228,0.4693732003839181,0.008838114535565746,0
HAMPSHIRE,EAST HAMPSHIRE,50358,200000.0,250946.6972278486,191000.0,0.09031335636840224,0.8435601096151555,0.14543865920012708,0.20932125977997537,0.40605266293339687,0.23394495412844038,0.005242463958060288,0
DERBYSHIRE,CHESTERFIELD,36946,93995.0,110710.47060574892,81250.0,0.094408054999188,0.9326584745303957,0.0455529691982894,0.42296865695880476,0.27107129323878093,0.2564283007632761,0.003978779840848806,1
NORTH YORKSHIRE,HAMBLETON,33457,149000.0,178051.10772035748,138000.0,0.11372806886451266,0.9254864452879816,0.06061511791254446,0.29446752548046745,0.40819559434498015,0.23083360731685448,0.00588815494515348,1
DEVON,TORRIDGE,30568,140000.0,159088.1611489139,122100.0,0.14125883276629156,0.9309735671290238,0.07020413504318242,0.17384192619733055,0.4172009945040565,0.3323082962575242,0.0064446479979063075,1
HEREFORDSHIRE,HEREFORDSHIRE,62218,152000.0,179401.92155003376,126000.0,0.08365746247066765,0.9099617474042881,0.0815198174161818,0.2572085248641872,0.41839981998778486,0.23642675752997525,0.006445080201870841,1
ESSEX,ROCHFORD,34673,170500.0,188588.1371672483,142500.0,0.09099299166498429,0.891817840971361,0.10264470913967641,0.4563204799123237,0.3204799123237101,0.11836299137657544,0.0021919072477143598,1
GREATER LONDON,GREENWICH,87847,187500.0,236227.071943265,167000.0,0.16287408790283106,0.5546006124284267,0.43096520086058715,0.13850216854303504,0.02598836613657837,0.40102678520609697,0.00351747925370246,0
NORTHAMPTONSHIRE,CORBY,24994,102000.0,119794.36556773625,86500.0,0.24017764263423222,0.9335040409698327,0.06837641033848124,0.3298391613987357,0.26098263583259984,0.3364807553812915,0.004321037048891734,1
NEATH PORT TALBOT,NEATH PORT TALBOT,43787,75000.0,87954.0969237445,67500.0,0.1034782012926211,0.9015232831662365,0.0239340443510631,0.36940187726950924,0.233425445908603,0.3693562016123507,0.0038824308584739765,1
EAST SUSSEX,ROTHER,49672,157950.0,190146.5621678209,155000.0,0.04499516830407473,0.7494564342084071,0.24800692543082622,0.1945361571911741,0.39434691576743436,0.15868094701240135,0.004429054598163956,0
GREATER LONDON,CITY OF LONDON,7298,300000.0,993214.1272951494,334628.75,0.2552754179227186,0.02959714990408331,0.9438202247191011,0.0013702384214853384,0.0019183337900794738,0.010824883529734174,0.04206631953959989,2
EAST SUSSEX,HASTINGS,48314,107000.0,124708.23076127002,105000.0,0.042534255081342884,0.6811690193318707,0.3177546880821294,0.18833050461563935,0.17783665190214015,0.3125595065612452,0.003518648838845883,0
WILTSHIRE,WEST WILTSHIRE,43417,114950.0,131966.52168505423,96050.0,0.15926941059953476,0.9022272381785936,0.09650597692148237,0.29456203791141716,0.32243130570974504,0.2865006794573554,0.0,1
NEWPORT,NEWPORT,52233,100000.0,121665.4401240595,90000.0,0.13669519269427374,0.8559531330767906,0.0735167422893573,0.2960389026094615,0.23138628836176364,0.3952482147301514,0.0038098520092661728,1
CHESHIRE,CREWE AND NANTWICH,35005,89950.0,113541.41625482074,88300.0,0.16774746464790743,0.9134980717040423,0.05150692758177403,0.34489358663048136,0.30955577774603626,0.2940437080417083,0.0,1
LEICESTERSHIRE,OADBY AND WIGSTON,20444,120000.0,134628.36020348268,95000.0,0.0672079827822344,0.9507434944237918,0.04431618078653884,0.4552435922520055,0.2722070045000978,0.2258853453335942,0.002347877127763647,1
NORTH YORKSHIRE,RICHMONDSHIRE,17634,130000.0,160857.4105137802,123000.0,0.11812407848474538,0.9491323579448792,0.04196438697969831,0.32981739820800726,0.35216059884314393,0.26794828172847907,0.00810933424067143,1
DURHAM,CHESTER-LE-STREET,15899,75000.0,90179.34731744135,69790.0,0.11661110761683124,0.7272155481476822,0.07679728284797786,0.29945279577331907,0.2400779923265614,0.38367192905214165,0.0,1
SHROPSHIRE,SHROPSHIRE,37307,176000.0,214492.54081003566,116500.0,0.10376068834267027,0.9055405151848178,0.08301391159835955,0.28067118771276167,0.39630632321012144,0.2217814351194146,0.01822714235934275,0
EAST SUSSEX,BRIGHTON,7232,54950.0,60884.5377488938,37175.0,0.0615320796460177,0.5962389380530974,0.3968473451327434,0.1444966814159292,0.103429203539823,0.3552267699115044,0.0,0
GREATER LONDON,CAMDEN,73166,325000.0,545551.8385315584,377950.0,0.04862914468468961,0.1677828499576306,0.825889074160129,0.03706639696033677,0.01735778913703086,0.1096137550228248,0.010072984719678539,2
GREATER LONDON,MERTON,83341,214000.0,300412.4887510349,202000.0,0.053059118561092376,0.5822464333281339,0.4029109321942381,0.1271762997804202,0.0359606916163713,0.4301364274486747,0.003815648960295653,0
HAMPSHIRE,FAREHAM,52974,160025.0,186858.97072148602,132000.0,0.10231434288518897,0.8755993506248348,0.11726507343224979,0.29533355985955373,0.3456412579756107,0.23923056593800732,0.0025295427945784725,1
LANCASHIRE,LANCASTER,60867,95000.0,114469.77054890171,89000.0,0.08037195853253816,0.8471914173525884,0.11909573332018993,0.35574284916292903,0.16912284160546767,0.35211198186209275,0.00392659404932065,1
NORTHAMPTONSHIRE,DAVENTRY,37274,145000.0,179983.01113376615,131483.75,0.1533240328379031,0.9382947899340023,0.04786178032945217,0.2704566185544884,0.4529698985888287,0.22294360680367012,0.005768095723560659,1
GREATER LONDON,HOUNSLOW,81725,200995.0,271999.25204037933,173500.0,0.11024778219639034,0.5471887427347812,0.4292321810951361,0.2576078311410217,0.02482716427041909,0.2836219027225451,0.004710920770877944,0
BRIGHTON AND HOVE,BRIGHTON AND HOVE,129872,178000.0,215481.87103455712,155050.0,0.03293242577306887,0.48587070346187017,0.5054361217198472,0.15129512135025255,0.08459868177898239,0.2543889367993101,0.004281138351607737,0
TYNE AND WEAR,SOUTH TYNESIDE,45754,83000.0,101388.52777899201,79500.0,0.09476767058617826,0.7186038379158106,0.2089434803514447,0.3205621366437907,0.09948856930541591,0.36512654631289065,0.0058792673864580145,0
SOUTH GLOUCESTERSHIRE,SOUTH GLOUCESTERSHIRE,111146,145000.0,167190.04909758337,120000.0,0.127921832544581,0.8643495942274126,0.10061540676227665,0.3064257823043564,0.2599553740125601,0.32959350763860146,0.0034099292822053874,0
SURREY,RUNNYMEDE,36310,220000.0,291549.2142385018,182500.0,0.08017075185899201,0.7536215918479757,0.23423299366565684,0.3154502891765354,0.24530432387771964,0.201239328008813,0.0037730652712751308,0
BATH AND NORTH EAST SOMERSET,BATH AND NORTH EAST SOMERSET,69446,178000.0,231036.53730956427,156050.0,0.07243037755954267,0.7401290211099272,0.20417302652420585,0.23481554013190103,0.20906891685626242,0.3473202200270714,0.004622296460559283,0
GREATER MANCHESTER,OLDHAM,76576,73950.0,91258.1526065608,75000.0,0.07615963226076056,0.27713643961554535,0.03681310071040535,0.30478217718345174,0.12063832010029252,0.5333394274968658,0.004426974508984538,0
WORCESTERSHIRE,REDDITCH,33213,120000.0,136831.49935266312,90000.0,0.10417607563303526,0.8029988257609972,0.08836901213380303,0.3127992051305212,0.2966910547074941,0.298286815403607,0.0038539126245747146,1
DORSET,WEYMOUTH AND PORTLAND,32787,136000.0,152155.79510171714,118500.0,0.0816482142312502,0.7747887882392411,0.21697624058315795,0.1829078598224906,0.21291975478085826,0.38408515570195506,0.0031109891115381097,0
STAFFORDSHIRE,SOUTH STAFFORDSHIRE,34052,137000.0,162292.8319041466,116950.0,0.08859978855867497,0.8975096910607306,0.05042288265006461,0.3921942910842241,0.41093034183014215,0.14342769881357922,0.003024785621989898,1
DORSET,EAST DORSET,43519,200000.0,228168.2298076702,165000.0,0.08665180725660057,0.8697350582504193,0.12470415220937982,0.1397320710494267,0.605069050299869,0.1273926331027827,0.0031020933385417864,0
PEMBROKESHIRE,PEMBROKESHIRE,38903,117000.0,134322.4069351978,110050.0,0.07063722592088013,0.9160733105416035,0.06724417140066319,0.22769452227334652,0.426599491041822,0.2703647533609233,0.008097061923244993,1
GREATER LONDON,BARKING AND DAGENHAM,55982,148000.0,154234.38594548247,107500.0,0.08818906076953306,0.7445786145546783,0.2367189453752992,0.10160408702797327,0.008967168018291593,0.6496016576756815,0.0031081419027544567,0
LANCASHIRE,PRESTON,53780,85000.0,108683.79410561547,84000.0,0.09685756786909631,0.8044812197843064,0.10559687616214206,0.3085719598363704,0.17493492004462627,0.40251022685013016,0.008386017106731126,1
LINCOLNSHIRE,SOUTH KESTEVEN,65278,121472.5,144512.02198290388,106950.0,0.14075186127025952,0.9426453016330157,0.04623303410030945,0.2870185973834983,0.4482214528631392,0.21485033242440027,0.0036765832286528386,1
WORCESTERSHIRE,MALVERN HILLS,28355,161000.0,192915.21918532887,150500.0,0.09303473814142127,0.8841826838300123,0.10488450008816787,0.29458649268206666,0.44986774819255865,0.1448069123611356,0.00585434667607124,1
CHESHIRE WEST AND CHESTER,CHESHIRE WEST AND CHESTER,41153,169995.0,218587.22161203314,125000.0,0.10548441182902826,0.8067698588195271,0.10033290404101766,0.33280684275751465,0.3105484411829028,0.24316574733312274,0.01314606468544213,0
GWENT,MONMOUTH,1229,58000.0,68060.60943856795,39000.0,0.25061025223759154,0.919446704637917,0.03336045565500407,0.34580960130187144,0.42148087876322216,0.19934906427990237,0.0,1
AVON,NORTHAVON,2846,56500.0,65508.005973295854,34537.5,0.2670414617006325,0.9082923401264933,0.05305692199578355,0.31096275474349966,0.3626141953619115,0.2733661278988053,0.0,1
HUMBERSIDE,HOLDERNESS,826,44500.0,50288.76513317191,21875.0,0.15375302663438256,0.9806295399515739,0.024213075060532687,0.4322033898305085,0.30024213075060535,0.24334140435835352,0.0,1
DYFED,PRESELI PEMBROKESHIRE,670,44000.0,49563.41044776119,25950.0,0.09850746268656717,0.9865671641791045,0.007462686567164179,0.24776119402985075,0.44776119402985076,0.29701492537313434,0.0,1
WEST SUSSEX,HORSHAM,64097,205000.0,250307.5279342247,190000.0,0.12571571212381236,0.8099911072281074,0.17701296472533815,0.23400471160896766,0.36348035009438817,0.2204315334571041,0.0050704401142019125,0
NORTHAMPTONSHIRE,SOUTH NORTHAMPTONSHIRE,39825,170000.0,200326.6080351538,139000.0,0.15929692404268675,0.9335593220338984,0.05637162586315129,0.3169114877589454,0.45285624607658503,0.17042059008160704,0.0034400502197112367,1
ESSEX,TENDRING,74586,120000.0,135136.7369479527,106500.0,0.05757112594856944,0.8519829458611535,0.14502721690397663,0.3002440136218593,0.3965489502051323,0.15500227924811627,0.0031775400209154534,1
WINDSOR AND MAIDENHEAD,WINDSOR AND MAIDENHEAD,62270,249950.0,337424.9487072427,229500.0,0.0788341095230448,0.7484342379958246,0.24035651196402763,0.2583266420427172,0.28561104865906534,0.21085594989561587,0.004849847438573952,0
GREATER LONDON,ISLINGTON,66367,290000.0,401107.9924359998,287694.0,0.14257085599770972,0.21780402911085328,0.7765606400771468,0.0283574668133259,0.005273705305347537,0.18179215574005153,0.008016032064128256,2
CITY OF NOTTINGHAM,CITY OF NOTTINGHAM,86361,90250.0,118321.62611595512,69995.0,0.0907469806973055,0.8244114820347147,0.1625039080140341,0.31420432834265466,0.1460844594203402,0.3711165919801762,0.00609071224279478,0
GREATER LONDON,WANDSWORTH,156602,270000.0,378663.52410569467,296000.0,0.08678050088760042,0.33897395946411923,0.6520223241082489,0.05004406073996501,0.012822313891265756,0.2810308936028914,0.0040804076576288935,2
LEICESTERSHIRE,BLABY,39987,126500.0,142573.66521619525,98950.0,0.1332182959461825,0.9684647510440894,0.027984094830820018,0.4529221997149073,0.36509365543801736,0.15047390401880611,0.003526145997449171,1
CORNWALL,RESTORMEL,30743,104000.0,126240.32459421657,107050.0,0.13541293953095013,0.8948703769963894,0.08928861854731159,0.25862798035325113,0.3755326415769443,0.2765507595224929,0.0,1
EAST SUSSEX,EASTBOURNE,58340,136995.0,158474.43117929378,118750.0,0.08572163181350703,0.6024340075419952,0.3926979773740144,0.17422008913267056,0.1432293452176894,0.28649297223174497,0.003359616043880699,0
OXFORDSHIRE,OXFORD,46480,210000.0,267878.728722031,173562.5,0.1085843373493976,0.7374139414802066,0.2488382099827883,0.3321643717728055,0.09746127366609295,0.31854561101549056,0.0029905335628227195,0
GREATER LONDON,ENFIELD,111389,172000.0,214788.87234825702,147000.0,0.056800940846941796,0.58598245787286,0.39791182253184787,0.16656940990582553,0.04304733860614603,0.38945497311224625,0.0030164558439343203,0
WARWICKSHIRE,NUNEATON AND BEDWORTH,49326,97950.0,111927.41734582168,82000.0,0.1105704902080039,0.9134128046060901,0.07040911486842638,0.38819283947613836,0.24390787819811052,0.29408425576774927,0.0034059116895754776,1
KENT,TUNBRIDGE WELLS,49491,195000.0,256230.32933260594,185026.5,0.06682022994079731,0.739447576327009,0.25384413327675737,0.2666949546382171,0.23755834394132266,0.23715423006203148,0.004748338081671415,0
BEDFORDSHIRE,SOUTH BEDFORDSHIRE,39978,119950.0,133710.63224773624,97000.0,0.10185602081144629,0.8515933763569964,0.1403021661914053,0.3202761518835359,0.20358697283505928,0.3358347090899995,0.0,1
SURREY,REIGATE AND BANSTEAD,66159,216500.0,274000.945192642,195000.0,0.10178509348690276,0.7123898486978341,0.2788887377378739,0.2857661089194214,0.2503060808053326,0.18169863510633474,0.0033404374310373494,0
DEVON,TEIGNBRIDGE,60541,145000.0,169701.17680580102,137500.0,0.0936720569531392,0.8755388909994879,0.11646652681653755,0.20341586693315275,0.3693860359095489,0.30600749905023045,0.004724071290530384,0
GLOUCESTERSHIRE,CHELTENHAM,58579,152000.0,191398.2167329589,139975.0,0.07396848700046092,0.7287935949743082,0.26429266460677037,0.286365421055327,0.15655781081957698,0.28901142047491424,0.0037726830434114613,0
CUMBRIA,ALLERDALE,35943,90000.0,120604.94338257797,103000.0,0.08332637787608158,0.8457279581559691,0.057173858609464986,0.2571849873410678,0.2771332387391147,0.4033608769440503,0.005147038366302201,1
GREATER LONDON,BEXLEY,91118,160000.0,182661.36435171973,138245.0,0.050571786035689986,0.7454070545885555,0.2510151671458987,0.36366030861081233,0.05752979652757962,0.32504005794683816,0.0027546697688711342,0
ISLE OF WIGHT,ISLE OF WIGHT,72806,130000.0,151417.0592396231,116500.0,0.07478779221492735,0.7402686591764415,0.20150811746284647,0.2610911188638299,0.32173172540724665,0.21095788808614674,0.004711150179930225,0
SOMERSET,TAUNTON DEANE,51018,140000.0,164837.6418322945,116000.0,0.14810459053667333,0.882257242541848,0.11182327805872437,0.24607001450468463,0.29595436904621897,0.3411345015484731,0.005017836841898938,1
NORFOLK,BRECKLAND,58722,124950.0,141321.21022785327,102500.0,0.11803072102448826,0.9577671060249991,0.03494431388576683,0.25615612547256567,0.4657879500017029,0.23958652634447056,0.003525084295494023,1
DEVON,MID DEVON,32638,145000.0,167364.84398553832,125000.0,0.12117776824560328,0.9350756786567804,0.05839818616336785,0.22893559654390588,0.37802561431460263,0.3280531895336724,0.006587413444451253,1
MERTHYR TYDFIL,MERTHYR TYDFIL,16722,62950.0,77804.16732448271,59000.0,0.09317067336443009,0.9569429494079655,0.013814137064944384,0.20493960052625285,0.17940437746681018,0.5968185623729219,0.005023322569070686,1
STAFFORDSHIRE,CANNOCK CHASE,35318,99950.0,111836.70083243672,80000.0,0.11733393736904695,0.8460275213772014,0.07251259980746362,0.44331502350076446,0.2897955716631746,0.19032787813579477,0.004048926892802537,1
LANCASHIRE,BLACKBURN,6241,33500.0,40317.46386796988,27000.0,0.13010735459061049,0.6301874699567377,0.020829995193078033,0.22800833199807724,0.1326710463066816,0.6184906265021631,0.0,1
THAMESDOWN,THAMESDOWN,8882,53997.5,61619.36590857915,29000.0,0.1813780680027021,0.9003602792163927,0.04976356676424229,0.2632290024769196,0.24611573969826617,0.44089169106057197,0.0,1
WEST GLAMORGAN,NEATH,770,39995.0,44190.27792207792,25875.0,0.18701298701298702,0.812987012987013,0.01038961038961039,0.4155844155844156,0.23376623376623376,0.34025974025974026,0.0,1
STOCKTON-ON-TEES,STOCKTON-ON-TEES,75493,90500.0,112603.92730451829,86000.0,0.16846595048547547,0.9393718622918681,0.04373915462360749,0.38806246936802086,0.3008755778681467,0.26360059873100816,0.0037221994092167484,1
CORNWALL,PENWITH,19902,100000.0,131798.42126419456,117987.5,0.05532107325896895,0.8670987840418048,0.12435936086825444,0.16877700733594614,0.2933875992362577,0.41347603255954174,0.0,1
LINCOLNSHIRE,NORTH KESTEVEN,52249,120000.0,131454.32236023655,95000.0,0.19655878581408257,0.9736645677429233,0.01940706999177018,0.2841776876112461,0.5696185572929625,0.12373442553924477,0.0030622595647763593,1
GREATER LONDON,LAMBETH,112217,227500.0,298506.15364873415,222500.0,0.08402470213960452,0.2957573273211724,0.6944491476336028,0.06210288993646239,0.011094575688175588,0.2274432572604864,0.0049101294812728905,2
NORFOLK,SOUTH NORFOLK,55062,149995.0,168353.01605462932,125500.0,0.1619083941738404,0.9419200174348916,0.050270604046347755,0.28171878972794306,0.4889579020013803,0.17543859649122806,0.0036141077331008683,1
LANCASHIRE,CHORLEY,44582,109997.0,130306.61085191333,100000.0,0.16188147682921358,0.6362433269032345,0.04824817190794491,0.3102821766632273,0.320039477816159,0.31781885065721593,0.003611322955452873,1
GREATER MANCHESTER,STOCKPORT,114488,120000.0,149238.02660540843,111850.0,0.03720040528264971,0.6501292711899938,0.09497938648591993,0.41817483054992666,0.1934700579973447,0.2894975892669974,0.003878135699811334,0
HAMPSHIRE,TEST VALLEY,50843,175000.0,221368.2515193832,152500.0,0.1571307751312865,0.8793147532600358,0.11142143461243435,0.23462423539130264,0.38209783057648056,0.26735243789705565,0.0045040615227268255,0
NOTTINGHAMSHIRE,RUSHCLIFFE,49224,151000.0,179784.57868113116,135000.0,0.11441573216317244,0.9096578904599383,0.07878270762229807,0.32155046318868846,0.454534373476353,0.14267430521696733,0.0024581504956931576,1
WARWICKSHIRE,STRATFORD-ON-AVON,53156,182000.0,230276.12066370682,157000.0,0.1343216193844533,0.8662615697193168,0.11599819399503349,0.27567913311761605,0.37698472420799156,0.2253743697795169,0.005963578899841974,0
LANCASHIRE,WYRE,47099,100300.0,120683.78526083357,90000.0,0.0771566275292469,0.8141786449818468,0.07817575744707955,0.4347438374487781,0.27276587613325126,0.2106626467653241,0.003651882205566997,1
GREATER LONDON,BRENT,80057,202000.0,267863.09053549345,201000.0,0.06560325767890378,0.454601096718588,0.533519867094695,0.20223091047628564,0.03831020397966449,0.22006820140649788,0.005870817042856964,0
POOLE,POOLE,76862,167000.0,215331.65041242747,149000.0,0.07192110535765397,0.7087507480939866,0.2857719028908954,0.19077047175457312,0.3717441648669043,0.14859098123910386,0.0031224792485233274,0
SHROPSHIRE,NORTH SHROPSHIRE,15730,105000.0,129729.09624920534,101050.0,0.1354100445009536,0.947488874761602,0.04189446916719644,0.3020979020979021,0.4813731722822632,0.17463445645263828,0.0,1
KENT,MAIDSTONE,65738,165000.0,194178.0000760595,133000.0,0.1164623201192613,0.8463597919011835,0.14536493352398916,0.32305515835589765,0.23243785938117983,0.29497398764793575,0.004168061090997596,0
KENT,TONBRIDGE AND MALLING,48778,198508.0,239767.65572594202,162187.5,0.14604944852187463,0.8757226618557546,0.11568740005740293,0.321579400549428,0.2737094591824183,0.2821763909959408,0.006847349214809955,0
LANCASHIRE,BURNLEY,45112,50000.0,69364.27187887924,57000.0,0.055506295442454334,0.3015383933321511,0.025602943784358928,0.19112431282142223,0.10728852633445646,0.6713734704734882,0.004610746586274162,0
DEVON,SOUTH HAMS,42039,171500.0,220975.6453769119,180000.0,0.07171911796189252,0.8607245652846167,0.12348057755893337,0.20842550964580508,0.3697994719189324,0.29101548562049523,0.007278955255833868,0
SUFFOLK,SUFFOLK COASTAL,58422,154500.0,185784.19359145526,145000.0,0.12959159220841465,0.9037862449077403,0.09023997809044539,0.26811817466023075,0.4357947348601554,0.20247509499845948,0.0033720173907089796,1
LEICESTERSHIRE,CHARNWOOD,68130,124950.0,146086.57291941874,105000.0,0.13836782621458976,0.9358579186848671,0.05617202407162777,0.37331571994715984,0.30688389842947306,0.26020842506971964,0.003419932482019668,1
HERTFORDSHIRE,BROXBOURNE,42070,174500.0,199293.08611837414,139500.0,0.11238412170192537,0.7055621583075826,0.28626099358212503,0.21138578559543617,0.14939386736391727,0.34991680532445923,0.0030425481340622773,0
DENBIGHSHIRE,DENBIGHSHIRE,34526,95000.0,111145.43193535307,83250.0,0.05966517986444998,0.9373805248218734,0.0406650060823727,0.3248855934657939,0.44801019521520014,0.1813705613161096,0.005068643920523664,1
BERKSHIRE,NEWBURY,9248,80000.0,97495.37889273357,54500.0,0.14803200692041524,0.8885164359861591,0.10596885813148789,0.3307742214532872,0.3474264705882353,0.21583044982698962,0.0,1
HUMBERSIDE,EAST YORKSHIRE,1844,49500.0,55569.804229934925,27749.5,0.2044468546637744,0.9479392624728851,0.05856832971800434,0.3920824295010846,0.3703904555314534,0.1789587852494577,0.0,1
SOUTH GLAMORGAN,VALE OF GLAMORGAN,1775,52950.0,63573.95492957746,34500.0,0.19436619718309858,0.8501408450704225,0.06704225352112676,0.3346478873239437,0.2552112676056338,0.3430985915492958,0.0,1
DERBYSHIRE,DERBY,7548,41000.0,46928.523582405935,26800.0,0.11552729199788023,0.9680710121886592,0.024377318494965553,0.41467938526762055,0.26934287228404874,0.2916004239533651,0.0,1
MID GLAMORGAN,CYNON VALLEY,627,32500.0,36586.570972886766,24000.0,0.12599681020733652,0.9617224880382775,0.011164274322169059,0.24082934609250398,0.1371610845295056,0.6108452950558214,0.0,1
GREATER LONDON,HAMMERSMITH AND FULHAM,73301,315000.0,465681.8587331687,355000.0,0.04778925253407184,0.32763536650250336,0.6637017230324279,0.02319204376475082,0.004706620646375902,0.3017830588941488,0.006616553662296558,2
WEST MIDLANDS,WALSALL,76878,97500.0,116508.50373318765,84295.0,0.11099404250891022,0.8314472280756523,0.10350165196805328,0.37645360181066106,0.2049480995863576,0.31072608548609487,0.004370561148833216,1
CAMBRIDGESHIRE,SOUTH CAMBRIDGESHIRE,60664,190000.0,228832.68932150863,158000.0,0.16047408677304498,0.9188975339575366,0.05990373203217724,0.27944085454305684,0.42146907556376106,0.23559277330871686,0.0035935645522880127,1
NORFOLK,GREAT YARMOUTH,41239,96995.0,113605.13860665874,90000.0,0.0717524673246199,0.913285967167002,0.043478260869565216,0.23822110138461167,0.30895511530347486,0.4013918863212008,0.007953636121147457,1
SOUTH YORKSHIRE,BARNSLEY,83172,80000.0,95833.75165921224,75500.0,0.15761313903717597,0.9360842591256673,0.0364786226133795,0.3370124561150387,0.2539556581541865,0.36872986101091715,0.003823402106478142,1
KENT,DOVER,46668,128000.0,152415.8057769778,114000.0,0.059826862089654584,0.8739178880603411,0.12059655438416045,0.2837061798234336,0.2158438330333419,0.37603925602125654,0.003814176737807491,0
BUCKINGHAMSHIRE,AYLESBURY VALE,85998,172500.0,212304.37202027955,151000.0,0.14041024209865346,0.8738226470383033,0.11932835647340635,0.30053024488941604,0.2985883392637038,0.27793669620223727,0.00361636317123654,0
WEST SUSSEX,CHICHESTER,50980,208725.0,267578.2393879953,192500.0,0.09846998823067869,0.8264613573950569,0.1621224009415457,0.23499411533934877,0.3742448018830914,0.22328364064338957,0.005355041192624558,0
DURHAM,DERWENTSIDE,24580,68000.0,82108.11753458096,70000.0,0.15756712774613507,0.9458502847843775,0.023962571196094386,0.2533767290480065,0.2097640358014646,0.5128966639544345,0.0,1
CUMBRIA,COPELAND,24642,76500.0,96437.81499066635,80000.0,0.07138219300381463,0.9183507832156481,0.039607174742309875,0.3255823390958526,0.23155588020452886,0.3978978978978979,0.005356708059410762,1
RHONDDA CYNON TAFF,RHONDDA CYNON TAFF,77301,68000.0,85384.84359840106,71000.0,0.09569087075199545,0.9283967865874956,0.016765630457562,0.22962186776367705,0.17904037463939665,0.570833495038874,0.0037386321004902914,1
WEST MIDLANDS,DUDLEY,98685,102500.0,117821.67494553377,84000.0,0.08506865278411106,0.8607589805948219,0.08464305618888382,0.42219182246542025,0.220864366418402,0.26804478897502154,0.004255965952272382,1
DARLINGTON,DARLINGTON,46539,85000.0,107559.2363179269,82635.5,0.12774232364253638,0.9193364704871183,0.06751326844152217,0.35838758890393,0.19761920110015255,0.3730204774490212,0.0034594641053739875,1
WOKINGHAM,WOKINGHAM,71229,222000.0,260506.2822445914,176500.0,0.10992713641915512,0.8684103384857291,0.12225357649272066,0.2791840402083421,0.3834954863889708,0.212694267784189,0.002372629125777422,0
TYNE AND WEAR,NEWCASTLE UPON TYNE,98376,102500.0,135347.9048243474,101000.0,0.09072334715784337,0.5971985037000894,0.32531308449215257,0.24866837440026024,0.08526469870700171,0.33324184760510694,0.007511994795478572,0
DERBYSHIRE,DERBYSHIRE DALES,26188,156000.0,190464.2252940278,153000.0,0.07621811516725217,0.9305788910951581,0.05769818237360623,0.2686344890789675,0.4172903619978616,0.25022911257064306,0.006147853978921643,1
STAFFORDSHIRE,EAST STAFFORDSHIRE,45794,104500.0,128034.28962309472,95500.0,0.13977813687382626,0.9336157575228196,0.051950037122767176,0.30320566013014805,0.3279032187622833,0.3126828842206403,0.004258199764161244,1
CORNWALL,CORNWALL,81205,190000.0,231434.91622437042,122000.0,0.10473493011514069,0.8631734499107198,0.12291115079120744,0.20171171725878947,0.3599408903392648,0.2975432547256942,0.017892986885044024,0
LANCASHIRE,FYLDE,37025,125000.0,149693.3245104659,117500.0,0.09544902093180284,0.41428764348413233,0.2050236326806212,0.3298041863605672,0.26066171505739366,0.20040513166779203,0.004105334233625928,0
GLOUCESTERSHIRE,FOREST OF DEAN,30734,129995.0,152761.11153771068,116995.0,0.08352313398841674,0.9544153055248259,0.04291663955228737,0.30855079065530033,0.4477451682176092,0.19577666428060128,0.005010737294201861,1
CHESHIRE EAST,CHESHIRE EAST,51754,180000.0,239435.01891641226,150205.0,0.07755922247555745,0.7633033195501797,0.09243729953240329,0.2910306449743015,0.337886926614368,0.2657765583336554,0.012868570545271863,0
HUMBERSIDE,THE EAST YORKSHIRE BOROUGH OF BEVERLEY,2504,58000.0,67573.36661341853,36000.0,0.21565495207667731,0.9612619808306709,0.031150159744408944,0.3937699680511182,0.3402555910543131,0.23482428115015974,0.0,1
HUMBERSIDE,GREAT GRIMSBY,1347,32250.0,35263.89309576838,18000.0,0.04083147735708983,0.8589458054936897,0.06904231625835189,0.27765404602821087,0.10170749814402376,0.5515961395694136,0.0,1
GWYNEDD,YNYS MON-ISLE OF ANGLESEY,780,45000.0,48352.07307692308,25812.5,0.046153846153846156,0.9794871794871794,0.017948717948717947,0.21153846153846154,0.5153846153846153,0.2551282051282051,0.0,1
NORFOLK,NORTH NORFOLK,50678,134000.0,159342.78493626424,130000.0,0.07535814357314811,0.8891037531078575,0.09560361498085955,0.23708512569556808,0.45390504755515215,0.20857176684162754,0.0048344449267926914,1
NORTH EAST LINCOLNSHIRE,NORTH EAST LINCOLNSHIRE,64109,72950.0,89434.93746587842,74505.0,0.0698809839492115,0.9159712364878566,0.04436194606061551,0.3164298304450233,0.22530377950053815,0.4103324026267763,0.0035720413670467487,1
WEST MIDLANDS,WOLVERHAMPTON,66596,90000.0,106766.71843654274,77000.0,0.07964442308847378,0.8664334194245901,0.10688329629407171,0.4408973511922638,0.18055138446753558,0.26714817706769173,0.004519790978437143,1
BLACKPOOL,BLACKPOOL,66558,75000.0,87293.55526007392,64500.0,0.03786171459478951,0.8558550437212656,0.0920700742209802,0.38862345623366085,0.08147780882839027,0.43257008924547014,0.0052585714714985425,1
NORTHAMPTONSHIRE,NORTHAMPTON,109190,114995.0,128854.8843758586,89950.0,0.1086454803553439,0.8852642183350123,0.10843483835516073,0.2689715175382361,0.23279604359373568,0.38694019598864365,0.00285740452422383,0
GREATER MANCHESTER,TRAFFORD,88710,145000.0,193889.3619772292,134050.0,0.07323864276857175,0.6013865404125803,0.15353398714913763,0.42870025927178446,0.15598016007214519,0.2574907000338181,0.004294893473114643,0
GREATER MANCHESTER,WIGAN,113221,81000.0,98212.016807836,74950.0,0.13435670061207727,0.38650073749569425,0.04462069757377165,0.379231767958241,0.20400809037192746,0.3674936628363996,0.0046457812596603105,0
HAMPSHIRE,BASINGSTOKE AND DEANE,74734,170000.0,205251.44515213958,134000.0,0.1291246286830626,0.8398586988519282,0.14609147108411166,0.2048599031230765,0.2949260042283298,0.3512992747611529,0.0028233468033291406,0
HERTFORDSHIRE,WELWYN HATFIELD,40582,190000.0,248119.7281553398,166087.5,0.10738751170469667,0.7182494702084669,0.22453304420679118,0.19508649154797694,0.19523434034793752,0.3817948844315214,0.003351239465773003,0
ESSEX,BRAINTREE,67057,147995.0,173674.3135690532,130000.0,0.14101436091683195,0.8573601562849517,0.13317028796397096,0.2966133289589454,0.28964910449319237,0.27649611524523915,0.004071163338652191,1
HAMPSHIRE,GOSPORT,39721,119500.0,131128.5386571335,97005.0,0.1005261700360011,0.7429319503537172,0.23108683064374008,0.21998439112811863,0.12409053145691196,0.42219480879131943,0.0026434379799098713,0
TYNE AND WEAR,NORTH TYNESIDE,86740,94000.0,114790.91822688494,92450.0,0.11917223887479825,0.6512681577127046,0.2500691722388748,0.3000922296518331,0.12256167857966337,0.3237952501729306,0.0034816693566981785,0
ESSEX,UTTLESFORD,34973,225000.0,267986.277642753,203000.0,0.14511194349927087,0.8766762931404226,0.1169759528779344,0.2431590083778915,0.4177794298458811,0.21722471620964745,0.004860892688645526,0
CAMBRIDGESHIRE,FENLAND,46181,106000.0,115527.95565275762,86005.0,0.11625993373898356,0.9570602628786731,0.04187869470128408,0.29464498386782445,0.43725774669236267,0.2223858296702107,0.0038327450683181396,1
GREATER LONDON,BARNET,127957,236950.0,323370.622373141,232500.0,0.09737646240533929,0.5173456708112881,0.46712567503145586,0.2611111545284744,0.08255898465890885,0.18520284157959316,0.004001344201567714,0
GREATER LONDON,HARINGEY,78815,204000.0,285652.1634967963,212022.5,0.031186956797563916,0.4425426631986297,0.5412294613969422,0.061396942206432784,0.013664911501617713,0.3785573812091607,0.005151303685846603,0
STOKE-ON-TRENT,STOKE-ON-TRENT,93611,65000.0,79319.72270352843,61000.0,0.08209505293181357,0.9505506831462115,0.035829122645842905,0.3694223969405305,0.14667079723536763,0.4439649186527224,0.004112764525536529,1
DERBYSHIRE,NORTH EAST DERBYSHIRE,32122,105000.0,127896.06120415914,100000.0,0.08990722869061703,0.8564535209513728,0.031349231056596726,0.38932818628977023,0.3867754187161447,0.18809538633958034,0.004451777597907976,1
STAFFORDSHIRE,STAFFORDSHIRE MOORLANDS,34653,105000.0,123554.70674977635,96000.0,0.08388884079300493,0.9582720110812917,0.026750930655354516,0.3581219519233544,0.36646177820102155,0.24396156176954376,0.004703777450725767,1
WILTSHIRE,SALISBURY,30804,141000.0,170717.68461888065,126962.5,0.12631476431632255,0.8733930658356057,0.1128100246721205,0.25460979093624203,0.3767692507466563,0.2558109336449812,0.0,1
TORFAEN,TORFAEN,26825,88000.0,100612.97293569431,76000.0,0.08641192917054986,0.871314072693383,0.04104380242311277,0.265834109972041,0.22303821062441753,0.4657968313140727,0.004287045666356011,1
GREATER MANCHESTER,BURY,74165,90000.0,111784.02828827614,87000.0,0.08400188768286927,0.36366210476639926,0.0797815681251264,0.34327512977819724,0.17090271691498685,0.4024405042809951,0.003600080900694398,0
STAFFORDSHIRE,LICHFIELD,38015,145000.0,179931.6620544522,132000.0,0.1300802314875707,0.8143627515454426,0.10395896356701302,0.3191634880968039,0.37811390240694465,0.19408128370380112,0.0046823622254373275,1
BEDFORDSHIRE,MID BEDFORDSHIRE,43895,127450.0,149871.84314842237,113500.0,0.14735163458252648,0.9151156168128488,0.0773208793712268,0.29101264380908987,0.3204465201047955,0.3112199567148878,0.0,1
NORFOLK,KING'S LYNN AND WEST NORFOLK,66517,120000.0,142634.76664612055,106500.0,0.08818798201963408,0.935881052963904,0.05855645925101854,0.2641430010373288,0.45155373814212907,0.2209811025752815,0.004765698994242074,1
DURHAM,SEDGEFIELD,24218,59950.0,71980.03414815427,54000.0,0.11805268808324387,0.9359980180031382,0.02126517466347345,0.27694276984061444,0.22318110496325047,0.47861095053266167,0.0,1
WILTSHIRE,WILTSHIRE,66222,215000.0,260806.86866902237,140450.0,0.1292923801757724,0.8838301470810305,0.10707921838663888,0.24712331249433722,0.35516897707710426,0.27818549726676933,0.012442994775150252,0
KENT,GILLINGHAM,5712,50500.0,57848.76418067227,30076.75,0.07965686274509803,0.9373249299719888,0.058298319327731093,0.24737394957983194,0.15476190476190477,0.5395658263305322,0.0,1
AVON,BATH,1377,64000.0,82006.883805374,40000.0,0.02251270878721859,0.625998547567175,0.26143790849673204,0.19753086419753085,0.1074800290486565,0.4335511982570806,0.0,0
WEST GLAMORGAN,LLIW VALLEY,800,40000.0,43319.55875,20500.0,0.105,0.8275,0.01,0.4625,0.27875,0.24875,0.0,1
MERSEYSIDE,SEFTON,92140,102500.0,125135.37872802258,100000.0,0.05629476883004124,0.6568808335142174,0.15280008682439766,0.4733883221185153,0.16247015411330584,0.20609941393531583,0.005242023008465379,0
SUFFOLK,IPSWICH,55687,113500.0,128631.56650564764,87525.0,0.1014958607933629,0.8318638102250077,0.16100705730242246,0.3710560813116167,0.1428879271643292,0.32086483380322156,0.0041841004184100415,1
CARDIFF,CARDIFF,134115,125000.0,148649.2489057898,102500.0,0.11623606606270738,0.7601386869477688,0.20992431868172837,0.2474518137419379,0.14230324721321255,0.3967192334936435,0.003601386869477687,0
SLOUGH,SLOUGH,51504,145000.0,169794.6656764523,120000.0,0.11659288598943772,0.6206896551724138,0.3619913016464741,0.2503883193538366,0.07987729108418763,0.30465594905250076,0.003087138863000932,0
SUFFOLK,WAVENEY,52354,108000.0,125751.88594949765,98950.0,0.0726592046452993,0.9570997440501203,0.03707453107689957,0.27136417465714174,0.33890438170913395,0.3483210451923444,0.004335867364480269,1
LEICESTERSHIRE,HINCKLEY AND BOSWORTH,47904,120000.0,140190.05066382766,101000.0,0.13218102872411489,0.9280853373413493,0.060976118904475615,0.3721609886439546,0.3460671342685371,0.21626586506346027,0.004529893119572478,1
GREATER LONDON,CROYDON,138675,173000.0,206629.8329186948,146000.0,0.04889129259058951,0.6167586082567154,0.3770831079862989,0.19459888227870922,0.09936902830358753,0.3250621957815035,0.0038867856499008474,0
SURREY,WAVERLEY,53416,242500.0,319460.66802081774,238250.0,0.05833458139883181,0.7850456791972442,0.19604612850082373,0.25608431930507713,0.36354275872397784,0.179740152763217,0.0045866407069042985,0
MONMOUTHSHIRE,MONMOUTHSHIRE,32434,145000.0,175772.41018684098,129995.0,0.12718135290127644,0.9242769932786582,0.05426404390454461,0.27289264352222975,0.45473885428870936,0.21277054942344453,0.005333908861071715,1
DERBYSHIRE,EREWASH,47201,92500.0,108617.01582593589,78050.0,0.08296434397576323,0.948242621978348,0.0340458888582869,0.43094425965551575,0.2722188089235398,0.2586174021736828,0.00417364038897481,1
SWINDON,SWINDON,93092,131950.0,150897.133018949,85500.0,0.15769346452971253,0.8304902676921755,0.1301078502986293,0.23569157392686804,0.20915868173419844,0.4219266961715292,0.0031151978687749752,0
CORNWALL,CARADON,26326,96000.0,121419.09803996049,98500.0,0.0856187799133936,0.8997189090632834,0.08220010635873282,0.21993466534984427,0.34999620147382815,0.3478690268175948,0.0,1
NORTHUMBERLAND,TYNEDALE,15164,107000.0,137091.89719071484,110500.0,0.09159852281719863,0.8526773938274862,0.08223423898707465,0.2597599577947771,0.34647850171458716,0.31152730150356106,0.0,1
ESSEX,MALDON,28259,162000.0,189835.36678580276,147500.0,0.10598393432180898,0.9097278743055309,0.08039916486782972,0.27099331186524644,0.4381966807034927,0.20588131214834213,0.004529530415088998,1
CUMBRIA,SOUTH LAKELAND,48280,140000.0,173476.90555095277,141045.25,0.0774026512013256,0.8267191383595692,0.15182270091135044,0.26886909693454847,0.2846934548467274,0.28823529411764703,0.006379453189726595,0
WEST SUSSEX,WORTHING,60154,143000.0,165828.9573926921,136950.0,0.03806895634538019,0.6695814077201848,0.3598929414502776,0.22380889051434652,0.18416065432057718,0.22931143398610235,0.002826079728696346,0
NORTH YORKSHIRE,SCARBOROUGH,53311,105000.0,122810.84761118719,96500.0,0.07718857271482434,0.8556958226257245,0.1999212170096228,0.2955300031888353,0.2110821406463957,0.2883269869257752,0.005139652229371049,0
HERTFORDSHIRE,NORTH HERTFORDSHIRE,55811,172500.0,211047.95601225566,149000.0,0.11908046800809877,0.7231549336152372,0.21463510777445308,0.25432262457221694,0.2195624518464102,0.3078783752306893,0.003601440576230492,0
NORTHUMBERLAND,WANSBECK,17689,62000.0,74357.91514500538,60000.0,0.11775679801006275,0.8001017581547855,0.0854768500197863,0.2474984453615241,0.2147662389055345,0.4522584657131551,0.0,1
WARWICKSHIRE,RUGBY,43698,128000.0,153701.5493844112,107500.0,0.13888507483180007,0.9122385463865623,0.07865348528536775,0.3192594626756373,0.3014783285276214,0.2967412696233237,0.0038674538880497963,1
CAMBRIDGESHIRE,CAMBRIDGE,42428,203000.0,261242.6590694824,197000.0,0.14584708211558406,0.6978410483642877,0.28165362496464597,0.23505703780522297,0.1128500047138682,0.3664089752050533,0.004030357311209579,0
SOMERSET,WEST SOMERSET,15744,149950.0,183182.10651676828,139000.0,0.0741234756097561,0.8328887195121951,0.15802845528455284,0.23945630081300814,0.3626143292682927,0.23342225609756098,0.0064786585365853655,0
NORTHUMBERLAND,NORTHUMBERLAND,37371,142000.0,179548.44034144122,129752.5,0.10149581226084398,0.8142409890021675,0.09427095876481764,0.2828663937277568,0.2842043295603543,0.32212143105616653,0.016536886890904712,0
HEREFORD AND WORCESTER,SOUTH HEREFORDSHIRE,3116,67500.0,78163.36296534017,45687.5,0.20507060333761232,0.9573170731707317,0.031129653401797176,0.22528883183568676,0.5487804878048781,0.19480102695763798,0.0,1
MID GLAMORGAN,RHONDDA,745,25500.0,28040.6,18850.0,0.024161073825503355,0.9932885906040269,0.004026845637583893,0.08590604026845637,0.06040268456375839,0.8496644295302014,0.0,1
AVON,BRISTOL,5802,47500.0,56744.000861771805,27000.0,0.05894519131334023,0.7304377800758359,0.18958979662185454,0.24250258531540847,0.060496380558428126,0.5074112375043088,0.0,1
LINCOLNSHIRE,SOUTH HOLLAND,41929,113500.0,121043.92100932529,87050.0,0.1422643039423788,0.9683989601469151,0.02613942617281595,0.26707052398101555,0.5562021512556942,0.14698657253929262,0.0036013260511817595,1
GREATER MANCHESTER,MANCHESTER,181363,99000.0,123228.98692125737,96999.0,0.18324575574951893,0.5152208554115227,0.29840154827610926,0.26573226071469924,0.04164576016056196,0.38884447213599244,0.005375958712637087,0
WORCESTERSHIRE,WYRE FOREST,36493,119000.0,137532.38275833722,93000.0,0.08193352149727345,0.8827994409886828,0.09623763461485764,0.34099690351574274,0.2839174636231606,0.2748472309758036,0.004000767270435426,1
WEST MIDLANDS,BIRMINGHAM,332091,105000.0,129198.34304753818,88050.0,0.07988171916733666,0.7384210954226402,0.17449735162952323,0.33256848273515394,0.09948477977421852,0.3887819904785134,0.004667395382590916,0
NORTH YORKSHIRE,HARROGATE,70261,160000.0,205164.26504034956,154950.0,0.06854442720712771,0.8269594796544313,0.15718535175986678,0.2841690269139352,0.2911572565149941,0.26236461194688376,0.005123752864320178,0
READING,READING,71281,163500.0,194882.1500399826,121000.0,0.09724891626099522,0.6970440930963371,0.29275683562239585,0.23821214629424392,0.09992845218220844,0.365567261963216,0.003535303937935775,0
HAMPSHIRE,EASTLEIGH,58315,159995.0,183190.18912801167,131000.0,0.10199777072794307,0.8005658921375289,0.1638857926776987,0.2490954299922833,0.2978650432993226,0.28625568035668353,0.0028980536740118323,0
CONWY,CONWY,46076,110000.0,125954.86997569233,97500.0,0.08288479902769337,0.8329282055734004,0.13330150186648146,0.3222067887837486,0.36507075266950256,0.17204184391006164,0.0073791127702057474,1
GREATER LONDON,HACKNEY,63131,229000.0,300559.6897087009,235000.0,0.1471860100426098,0.26207409988753544,0.7208819755745989,0.02518572492119561,0.0045461025486686416,0.2407850342937701,0.008601162661766802,2
DORSET,WEST DORSET,48408,175000.0,203394.6504090233,150000.0,0.11717071558420096,0.8433729961989753,0.1465873409353826,0.20924227400429682,0.3659725665179309,0.27354982647496284,0.0046479920674268715,0
ESSEX,BRENTWOOD,33071,217000.0,274552.06519306946,200000.0,0.06628163647909044,0.7441867497202987,0.2429318738471773,0.29028453932448367,0.27362341628617215,0.1887151885337607,0.004444982008406156,0
WILTSHIRE,NORTH WILTSHIRE,42665,128000.0,153564.3846243994,111000.0,0.15429508965193953,0.9266143208719091,0.0705965076760811,0.2660963318879644,0.3681471932497363,0.29515996718621823,0.0,1
SURREY,GUILDFORD,58733,225000.0,301109.26674952754,211000.0,0.07133979193979534,0.7735685219552892,0.21241891270665555,0.322748710265098,0.2884919891713347,0.17240733488839324,0.00393305296851855,0
SUFFOLK,FOREST HEATH,28320,126500.0,148121.94791666666,102000.0,0.12245762711864407,0.9047316384180791,0.08280367231638418,0.2621822033898305,0.34947033898305085,0.30204802259887004,0.0034957627118644067,1
GREATER LONDON,EALING,106280,215000.0,287518.93123823864,195000.0,0.057922468949943545,0.535265336846067,0.4458788106887467,0.1932442604441099,0.029450508091832896,0.32595031990967255,0.0054761008656379374,0
SOUTH YORKSHIRE,DONCASTER,105819,80000.0,98275.08305691794,78005.0,0.11248452546329109,0.9599221311862709,0.028983452877082566,0.418204670238804,0.2631285496933443,0.286092289664427,0.0035910375263421505,1
KENT,THANET,65695,124995.0,139941.03956161047,109995.0,0.054524697465560545,0.7821904254509475,0.22226957911561002,0.2766572798538702,0.1946266839181064,0.3013775782022985,0.005068878910114925,0
LINCOLNSHIRE,EAST LINDSEY,60272,100000.0,117709.05712436953,91200.0,0.08546256968409875,0.9511547650650385,0.040383594372179456,0.24953543934165118,0.5422750199097425,0.16219803557207327,0.005607910804353597,1
GREATER MANCHESTER,BOLTON,98978,79000.0,101263.07472367596,78400.0,0.092626644304795,0.2866394552324759,0.06792418517246257,0.3034613752551072,0.17420032734547072,0.4497666148032896,0.004647497423669906,0
DEVON,EXETER,52940,144000.0,164366.22183604082,125000.0,0.10321118247072157,0.7758027956176804,0.20477899508877975,0.20149225538345297,0.1347563279183982,0.45483566301473366,0.004136758594635436,0
ESSEX,EPPING FOREST,54427,215000.0,276239.8958605104,211000.0,0.07244566116082092,0.7391735719403972,0.2470281294210594,0.27074797435096554,0.22858140261267385,0.2501883256471972,0.003454167968104066,0
GREATER LONDON,LEWISHAM,103397,174000.0,214506.7644322369,160000.0,0.0754567347215103,0.45425882762555975,0.5315628113001344,0.09429673975066975,0.015648423068367553,0.3543816551737478,0.004110370707080476,0
WEST SUSSEX,MID SUSSEX,65562,195000.0,235217.29857234375,172000.0,0.10345932094811018,0.7879716909185199,0.2041121381287941,0.2754339403923004,0.29675726792959334,0.21980720539336812,0.003889448155943992,0
EAST SUSSEX,WEALDEN,70418,180000.0,223870.486707944,162998.75,0.08786105825215144,0.880158482206254,0.1122014257718197,0.29422874833139256,0.4170240563492289,0.17191627140787866,0.0046294981396801955,0
LINCOLNSHIRE,WEST LINDSEY,38104,107000.0,124277.65176884316,104003.5,0.1471761494856183,0.9544667226537896,0.018292042830149065,0.24152319966407726,0.48034327104765906,0.25572118412765066,0.004120302330463993,1
SURREY,EPSOM AND EWELL,33139,239500.0,279170.6125109388,200000.0,0.0933341380246839,0.7071728175261777,0.27200579377772416,0.31977428407616404,0.23335043302453304,0.172032952110806,0.0028365370107728055,0
NORTHUMBERLAND,CASTLE MORPETH,13160,119000.0,157769.1327507599,127000.0,0.10623100303951367,0.8281914893617022,0.08472644376899696,0.25668693009118543,0.41329787234042553,0.2452887537993921,0.0,1
BUCKINGHAMSHIRE,SOUTH BUCKS,27056,299950.0,423183.6892371378,330000.0,0.0851936723832052,0.7718435836782969,0.20257983441750443,0.23000443524541692,0.4139931992903607,0.14717622708456535,0.006246303962152573,0
RUTLAND,RUTLAND,16285,165000.0,204932.7152594412,144175.0,0.14596254221676389,0.9486644151059257,0.04046668713540068,0.24783543137856923,0.494381332514584,0.2132637396377034,0.004052809333742708,1
NOTTINGHAMSHIRE,NOTTINGHAM,11200,40000.0,46956.130267857145,23500.0,0.030357142857142857,0.913125,0.07651785714285714,0.3780357142857143,0.17375,0.3716964285714286,0.0,1
CAMBRIDGESHIRE,PETERBOROUGH,9115,44000.0,52213.213713658806,25995.0,0.11640153592978607,0.9366977509599561,0.05639056500274273,0.31420735052111903,0.29808008776741635,0.33132199670872187,0.0,1
AVON,WOODSPRING,3650,57000.0,67394.45616438356,36561.25,0.1589041095890411,0.853972602739726,0.13506849315068492,0.31917808219178084,0.3495890410958904,0.19616438356164384,0.0,1
CLWYD,ALYN AND DEESIDE,990,45000.0,50790.926262626264,18687.5,0.1414141414141414,0.9818181818181818,0.011111111111111112,0.498989898989899,0.3090909090909091,0.1808080808080808,0.0,1
AVON,KINGSWOOD,1498,53500.0,59742.08411214953,24500.0,0.15086782376502003,0.9098798397863819,0.07209612817089453,0.39052069425901204,0.21895861148197596,0.3184245660881175,0.0,1
