month,property_type,sales_volume,total_revenue,median_price
1995-01-01,D,11188,1196261938.0,87000.0
1995-01-01,F,7542,472410845.0,46500.0
1995-01-01,O,1,5610000.0,5610000.0
1995-01-01,S,15430,932761518.0,53000.0
1995-01-01,T,16309,842854068.0,42500.0
1995-02-01,D,11539,1173630558.0,85000.0
1995-02-01,F,7371,419633149.0,45500.0
1995-02-01,S,15505,928272035.0,53000.0
1995-02-01,T,16434,815613530.0,42000.0
1995-03-01,D,16184,1644458578.0,85000.0
1995-03-01,F,10093,585802710.0,45000.0
1995-03-01,S,21946,1297724380.0,52500.0
1995-03-01,T,23083,1160202701.0,42000.0
1995-04-01,D,14238,1491775091.0,87250.0
1995-04-01,F,8534,507363620.0,46000.0
1995-04-01,S,18449,1110310787.0,53000.0
1995-04-01,T,19076,977455974.0,43000.0
1995-05-01,D,15786,1624613174.0,86000.0
1995-05-01,F,9573,557433934.0,46000.0
1995-05-01,O,1,10000.0,10000.0
1995-05-01,S,20927,1265870904.0,53000.0
1995-05-01,T,21554,1099206066.0,43000.0
1995-06-01,D,18724,1941894883.0,86000.0
1995-06-01,F,10816,645855688.0,46500.0
1995-06-01,S,23594,1413347737.0,53000.0
1995-06-01,T,23801,1227394077.0,43000.0
1995-07-01,D,16520,1789910605.0,88995.0
1995-07-01,F,9266,553671370.0,47000.0
1995-07-01,S,21043,1306421148.0,54000.0
1995-07-01,T,21040,1120071495.0,44000.0
1995-08-01,D,18416,2007414665.0,88750.0
1995-08-01,F,9837,588257785.0,47500.0
1995-08-01,S,22456,1391742965.0,54000.0
1995-08-01,T,22570,1182647543.0,43750.0
1995-09-01,D,17525,1851773914.0,87000.0
1995-09-01,F,9626,559797441.0,46000.0
1995-09-01,S,21512,1302203754.0,53000.0
1995-09-01,T,22821,1168936168.0,43000.0
1995-10-01,D,16020,1679948336.0,85325.0
1995-10-01,F,8978,519129357.0,45750.0
1995-10-01,S,19517,1159294015.0,52500.0
1995-10-01,T,20518,1033626920.0,42000.0
1995-11-01,D,16496,1713631329.0,85950.0
1995-11-01,F,9316,538583426.0,45000.0
1995-11-01,S,20511,1216420577.0,52500.0
1995-11-01,T,21594,1082851643.0,42000.0
1995-12-01,D,19085,1961777078.0,86000.0
1995-12-01,F,9940,590502269.0,45500.0
1995-12-01,S,22079,1314446075.0,53000.0
1995-12-01,T,22393,1130229782.0,42500.0
1996-01-01,D,11878,1273309950.0,87000.0
1996-01-01,F,7502,456134836.0,46000.0
1996-01-01,S,15324,924513021.0,53000.0
1996-01-01,T,16761,857731108.0,42000.0
1996-02-01,D,12705,1297344565.0,85000.0
1996-02-01,F,7726,450699085.0,45000.0
1996-02-01,S,16293,974439356.0,52950.0
1996-02-01,T,17735,892626967.0,42000.0
1996-03-01,D,17342,1774892045.0,85000.0
1996-03-01,F,9930,588946428.0,45000.0
1996-03-01,S,22192,1307672279.0,52500.0
1996-03-01,T,23691,1173318880.0,42000.0
1996-04-01,D,16568,1776177999.0,87500.0
1996-04-01,F,9409,580294783.0,46000.0
1996-04-01,S,20729,1271963722.0,53500.0
1996-04-01,T,21530,1125058472.0,43000.0
1996-05-01,D,20959,2195011758.0,87000.0
1996-05-01,F,11270,702393354.0,47000.0
1996-05-01,S,25675,1569327876.0,54000.0
1996-05-01,T,25678,1336499765.0,43500.0
1996-06-01,D,20906,2223981319.0,88000.0
1996-06-01,F,10953,705154931.0,48000.0
1996-06-01,S,24186,1488171436.0,54000.0
1996-06-01,T,23915,1259122444.0,44000.0
1996-07-01,D,23279,2562121304.0,90000.0
1996-07-01,F,12143,791864719.0,49000.0
1996-07-01,S,27181,1739936997.0,55000.0
1996-07-01,T,27561,1550355175.0,45000.0
1996-08-01,D,25802,2903724690.0,92000.0
1996-08-01,F,12786,838215145.0,49000.0
1996-08-01,S,29134,1863670641.0,55250.0
1996-08-01,T,28722,1595976539.0,45500.0
1996-09-01,D,22100,2451683408.0,90000.0
1996-09-01,F,11719,792560287.0,50000.0
1996-09-01,S,25069,1593471662.0,55000.0
1996-09-01,T,25908,1411498962.0,45000.0
1996-10-01,D,23368,2597882257.0,90000.0
1996-10-01,F,12922,831543677.0,48000.0
1996-10-01,S,27463,1728370290.0,55000.0
1996-10-01,T,27768,1500336596.0,44500.0
1996-11-01,D,25288,2774903719.0,90000.0
1996-11-01,F,13974,905106462.0,48500.0
1996-11-01,S,29807,1873546867.0,55000.0
1996-11-01,T,30156,1653231191.0,45000.0
1996-12-01,D,24094,2633883427.0,91000.0
1996-12-01,F,13502,903123254.0,50495.0
1996-12-01,S,26707,1700698723.0,55500.0
1996-12-01,T,27385,1539599837.0,46000.0
1997-01-01,D,16945,1934789012.0,92000.0
1997-01-01,F,11032,751256440.0,49500.0
1997-01-01,S,20492,1330342794.0,55500.0
1997-01-01,T,22248,1259537437.0,45000.0
1997-02-01,D,17137,1906512038.0,92000.0
1997-02-01,F,11015,753940105.0,50000.0
1997-02-01,S,20662,1315712389.0,55750.0
1997-02-01,T,21536,1190838248.0,45000.0
1997-03-01,D,19542,2176458267.0,90000.0
1997-03-01,F,12259,845478745.0,50000.0
1997-03-01,O,1,200.0,200.0
1997-03-01,S,23948,1519167366.0,55000.0
1997-03-01,T,25622,1422387201.0,45950.0
1997-04-01,D,20438,2363260832.0,94500.0
1997-04-01,F,12866,908391366.0,51000.0
1997-04-01,S,24362,1626371302.0,57000.0
1997-04-01,T,25897,1502277795.0,47000.0
1997-05-01,D,24942,2857312864.0,94000.0
1997-05-01,F,14248,1009155556.0,52000.0
1997-05-01,S,28583,1907581979.0,57950.0
1997-05-01,T,29158,1705566536.0,47500.0
1997-06-01,D,26299,3074470679.0,95000.0
1997-06-01,F,15071,1125007229.0,53000.0
1997-06-01,O,4,12523950.0,3138475.0
1997-06-01,S,29348,1975063640.0,57950.0
1997-06-01,T,30250,1812120742.0,48000.0
1997-07-01,D,27746,3369350567.0,97500.0
1997-07-01,F,16457,1215261185.0,53800.0
1997-07-01,S,31569,2232988036.0,59000.0
1997-07-01,T,32968,2047515534.0,48500.0
1997-08-01,D,27146,3306870301.0,98500.0
1997-08-01,F,15769,1128784611.0,54000.0
1997-08-01,S,30509,2126779749.0,59000.0
1997-08-01,T,31283,1883087807.0,48500.0
1997-09-01,D,23743,2915674493.0,97850.0
1997-09-01,F,15034,1138886097.0,55000.0
1997-09-01,S,27243,1908141706.0,59000.0
1997-09-01,T,28949,1772412920.0,48000.0
1997-10-01,D,25215,3037102232.0,96500.0
1997-10-01,F,15948,1149447846.0,54500.0
1997-10-01,S,29590,2036620577.0,58412.5
1997-10-01,T,31048,1873718570.0,48000.0
1997-11-01,D,21122,2527919261.0,96950.0
1997-11-01,F,13673,999998444.0,55000.0
1997-11-01,S,25076,1728170757.0,58500.0
1997-11-01,T,26732,1630488864.0,48000.0
1997-12-01,D,23409,2812065105.0,98000.0
1997-12-01,F,14605,1109366860.0,56000.0
1997-12-01,S,26477,1861532443.0,59000.0
1997-12-01,T,28453,1747998530.0,48995.0
1998-01-01,D,14696,1852824271.0,99500.0
1998-01-01,F,10860,835478915.0,55997.5
1998-01-01,S,18410,1322267396.0,59000.0
1998-01-01,T,20733,1309831645.0,49000.0
1998-02-01,D,15465,1903873892.0,99500.0
1998-02-01,F,10965,829406901.0,55000.0
1998-02-01,S,18808,1308536043.0,58500.0
1998-02-01,T,21222,1293125163.0,48000.0
1998-03-01,D,19240,2412989113.0,98995.0
1998-03-01,F,12927,1022974411.0,56500.0
1998-03-01,S,23408,1648783277.0,58950.0
1998-03-01,T,26073,1636592963.0,48500.0
1998-04-01,D,20613,2618354087.0,101950.0
1998-04-01,F,13192,1050069392.0,58000.0
1998-04-01,S,24393,1763793735.0,59995.0
1998-04-01,T,26270,1694939001.0,50000.0
1998-05-01,D,22465,2829417054.0,103000.0
1998-05-01,F,14355,1141078818.0,58500.0
1998-05-01,S,26774,1944383267.0,59995.0
1998-05-01,T,28099,1796154920.0,50000.0
1998-06-01,D,24812,3163826143.0,103950.0
1998-06-01,F,15268,1254381847.0,59500.0
1998-06-01,S,27712,2034712744.0,60000.0
1998-06-01,T,29300,1913972146.0,51000.0
1998-07-01,D,27348,3634477463.0,106000.0
1998-07-01,F,16842,1361642854.0,59950.0
1998-07-01,O,1,170000.0,170000.0
1998-07-01,S,31736,2399893097.0,60000.0
1998-07-01,T,33702,2255943003.0,51750.0
1998-08-01,D,23836,3224184417.0,108500.0
1998-08-01,F,14736,1207880762.0,60000.0
1998-08-01,S,27379,2066208439.0,61745.0
1998-08-01,T,28289,1907151173.0,52000.0
1998-09-01,D,22331,2989734878.0,106950.0
1998-09-01,F,14916,1256051296.0,59995.0
1998-09-01,S,25900,1949256835.0,60000.0
1998-09-01,T,27058,1786572613.0,52000.0
1998-10-01,D,23013,2969708662.0,103000.0
1998-10-01,F,14982,1230327456.0,59000.0
1998-10-01,S,27222,1979873844.0,60000.0
1998-10-01,T,28591,1828585725.0,50500.0
1998-11-01,D,20965,2703434622.0,104000.0
1998-11-01,F,13858,1111444623.0,59950.0
1998-11-01,S,25311,1856669708.0,60000.0
1998-11-01,T,26549,1673938768.0,50500.0
1998-12-01,D,22177,2852121012.0,104000.0
1998-12-01,F,14371,1194236882.0,59995.0
1998-12-01,S,25482,1884526793.0,60000.0
1998-12-01,T,27084,1736148010.0,51000.0
1999-01-01,D,14424,1923103596.0,105000.0
1999-01-01,F,10574,881422634.0,59995.0
1999-01-01,S,18248,1370571172.0,61850.0
1999-01-01,T,20297,1345350721.0,51500.0
1999-02-01,D,15462,2042308194.0,105000.0
1999-02-01,F,10865,915779571.0,60000.0
1999-02-01,S,18836,1404150950.0,60000.0
1999-02-01,T,20735,1354625328.0,51500.0
1999-03-01,D,21196,2842927345.0,107500.0
1999-03-01,F,14289,1234484290.0,61500.0
1999-03-01,O,1,50000.0,50000.0
1999-03-01,S,25261,1908578267.0,61995.0
1999-03-01,T,28082,1881872532.0,52500.0
1999-04-01,D,23165,3109575339.0,109000.0
1999-04-01,F,14846,1295570932.0,63150.0
1999-04-01,S,27328,2119813035.0,63500.0
1999-04-01,T,28854,2015759680.0,54000.0
1999-05-01,D,23727,3217084862.0,110000.0
1999-05-01,F,14639,1282433902.0,65000.0
1999-05-01,S,27229,2121236684.0,64250.0
1999-05-01,T,28584,1989235654.0,54000.0
1999-06-01,D,27519,3882088829.0,114000.0
1999-06-01,F,16956,1574348792.0,67500.0
1999-06-01,S,30086,2435198895.0,65500.0
1999-06-01,T,31688,2335720786.0,56500.0
1999-07-01,D,32500,4741797127.0,116950.0
1999-07-01,F,20038,1880960211.0,67995.0
1999-07-01,O,1,151508.0,151508.0
1999-07-01,S,36264,3010965910.0,67000.0
1999-07-01,T,37408,2813372972.0,57000.0
1999-08-01,D,29726,4390928993.0,118500.0
1999-08-01,F,18033,1742809964.0,69500.0
1999-08-01,S,32476,2731806476.0,68000.0
1999-08-01,T,34103,2591042407.0,57950.0
1999-09-01,D,28367,4290608065.0,120000.0
1999-09-01,F,17698,1770810974.0,70475.0
1999-09-01,S,30218,2581423781.0,68000.0
1999-09-01,T,31918,2451708108.0,58000.0
1999-10-01,D,29056,4195536173.0,116000.0
1999-10-01,F,18316,1782924288.0,70050.0
1999-10-01,S,32153,2682984040.0,67500.0
1999-10-01,T,34129,2541407667.0,57427.0
1999-11-01,D,27835,4057762971.0,117500.0
1999-11-01,F,18040,1790705560.0,71500.0
1999-11-01,S,30981,2601532669.0,68000.0
1999-11-01,T,33184,2538483906.0,58000.0
1999-12-01,D,27388,4010033915.0,119950.0
1999-12-01,F,18619,1902700595.0,73000.0
1999-12-01,O,1,17000.0,17000.0
1999-12-01,S,29959,2518775989.0,68000.0
1999-12-01,T,32762,2511273127.0,58500.0
2000-01-01,D,16633,2572710872.0,120000.0
2000-01-01,F,12931,1362453860.0,74000.0
2000-01-01,S,19842,1735976433.0,69000.0
2000-01-01,T,22875,1809149320.0,58500.0
2000-02-01,D,17989,2702338983.0,120000.0
2000-02-01,F,14011,1434682193.0,75000.0
2000-02-01,S,21078,1792280783.0,68000.0
2000-02-01,T,23987,1857225034.0,58000.0
2000-03-01,D,24281,3748436984.0,120000.0
2000-03-01,F,17935,1928212809.0,75000.0
2000-03-01,O,1,135000.0,135000.0
2000-03-01,S,28619,2463693845.0,68500.0
2000-03-01,T,31910,2587316291.0,58950.0
2000-04-01,D,22329,3490913134.0,124950.0
2000-04-01,F,15873,1743096849.0,78500.0
2000-04-01,S,27080,2421971593.0,71000.0
2000-04-01,T,29254,2371436050.0,59950.0
2000-05-01,D,23635,3713779841.0,125000.0
2000-05-01,F,16652,1828611365.0,79950.0
2000-05-01,S,27502,2444691654.0,71500.0
2000-05-01,T,30362,2482313102.0,60000.0
2000-06-01,D,27898,4376430815.0,125500.0
2000-06-01,F,18625,2028841582.0,80000.0
2000-06-01,S,31440,2818135737.0,71000.0
2000-06-01,T,34368,2788177465.0,60000.0
2000-07-01,D,24171,4039684606.0,130000.0
2000-07-01,F,16588,1813752850.0,79950.0
2000-07-01,S,29288,2711415722.0,73500.0
2000-07-01,T,31605,2630605563.0,60000.0
2000-08-01,D,24963,4180870752.0,131000.0
2000-08-01,F,16248,1747400630.0,80000.0
2000-08-01,S,28279,2670421062.0,75000.0
2000-08-01,T,31279,2601753590.0,60000.0
2000-09-01,D,23207,3804356257.0,128500.0
2000-09-01,F,15105,1646832027.0,80000.0
2000-09-01,O,1,250000.0,250000.0
2000-09-01,S,26567,2409784987.0,72000.0
2000-09-01,T,29433,2354975031.0,59950.0
2000-10-01,D,21448,3567720265.0,129995.0
2000-10-01,F,14293,1569448509.0,79500.0
2000-10-01,O,1,3000.0,3000.0
2000-10-01,S,25222,2293341270.0,72500.0
2000-10-01,T,27856,2213732583.0,59950.0
2000-11-01,D,21469,3565774685.0,131500.0
2000-11-01,F,14658,1661061268.0,80000.0
2000-11-01,O,2,264375.0,132187.5
2000-11-01,S,24901,2293867554.0,73000.0
2000-11-01,T,27993,2277979338.0,60000.0
2000-12-01,D,24056,3927110376.0,130000.0
2000-12-01,F,15853,1800977949.0,83000.0
2000-12-01,S,26876,2478368103.0,74950.0
2000-12-01,T,30270,2490988564.0,61500.0
2001-01-01,D,14683,2559119621.0,135000.0
2001-01-01,F,12459,1427418775.0,83500.0
2001-01-01,O,1,1800000.0,1800000.0
2001-01-01,S,19160,1838010733.0,75950.0
2001-01-01,T,22769,1929105212.0,62500.0
2001-02-01,D,15739,2666612544.0,134000.0
2001-02-01,F,12311,1386143745.0,82950.0
2001-02-01,S,19615,1861999089.0,75500.0
2001-02-01,T,24015,1973743021.0,64000.0
2001-03-01,D,22111,3699492982.0,132000.0
2001-03-01,F,16063,1871471666.0,85000.0
2001-03-01,S,26796,2516852761.0,75000.0
2001-03-01,T,31336,2648234352.0,63995.0
2001-04-01,D,22756,3923368809.0,137500.0
2001-04-01,F,15220,1806106365.0,87000.0
2001-04-01,S,26544,2634561302.0,79950.0
2001-04-01,T,29683,2634735883.0,68000.0
2001-05-01,D,25322,4375880947.0,138000.0
2001-05-01,F,16995,2023156088.0,87500.0
2001-05-01,S,30115,3010558741.0,80000.0
2001-05-01,T,33210,2949328178.0,68950.0
2001-06-01,D,29971,5224223549.0,139950.0
2001-06-01,F,19859,2460854491.0,92000.0
2001-06-01,S,33974,3421076320.0,80000.0
2001-06-01,T,37088,3338867633.0,69950.0
2001-07-01,D,28847,5352352789.0,145000.0
2001-07-01,F,19154,2342940968.0,90500.0
2001-07-01,S,34597,3639836354.0,84000.0
2001-07-01,T,37930,3570072981.0,70000.0
2001-08-01,D,32669,6054704188.0,146995.0
2001-08-01,F,20884,2564031623.0,93000.0
2001-08-01,O,1,204.0,204.0
2001-08-01,S,37799,4015105641.0,85000.0
2001-08-01,T,41522,3900524908.0,72000.0
2001-09-01,D,25509,4719131278.0,147500.0
2001-09-01,F,16967,2088620970.0,94000.0
2001-09-01,O,1,3000.0,3000.0
2001-09-01,S,29547,3113714389.0,84500.0
2001-09-01,T,32686,3039659633.0,70750.0
2001-10-01,D,26578,4800945715.0,145000.0
2001-10-01,F,18042,2147197006.0,91995.0
2001-10-01,S,32068,3312838611.0,84950.0
2001-10-01,T,36035,3236883303.0,69950.0
2001-11-01,D,27143,4778644793.0,142950.0
2001-11-01,F,18528,2191615152.0,92000.0
2001-11-01,S,33422,3408587509.0,83000.0
2001-11-01,T,37674,3335583624.0,69500.0
2001-12-01,D,24131,4394363334.0,147995.0
2001-12-01,F,16906,2083385747.0,97000.0
2001-12-01,O,1,1000000.0,1000000.0
2001-12-01,S,27132,2833604535.0,85000.0
2001-12-01,T,31544,2854774605.0,70000.0
2002-01-01,D,16491,3108993200.0,150000.0
2002-01-01,F,13214,1630996218.0,95000.0
2002-01-01,O,2,316000.0,158000.0
2002-01-01,S,21332,2264933382.0,86000.0
2002-01-01,T,25672,2363568500.0,69995.0
2002-02-01,D,17828,3283553673.0,150000.0
2002-02-01,F,14439,1796233553.0,96000.0
2002-02-01,S,23100,2430514640.0,85500.0
2002-02-01,T,27350,2494427751.0,70000.0
2002-03-01,D,25407,4729507237.0,150000.0
2002-03-01,F,18345,2380774145.0,100000.0
2002-03-01,S,30896,3298362081.0,87000.0
2002-03-01,T,35709,3330249288.0,73000.0
2002-04-01,D,24483,4735230842.0,156000.0
2002-04-01,F,17802,2421330497.0,105000.0
2002-04-01,S,29595,3303110907.0,90000.0
2002-04-01,T,34616,3445411946.0,77000.0
2002-05-01,D,32930,6351309682.0,159000.0
2002-05-01,F,22999,3105160791.0,107250.0
2002-05-01,O,1,150000.0,150000.0
2002-05-01,S,40157,4586208311.0,93500.0
2002-05-01,T,44991,4535246397.0,79950.0
2002-06-01,D,27743,5665060006.0,167000.0
2002-06-01,F,18974,2707519606.0,114500.0
2002-06-01,O,1,95000.0,95000.0
2002-06-01,S,30361,3617659667.0,97450.0
2002-06-01,T,34448,3650708827.0,83000.0
2002-07-01,D,32169,6965598876.0,175000.0
2002-07-01,F,22756,3173403694.0,112500.0
2002-07-01,S,37264,4660272497.0,104000.0
2002-07-01,T,42690,4636003257.0,84950.0
2002-08-01,D,32290,7046304950.0,177995.0
2002-08-01,F,22545,3258039320.0,116000.0
2002-08-01,S,37622,4804245070.0,106000.0
2002-08-01,T,42327,4634818591.0,85750.0
2002-09-01,D,25730,5760869214.0,181000.0
2002-09-01,F,19529,2844290721.0,119950.0
2002-09-01,S,30077,3798624331.0,105000.0
2002-09-01,T,35784,3883652035.0,85750.0
2002-10-01,D,25856,5734489646.0,182500.0
2002-10-01,F,19780,2806984625.0,118000.0
2002-10-01,S,30766,3925936420.0,106000.0
2002-10-01,T,36905,3963553346.0,85000.0
2002-11-01,D,26850,5925039892.0,181000.0
2002-11-01,F,20105,2819442391.0,117000.0
2002-11-01,S,32676,4109718227.0,105000.0
2002-11-01,T,39278,4190217346.0,85000.0
2002-12-01,D,24778,5504651938.0,185000.0
2002-12-01,F,20014,2910241892.0,121675.0
2002-12-01,S,29282,3825058007.0,112000.0
2002-12-01,T,35297,3892107838.0,89450.0
2003-01-01,D,17749,4133742450.0,190000.0
2003-01-01,F,15339,2225403085.0,120000.0
2003-01-01,S,23298,3082182694.0,112500.0
2003-01-01,T,29010,3192534928.0,88000.0
2003-02-01,D,16698,3803555005.0,187000.0
2003-02-01,F,14612,2067045755.0,120000.0
2003-02-01,O,1,60000.0,60000.0
2003-02-01,S,21968,2850043503.0,112000.0
2003-02-01,T,27767,2989889670.0,86000.0
2003-03-01,D,17928,4051382971.0,187000.0
2003-03-01,F,15535,2185319035.0,120000.0
2003-03-01,O,1,150000.0,150000.0
2003-03-01,S,23423,3013430455.0,111000.0
2003-03-01,T,29405,3174832475.0,87000.0
2003-04-01,D,18798,4364828711.0,192500.0
2003-04-01,F,15534,2232373672.0,121000.0
2003-04-01,S,24716,3291471918.0,115000.0
2003-04-01,T,30182,3331259246.0,89950.0
2003-05-01,D,20480,4745490765.0,192500.0
2003-05-01,F,17225,2468651563.0,121500.0
2003-05-01,S,27450,3668200942.0,117000.0
2003-05-01,T,33382,3693894450.0,89950.0
2003-06-01,D,21939,5059951189.0,194000.0
2003-06-01,F,18908,2786680772.0,127297.5
2003-06-01,S,27608,3741777038.0,119400.0
2003-06-01,T,33201,3820215676.0,93500.0
2003-07-01,D,23945,5846211544.0,201000.0
2003-07-01,F,19194,2871933561.0,126000.0
2003-07-01,O,2,58900.0,29450.0
2003-07-01,S,30940,4408242320.0,123500.0
2003-07-01,T,36787,4388575645.0,95995.0
2003-08-01,D,26223,6496807378.0,207000.0
2003-08-01,F,19908,3034817428.0,129000.0
2003-08-01,S,33122,4786457151.0,125000.0
2003-08-01,T,38451,4637766200.0,99950.0
2003-09-01,D,24710,6153729264.0,208100.0
2003-09-01,F,20537,3194429857.0,130000.0
2003-09-01,S,31678,4622186129.0,127000.0
2003-09-01,T,36965,4525306330.0,100000.0
2003-10-01,D,28375,6943167811.0,205000.0
2003-10-01,F,22204,3385807321.0,130000.0
2003-10-01,O,1,149664.0,149664.0
2003-10-01,S,35492,5138303338.0,127500.0
2003-10-01,T,42222,5131323064.0,100000.0
2003-11-01,D,26549,6598415634.0,210000.0
2003-11-01,F,21609,3350396881.0,130000.0
2003-11-01,S,32877,4827015526.0,129950.0
2003-11-01,T,39223,4833693955.0,102000.0
2003-12-01,D,27797,6866180918.0,210000.0
2003-12-01,F,23284,3725155772.0,135000.0
2003-12-01,S,33264,4957121977.0,131850.0
2003-12-01,T,39624,5028970431.0,109000.0
2004-01-01,D,18832,4814175186.0,215000.0
2004-01-01,F,17030,2728121526.0,135000.0
2004-01-01,S,25347,3819000691.0,132500.0
2004-01-01,T,31354,3974371703.0,106000.0
2004-02-01,D,18911,4754348273.0,213000.0
2004-02-01,F,17102,2709569578.0,135000.0
2004-02-01,S,25417,3799249554.0,133500.0
2004-02-01,T,31016,3944303822.0,106000.0
2004-03-01,D,22364,5720344074.0,216000.0
2004-03-01,F,20491,3347590156.0,135000.0
2004-03-01,O,1,280000.0,280000.0
2004-03-01,S,28929,4370162865.0,134000.0
2004-03-01,T,35846,4588756811.0,109000.0
2004-04-01,D,26296,6803659172.0,220000.0
2004-04-01,F,21780,3621995966.0,137500.0
2004-04-01,S,33998,5285163897.0,137000.0
2004-04-01,T,39787,5284178568.0,114500.0
2004-05-01,D,24508,6343219251.0,220000.0
2004-05-01,F,20260,3358742777.0,139690.0
2004-05-01,O,2,302000.0,151000.0
2004-05-01,S,30998,4897605502.0,140000.0
2004-05-01,T,36311,4910831108.0,116500.0
2004-06-01,D,27697,7422116902.0,228950.0
2004-06-01,F,24095,4106075272.0,145000.0
2004-06-01,S,34655,5673923798.0,144950.0
2004-06-01,T,40012,5598498882.0,120000.0
2004-07-01,D,29941,8331980952.0,235000.0
2004-07-01,F,24228,4171507137.0,145000.0
2004-07-01,O,1,33500.0,33500.0
2004-07-01,S,37584,6325074982.0,147950.0
2004-07-01,T,43115,6157925439.0,122000.0
2004-08-01,D,25946,7415343181.0,240000.0
2004-08-01,F,21063,3624238927.0,146500.0
2004-08-01,S,31947,5507559764.0,152000.0
2004-08-01,T,36854,5339189329.0,125000.0
2004-09-01,D,21627,6234716619.0,244000.0
2004-09-01,F,19652,3432370646.0,147000.0
2004-09-01,S,26541,4591890078.0,152500.0
2004-09-01,T,32041,4632518276.0,125000.0
2004-10-01,D,19988,5616935668.0,240000.0
2004-10-01,F,18509,3101984283.0,144000.0
2004-10-01,O,1,10000.0,10000.0
2004-10-01,S,25861,4363006443.0,149950.0
2004-10-01,T,31586,4386854187.0,121500.0
2004-11-01,D,17437,4919304634.0,240000.0
2004-11-01,F,16725,2852357217.0,145000.0
2004-11-01,O,1,22000.0,22000.0
2004-11-01,S,22553,3800689876.0,150000.0
2004-11-01,T,28092,3949343634.0,122500.0
2004-12-01,D,17701,4979110972.0,240000.0
2004-12-01,F,18927,3292908087.0,148000.0
2004-12-01,O,1,1200.0,1200.0
2004-12-01,S,22121,3742096406.0,150000.0
2004-12-01,T,27327,3915692722.0,125000.0
2005-01-01,D,10977,3198745394.0,244000.0
2005-01-01,F,11918,2049152677.0,145000.0
2005-01-01,O,1,130000.0,130000.0
2005-01-01,S,15056,2550291727.0,150000.0
2005-01-01,T,19111,2710573332.0,120000.0
2005-02-01,D,11309,3193647999.0,239995.0
2005-02-01,F,12282,2081412190.0,145000.0
2005-02-01,O,1,600000.0,600000.0
2005-02-01,S,15701,2662121601.0,149995.0
2005-02-01,T,20396,2880897853.0,120000.0
2005-03-01,D,14075,4005639619.0,240000.0
2005-03-01,F,14894,2581940976.0,145000.0
2005-03-01,S,18855,3173579078.0,149950.0
2005-03-01,T,24270,3487734904.0,120000.0
2005-04-01,D,16284,4553272748.0,239000.0
2005-04-01,F,16474,2892969528.0,145950.0
2005-04-01,O,2,4280.0,2140.0
2005-04-01,S,22982,3839411025.0,148000.0
2005-04-01,T,28578,4066340812.0,120000.0
2005-05-01,D,16452,4699579472.0,242262.5
2005-05-01,F,16626,2918537931.0,148000.0
2005-05-01,S,23442,4018962170.0,150000.0
2005-05-01,T,28644,4113059757.0,122500.0
2005-06-01,D,19641,5624851039.0,243000.0
2005-06-01,F,20287,3545273746.0,148000.0
2005-06-01,O,2,21000.0,10500.0
2005-06-01,S,25957,4498724630.0,153050.0
2005-06-01,T,31941,4782905052.0,127500.0
2005-07-01,D,20956,6283977137.0,247500.0
2005-07-01,F,19530,3402339717.0,147046.0
2005-07-01,S,28452,5027404678.0,154950.0
2005-07-01,T,33914,5160984427.0,127000.0
2005-08-01,D,20997,6349879537.0,249950.0
2005-08-01,F,19066,3418589038.0,148000.0
2005-08-01,O,1,450000.0,450000.0
2005-08-01,S,27874,4975656784.0,156950.0
2005-08-01,T,32622,4966439342.0,129500.0
2005-09-01,D,21014,6268330711.0,248000.0
2005-09-01,F,20052,3531242720.0,147500.0
2005-09-01,S,27907,4932016653.0,155000.0
2005-09-01,T,33196,5062838371.0,128000.0
2005-10-01,D,19250,5637466725.0,245000.0
2005-10-01,F,18641,3222756226.0,147500.0
2005-10-01,S,25947,4530661407.0,154500.0
2005-10-01,T,30435,4548546640.0,128000.0
2005-11-01,D,19941,5873811722.0,247000.0
2005-11-01,F,19142,3376274215.0,149457.5
2005-11-01,O,1,578305.0,578305.0
2005-11-01,S,26778,4680374524.0,154950.0
2005-11-01,T,31423,4720838436.0,128000.0
2005-12-01,D,21996,6398008634.0,245000.0
2005-12-01,F,23298,4094882715.0,147500.0
2005-12-01,O,1,475000.0,475000.0
2005-12-01,S,29007,5080966046.0,155000.0
2005-12-01,T,34087,5250214007.0,132000.0
2006-01-01,D,15111,4586248344.0,249000.0
2006-01-01,F,15801,2851792910.0,148500.0
2006-01-01,O,3,2763250.0,22000.0
2006-01-01,S,20987,3713550549.0,154995.0
2006-01-01,T,25564,4015609014.0,128000.0
2006-02-01,D,15417,4516308321.0,245000.0
2006-02-01,F,17066,3004571836.0,150000.0
2006-02-01,O,2,3485000.0,1742500.0
2006-02-01,S,21661,3805701111.0,155000.0
2006-02-01,T,26410,3995408857.0,127000.0
2006-03-01,D,20277,5973719751.0,245000.0
2006-03-01,F,21862,3943583207.0,149950.0
2006-03-01,O,1,75000.0,75000.0
2006-03-01,S,28926,5069227704.0,154291.5
2006-03-01,T,34630,5334522443.0,128500.0
2006-04-01,D,19774,5926119838.0,249000.0
2006-04-01,F,19069,3532309286.0,150000.0
2006-04-01,S,26944,4822023385.0,157000.0
2006-04-01,T,31178,4923482756.0,132000.0
2006-05-01,D,21832,6533926866.0,249950.0
2006-05-01,F,21088,3878329971.0,150000.0
2006-05-01,S,29689,5342172175.0,158950.0
2006-05-01,T,34468,5455492890.0,132500.0
2006-06-01,D,26372,7976615341.0,249950.0
2006-06-01,F,26803,4948833252.0,152000.0
2006-06-01,O,1,58500.0,58500.0
2006-06-01,S,34583,6336482697.0,160000.0
2006-06-01,T,40347,6562109496.0,136000.0
2006-07-01,D,25555,8079104653.0,250000.0
2006-07-01,F,23263,4362730484.0,155000.0
2006-07-01,O,1,57500.0,57500.0
2006-07-01,S,33120,6289372981.0,164500.0
2006-07-01,T,37219,6265442642.0,139000.0
2006-08-01,D,27784,8972313218.0,264950.0
2006-08-01,F,24248,4584307803.0,155000.0
2006-08-01,O,1,138000.0,138000.0
2006-08-01,S,34526,6644578618.0,167000.0
2006-08-01,T,39164,6597403989.0,140000.0
2006-09-01,D,25728,8212473757.0,255000.0
2006-09-01,F,24199,4534268804.0,155000.0
2006-09-01,O,3,1679500.0,132000.0
2006-09-01,S,33089,6249829041.0,164000.0
2006-09-01,T,37711,6317433780.0,139000.0
2006-10-01,D,25121,7873642234.0,250000.0
2006-10-01,F,23272,4371369355.0,155000.0
2006-10-01,O,4,673000.0,113000.0
2006-10-01,S,32515,6127629606.0,164995.0
2006-10-01,T,36945,6085489993.0,139000.0
2006-11-01,D,25206,8001100648.0,250000.0
2006-11-01,F,24485,4602638178.0,155000.0
2006-11-01,O,3,418500.0,65000.0
2006-11-01,S,32811,6152390016.0,164000.0
2006-11-01,T,37367,6093392761.0,138000.0
2006-12-01,D,25979,8050612226.0,250000.0
2006-12-01,F,27820,5251496841.0,155000.0
2006-12-01,O,2,7144962.0,3572481.0
2006-12-01,S,34183,6447550326.0,165000.0
2006-12-01,T,38971,6531688888.0,142000.0
2007-01-01,D,17694,5795492134.0,262725.0
2007-01-01,F,19701,3861524547.0,158350.0
2007-01-01,S,24198,4640465112.0,165000.0
2007-01-01,T,28929,4973323863.0,139995.0
2007-02-01,D,17390,5563020320.0,259995.0
2007-02-01,F,19217,3704360743.0,156500.0
2007-02-01,O,1,25000.0,25000.0
2007-02-01,S,24385,4630054249.0,164150.0
2007-02-01,T,28469,4761612283.0,139000.0
2007-03-01,D,21200,6875542245.0,257000.0
2007-03-01,F,23967,4653689979.0,156500.0
2007-03-01,O,3,414250.0,129250.0
2007-03-01,S,29287,5514107717.0,163000.0
2007-03-01,T,35302,5903400814.0,138000.0
2007-04-01,D,19558,6347072003.0,263000.0
2007-04-01,F,20529,4077475588.0,159950.0
2007-04-01,O,3,245200.0,98000.0
2007-04-01,S,26858,5159052437.0,165000.0
2007-04-01,T,31512,5425498493.0,140975.0
2007-05-01,D,22363,7369851735.0,269000.0
2007-05-01,F,23929,4782931443.0,164000.0
2007-05-01,O,4,251167.0,28333.5
2007-05-01,S,30495,5942560854.0,168000.0
2007-05-01,T,34659,5978110788.0,143750.0
2007-06-01,D,25478,8405464826.0,269950.0
2007-06-01,F,28639,5636609969.0,162500.0
2007-06-01,O,2,337000.0,168500.0
2007-06-01,S,33994,6698437822.0,170000.0
2007-06-01,T,39512,6986798116.0,147000.0
2007-07-01,D,24890,8649140651.0,277500.0
2007-07-01,F,25171,5145383835.0,164000.0
2007-07-01,O,6,1159700.0,148650.0
2007-07-01,S,32935,6779781775.0,174950.0
2007-07-01,T,37535,6976311573.0,148230.0
2007-08-01,D,27452,9562390191.0,283000.0
2007-08-01,F,25940,5286663993.0,165000.0
2007-08-01,O,4,85500.0,17250.0
2007-08-01,S,35563,7369128188.0,175000.0
2007-08-01,T,39585,7258783493.0,149950.0
2007-09-01,D,20559,7305325920.0,285000.0
2007-09-01,F,22120,4566769936.0,165000.0
2007-09-01,O,2,25918.0,12959.0
2007-09-01,S,27386,5601752566.0,173000.0
2007-09-01,T,31319,5687770156.0,148500.0
2007-10-01,D,21363,7486784855.0,280000.0
2007-10-01,F,24175,4832606540.0,165000.0
2007-10-01,O,1,4000.0,4000.0
2007-10-01,S,28383,5750748311.0,174500.0
2007-10-01,T,32285,5799094864.0,148500.0
2007-11-01,D,20830,7043671961.0,277000.0
2007-11-01,F,22918,4527230792.0,164000.0
2007-11-01,O,6,314200.0,65800.0
2007-11-01,S,28725,5734368252.0,170000.0
2007-11-01,T,31955,5676472157.0,145950.0
2007-12-01,D,16593,5532290842.0,272950.0
2007-12-01,F,20519,4002093566.0,159950.0
2007-12-01,O,6,1826000.0,370500.0
2007-12-01,S,21867,4327459995.0,172000.0
2007-12-01,T,25550,4475353805.0,149995.0
2008-01-01,D,11200,3909179706.0,277000.0
2008-01-01,F,14179,2878854896.0,161000.0
2008-01-01,O,2,159150.0,79575.0
2008-01-01,S,15560,3133045265.0,170000.0
2008-01-01,T,18783,3375551581.0,144000.0
2008-02-01,D,11439,3881816219.0,270000.0
2008-02-01,F,14949,2974976525.0,160000.0
2008-02-01,O,4,1774000.0,9500.0
2008-02-01,S,16938,3331440561.0,167000.0
2008-02-01,T,20365,3495170228.0,140000.0
2008-03-01,D,11452,3895620858.0,270000.0
2008-03-01,F,14172,2788021295.0,160000.0
2008-03-01,O,4,520220.0,115000.0
2008-03-01,S,15699,3069518784.0,166500.0
2008-03-01,T,18916,3270186196.0,142181.0
2008-04-01,D,12426,4266987671.0,272250.0
2008-04-01,F,14830,2983651374.0,160000.0
2008-04-01,O,1,140227.0,140227.0
2008-04-01,S,17180,3364138195.0,166500.0
2008-04-01,T,20368,3554106066.0,141000.0
2008-05-01,D,13186,4440068501.0,269950.0
2008-05-01,F,14792,3016190804.0,162500.0
2008-05-01,O,1,20000.0,20000.0
2008-05-01,S,18383,3627988673.0,168000.0
2008-05-01,T,20901,3668835511.0,143000.0
2008-06-01,D,12092,4042323874.0,265000.0
2008-06-01,F,14339,2907944452.0,159000.0
2008-06-01,O,3,487225.0,23275.0
2008-06-01,S,16013,3144506294.0,168000.0
2008-06-01,T,18542,3282799656.0,145000.0
2008-07-01,D,11522,4050625214.0,275000.0
2008-07-01,F,11972,2393480486.0,160000.0
2008-07-01,O,1,322500.0,322500.0
2008-07-01,S,14858,2984597987.0,167500.0
2008-07-01,T,16189,2976043990.0,140000.0
2008-08-01,D,11040,3813365701.0,266225.0
2008-08-01,F,10373,2060761587.0,157950.0
2008-08-01,O,2,63189.0,31594.5
2008-08-01,S,13915,2738472324.0,165000.0
2008-08-01,T,14576,2545290903.0,140000.0
2008-09-01,D,9277,3160375579.0,256500.0
2008-09-01,F,9386,1829178686.0,150000.0
2008-09-01,O,1,25000.0,25000.0
2008-09-01,S,11633,2209505670.0,160000.0
2008-09-01,T,12928,2241010298.0,137500.0
2008-10-01,D,10142,3332885198.0,250000.0
2008-10-01,F,9667,1797561728.0,146333.0
2008-10-01,O,1,4958.0,4958.0
2008-10-01,S,13018,2441719893.0,158000.0
2008-10-01,T,13937,2253501175.0,132500.0
2008-11-01,D,8280,2569229495.0,249000.0
2008-11-01,F,7824,1449812583.0,143502.0
2008-11-01,O,2,67233.0,33616.5
2008-11-01,S,10422,1848359096.0,155000.0
2008-11-01,T,11239,1794538685.0,130000.0
2008-12-01,D,8957,2712259859.0,243000.0
2008-12-01,F,9349,1618315774.0,140000.0
2008-12-01,O,2,256800.0,128400.0
2008-12-01,S,11118,1986627049.0,155000.0
2008-12-01,T,12142,1923950538.0,134000.0
2009-01-01,D,6164,1964953159.0,249018.5
2009-01-01,F,5519,1005682232.0,140000.0
2009-01-01,O,1,276000.0,276000.0
2009-01-01,S,7628,1364372711.0,152000.0
2009-01-01,T,8195,1284682097.0,128000.0
2009-02-01,D,6256,1840225213.0,238000.0
2009-02-01,F,5781,1033539327.0,141000.0
2009-02-01,O,1,247532.0,247532.0
2009-02-01,S,7909,1394268622.0,150000.0
2009-02-01,T,8462,1341868668.0,130000.0
2009-03-01,D,7983,2328606477.0,235000.0
2009-03-01,F,7733,1366657475.0,137500.0
2009-03-01,O,1,19000.0,19000.0
2009-03-01,S,10508,1812300270.0,148000.0
2009-03-01,T,11211,1725706494.0,127000.0
2009-04-01,D,9626,2804606595.0,240000.0
2009-04-01,F,7602,1401262396.0,140000.0
2009-04-01,S,11737,2034566010.0,150000.0
2009-04-01,T,12004,1928279653.0,130000.0
2009-05-01,D,10995,3220478440.0,240000.0
2009-05-01,F,8493,1587437278.0,145000.0
2009-05-01,O,2,114990.0,57495.0
2009-05-01,S,13768,2435340017.0,153000.0
2009-05-01,T,13519,2213623813.0,135000.0
2009-06-01,D,12704,3797079444.0,242000.0
2009-06-01,F,10517,2005752820.0,145000.0
2009-06-01,O,1,650000.0,650000.0
2009-06-01,S,15531,2770899127.0,155000.0
2009-06-01,T,15558,2631791013.0,139000.0
2009-07-01,D,15844,4996017342.0,249995.0
2009-07-01,F,11133,2211966623.0,150000.0
2009-07-01,O,3,255433.0,50312.0
2009-07-01,S,18712,3519210404.0,160000.0
2009-07-01,T,18259,3284692623.0,140355.0
2009-08-01,D,15135,4850939034.0,250000.0
2009-08-01,F,10123,2050370210.0,155000.0
2009-08-01,O,18,1679472.0,93092.0
2009-08-01,S,17166,3329770188.0,162500.0
2009-08-01,T,16660,3020836102.0,144950.0
2009-09-01,D,14684,4725560217.0,250000.0
2009-09-01,F,11131,2312718846.0,155000.0
2009-09-01,O,4,118175.0,11450.0
2009-09-01,S,16799,3266050959.0,165000.0
2009-09-01,T,16641,3061553325.0,145000.0
2009-10-01,D,16528,5287611261.0,250000.0
2009-10-01,F,11929,2441750256.0,155000.0
2009-10-01,O,3,148080.0,23080.0
2009-10-01,S,19268,3701512468.0,162500.0
2009-10-01,T,18855,3377559390.0,145000.0
2009-11-01,D,15116,4875155664.0,250000.0
2009-11-01,F,11634,2362560229.0,155000.0
2009-11-01,S,17642,3418872683.0,165000.0
2009-11-01,T,17523,3146492946.0,147000.0
2009-12-01,D,17912,5433929006.0,245000.0
2009-12-01,F,15532,3018985825.0,154950.0
2009-12-01,O,2,12000.0,6000.0
2009-12-01,S,22982,4305697565.0,161000.0
2009-12-01,T,23015,4140323822.0,150000.0
2010-01-01,D,8609,3046533464.0,282500.0
2010-01-01,F,7547,1754114391.0,175000.0
2010-01-01,O,2,415000.0,207500.0
2010-01-01,S,9665,2054833317.0,178200.0
2010-01-01,T,10503,2131260736.0,142950.0
2010-02-01,D,10066,3382274602.0,265000.0
2010-02-01,F,8559,1795816629.0,159950.0
2010-02-01,S,11842,2383479567.0,168000.0
2010-02-01,T,12515,2344934786.0,145000.0
2010-03-01,D,11946,3964147482.0,260000.0
2010-03-01,F,10546,2197172438.0,156500.0
2010-03-01,O,2,1172065.0,586032.5
2010-03-01,S,14433,2828066299.0,164995.0
2010-03-01,T,15234,2844826663.0,142500.0
2010-04-01,D,12507,4104774735.0,250000.0
2010-04-01,F,10034,2191562110.0,162000.0
2010-04-01,O,2,22000.0,11000.0
2010-04-01,S,14851,2916676690.0,165000.0
2010-04-01,T,15511,2889774686.0,145000.0
2010-05-01,D,12401,4056952855.0,250000.0
2010-05-01,F,10250,2187016170.0,164000.0
2010-05-01,O,5,173250.0,39250.0
2010-05-01,S,15016,2983740472.0,167000.0
2010-05-01,T,15136,2784566725.0,147241.5
2010-06-01,D,15405,5155279624.0,264500.0
2010-06-01,F,12238,2733600678.0,167000.0
2010-06-01,O,3,178933.0,43333.0
2010-06-01,S,17604,3560327385.0,169000.0
2010-06-01,T,18301,3485512858.0,150000.0
2010-07-01,D,16946,5994384927.0,275000.0
2010-07-01,F,11887,2711170575.0,170000.0
2010-07-01,O,4,645000.0,25000.0
2010-07-01,S,19946,4185818934.0,171000.0
2010-07-01,T,19398,3952453365.0,150000.0
2010-08-01,D,15759,5593695620.0,280000.0
2010-08-01,F,10942,2419719325.0,166000.0
2010-08-01,S,17826,3778527083.0,174950.0
2010-08-01,T,17696,3548793543.0,153950.0
2010-09-01,D,14373,5066534819.0,275000.0
2010-09-01,F,11114,2515976932.0,169995.0
2010-09-01,O,7,447634.0,41000.0
2010-09-01,S,16146,3382539140.0,170000.0
2010-09-01,T,16565,3219032702.0,150000.0
2010-10-01,D,14490,4927897971.0,269950.0
2010-10-01,F,10583,2286002384.0,164000.0
2010-10-01,O,5,861894.0,175000.0
2010-10-01,S,17102,3445293183.0,167500.0
2010-10-01,T,17181,3273726890.0,146000.0
2010-11-01,D,13984,4710232122.0,259000.0
2010-11-01,F,10368,2224980582.0,162972.5
2010-11-01,O,4,856650.0,163325.0
2010-11-01,S,16183,3183195358.0,165000.0
2010-11-01,T,16483,3096230192.0,145000.0
2010-12-01,D,13801,4550083785.0,250000.0
2010-12-01,F,10910,2403340611.0,160500.0
2010-12-01,O,5,699250.0,105000.0
2010-12-01,S,16197,3185449186.0,164000.0
2010-12-01,T,16704,3090363060.0,144999.5
2011-01-01,D,8568,2958605661.0,266500.0
2011-01-01,F,7496,1739217250.0,169000.0
2011-01-01,O,5,1718353.0,250164.0
2011-01-01,S,10659,2170971220.0,164995.0
2011-01-01,T,11409,2247705560.0,142000.0
2011-02-01,D,9040,2999095723.0,250000.0
2011-02-01,F,7864,1740612991.0,160000.0
2011-02-01,O,3,510000.0,40000.0
2011-02-01,S,11133,2209049695.0,160000.0
2011-02-01,T,12060,2235190923.0,140000.0
2011-03-01,D,10549,3656102906.0,250000.0
2011-03-01,F,9135,2095027263.0,160000.0
2011-03-01,O,2,171000.0,85500.0
2011-03-01,S,13308,2629291968.0,157810.0
2011-03-01,T,14353,2732459832.0,137500.0
2011-04-01,D,11997,4082873421.0,250000.0
2011-04-01,F,9258,2155761000.0,162975.0
2011-04-01,O,3,600100.0,50000.0
2011-04-01,S,14744,2913952554.0,160000.0
2011-04-01,T,15316,3049453725.0,144000.0
2011-05-01,D,11440,3581221768.0,250000.0
2011-05-01,F,8957,1930218246.0,163450.0
2011-05-01,O,2,164527.0,82263.5
2011-05-01,S,14428,2765607483.0,162000.0
2011-05-01,T,14722,2629044833.0,141000.0
2011-06-01,D,13578,4329758902.0,250000.0
2011-06-01,F,11066,2439037816.0,164725.0
2011-06-01,O,9,2673823.0,129600.0
2011-06-01,S,16498,3205874656.0,161000.0
2011-06-01,T,17230,3153685251.0,143000.0
2011-07-01,D,15409,5240345166.0,260000.0
2011-07-01,F,11080,2526442029.0,167000.0
2011-07-01,O,5,278166.0,55000.0
2011-07-01,S,18132,3751797873.0,166500.0
2011-07-01,T,18366,3621865329.0,148000.0
2011-08-01,D,16346,5623631077.0,265000.0
2011-08-01,F,11178,2550006408.0,167000.0
2011-08-01,O,5,1111950.0,249950.0
2011-08-01,S,18975,3903545364.0,165000.0
2011-08-01,T,18565,3695801799.0,150000.0
2011-09-01,D,15726,5360467945.0,257000.0
2011-09-01,F,11539,2613683129.0,163500.0
2011-09-01,O,6,2061214.0,243200.0
2011-09-01,S,18568,3733193392.0,163500.0
2011-09-01,T,18405,3609787446.0,147000.0
2011-10-01,D,14348,4732340439.0,250000.0
2011-10-01,F,10527,2295630558.0,161000.0
2011-10-01,O,8,1737500.0,156000.0
2011-10-01,S,16787,3300557459.0,162500.0
2011-10-01,T,16910,3163722838.0,144000.0
2011-11-01,D,14677,4782014297.0,250000.0
2011-11-01,F,11137,2445182585.0,161000.0
2011-11-01,O,6,7541860.0,297500.0
2011-11-01,S,17458,3431355958.0,163000.0
2011-11-01,T,17727,3264474898.0,145000.0
2011-12-01,D,15316,4848260457.0,249995.0
2011-12-01,F,11929,2589950091.0,160000.0
2011-12-01,O,9,864000.0,50000.0
2011-12-01,S,18356,3559898318.0,162500.0
2011-12-01,T,18723,3447990712.0,145000.0
2012-01-01,D,10232,3310569451.0,250000.0
2012-01-01,F,8383,1912751283.0,166500.0
2012-01-01,O,6,3824895.0,503000.0
2012-01-01,S,12610,2529534250.0,162000.0
2012-01-01,T,13061,2507235527.0,144000.0
2012-02-01,D,10146,3261619148.0,250000.0
2012-02-01,F,8777,1953728873.0,165000.0
2012-02-01,O,4,177906.0,19953.0
2012-02-01,S,12728,2533125158.0,164950.0
2012-02-01,T,13665,2585987034.0,145000.0
2012-03-01,D,13266,4088023816.0,245000.0
2012-03-01,F,12324,2645863553.0,169000.0
2012-03-01,O,12,51419030.0,290207.0
2012-03-01,S,17232,3377344546.0,162000.0
2012-03-01,T,19079,3546283073.0,150000.0
2012-04-01,D,10658,3523481420.0,250000.0
2012-04-01,F,8126,1898287321.0,164000.0
2012-04-01,O,12,8687273.0,217500.0
2012-04-01,S,11851,2337295880.0,160000.0
2012-04-01,T,13136,2603843827.0,140000.0
2012-05-01,D,12983,4229592648.0,250000.0
2012-05-01,F,9786,2361958248.0,166747.5
2012-05-01,O,9,9353093.0,165000.0
2012-05-01,S,14683,2942914800.0,163000.0
2012-05-01,T,15559,3028353039.0,145000.0
2012-06-01,D,14972,4886056279.0,250000.0
2012-06-01,F,10941,2651054755.0,169000.0
2012-06-01,O,9,1764300.0,140000.0
2012-06-01,S,16517,3317064013.0,163000.0
2012-06-01,T,17955,3660653531.0,151950.0
2012-07-01,D,15040,5163368473.0,262000.0
2012-07-01,F,10774,2684101280.0,174000.0
2012-07-01,O,12,14985496.0,168500.0
2012-07-01,S,16317,3437388035.0,167500.0
2012-07-01,T,17571,3731768510.0,153000.0
2012-08-01,D,17040,5854432291.0,265000.0
2012-08-01,F,11480,2733060122.0,170000.0
2012-08-01,O,7,1231707.0,70000.0
2012-08-01,S,18236,3794287154.0,168000.0
2012-08-01,T,18864,3944899593.0,155000.0
2012-09-01,D,13265,4505038652.0,260000.0
2012-09-01,F,10175,2473090594.0,176000.0
2012-09-01,O,13,1803079.0,96000.0
2012-09-01,S,14305,2964168307.0,167500.0
2012-09-01,T,15607,3246819770.0,153000.0
2012-10-01,D,15160,4964329306.0,250000.0
2012-10-01,F,10699,2571363498.0,169995.0
2012-10-01,O,18,3594830.0,131750.0
2012-10-01,S,16341,3334819530.0,165000.0
2012-10-01,T,17378,3445313400.0,150000.0
2012-11-01,D,16036,5173926032.0,250000.0
2012-11-01,F,11448,2729520315.0,166000.0
2012-11-01,O,9,2577286.0,195000.0
2012-11-01,S,17996,3596215640.0,163000.0
2012-11-01,T,18838,3641716341.0,149500.0
2012-12-01,D,14004,4497622308.0,250000.0
2012-12-01,F,10645,2575144068.0,165000.0
2012-12-01,O,25,16676237.0,246000.0
2012-12-01,S,15580,3106165206.0,163000.0
2012-12-01,T,16690,3271496209.0,150000.0
2013-01-01,D,10256,3456365198.0,255000.0
2013-01-01,F,8574,2153943165.0,173000.0
2013-01-01,O,21,12142640.0,360000.0
2013-01-01,S,11665,2418575957.0,165000.0
2013-01-01,T,12996,2636701322.0,148000.0
2013-02-01,D,10410,3372602312.0,250000.0
2013-02-01,F,8918,2152297286.0,165000.0
2013-02-01,O,7,1704277.0,180000.0
2013-02-01,S,12311,2422403387.0,160000.0
2013-02-01,T,13714,2707526470.0,146000.0
2013-03-01,D,13024,4264157408.0,250000.0
2013-03-01,F,10593,2525094945.0,170000.0
2013-03-01,O,34,27125124.0,171500.0
2013-03-01,S,14897,2923469581.0,160000.0
2013-03-01,T,16393,3200408760.0,145000.0
2013-04-01,D,11939,3979262066.0,250000.0
2013-04-01,F,10138,2560308527.0,170000.0
2013-04-01,O,40,26149640.0,125000.0
2013-04-01,S,13850,2837387695.0,161000.0
2013-04-01,T,15305,3065200461.0,147000.0
2013-05-01,D,15817,5081310169.0,250000.0
2013-05-01,F,12440,3103598670.0,174000.0
2013-05-01,O,50,28620010.0,237000.0
2013-05-01,S,18465,3693776302.0,162500.0
2013-05-01,T,19957,3951838375.0,149995.0
2013-06-01,D,16531,5440631111.0,250000.0
2013-06-01,F,12747,3111602576.0,172752.0
2013-06-01,O,73,74692912.0,280000.0
2013-06-01,S,17952,3695903891.0,165000.0
2013-06-01,T,19495,3999311377.0,152000.0
2013-07-01,D,18398,6348829285.0,265000.0
2013-07-01,F,13816,3609020913.0,179558.5
2013-07-01,O,170,290790737.0,228150.0
2013-07-01,S,20436,4383582050.0,170000.0
2013-07-01,T,21550,4721176021.0,155000.0
2013-08-01,D,20261,7033383473.0,269995.0
2013-08-01,F,14663,3723587275.0,175000.0
2013-08-01,O,262,412154100.0,240000.0
2013-08-01,S,22082,4780147012.0,171000.0
2013-08-01,T,23200,4990397858.0,158000.0
2013-09-01,D,17689,6088658888.0,270000.0
2013-09-01,F,14048,3723447525.0,178000.0
2013-09-01,O,522,1051169532.0,270000.0
2013-09-01,S,19130,4097595668.0,170000.0
2013-09-01,T,20567,4429320978.0,155000.0
2013-10-01,D,19833,6731184663.0,268000.0
2013-10-01,F,15468,3850720480.0,174000.0
2013-10-01,O,954,1972064626.0,274750.0
2013-10-01,S,21568,4527635463.0,169250.0
2013-10-01,T,23638,4848212819.0,152000.0
2013-11-01,D,21114,7025922341.0,254972.5
2013-11-01,F,16791,4276613040.0,172000.0
2013-11-01,O,983,2516521844.0,330000.0
2013-11-01,S,23581,4873412482.0,165000.0
2013-11-01,T,25750,5164382672.0,150000.0
2013-12-01,D,20366,6720533631.0,259950.0
2013-12-01,F,16640,4304213013.0,172000.0
2013-12-01,O,1097,2998863490.0,360000.0
2013-12-01,S,22156,4562009977.0,169995.0
2013-12-01,T,24766,5099273546.0,153000.0
2014-01-01,D,15877,5535528930.0,269750.0
2014-01-01,F,14259,3736929746.0,175000.0
2014-01-01,O,985,2102436857.0,282500.0
2014-01-01,S,18145,3854411889.0,166500.0
2014-01-01,T,20795,4391047943.0,150000.0
2014-02-01,D,15650,5316509542.0,268000.0
2014-02-01,F,14306,3678942944.0,172000.0
2014-02-01,O,778,1236404472.0,270300.0
2014-02-01,S,18062,3794746951.0,167500.0
2014-02-01,T,20776,4254007631.0,150000.0
2014-03-01,D,16167,5404376956.0,262000.0
2014-03-01,F,15394,3939105393.0,172000.0
2014-03-01,O,1213,2021461590.0,292373.0
2014-03-01,S,18524,3785622103.0,164950.0
2014-03-01,T,21902,4483848872.0,149950.0
2014-04-01,D,17448,6036878860.0,270000.0
2014-04-01,F,15555,4214881272.0,179950.0
2014-04-01,O,943,1839316232.0,270000.0
2014-04-01,S,19316,4121870064.0,169840.0
2014-04-01,T,22235,4664057682.0,152000.0
2014-05-01,D,19067,6501458986.0,263000.0
2014-05-01,F,16633,4528884074.0,175000.0
2014-05-01,O,985,2060978212.0,280000.0
2014-05-01,S,21643,4537799171.0,168500.0
2014-05-01,T,24714,5153175039.0,152500.0
2014-06-01,D,20821,7167164760.0,271000.0
2014-06-01,F,17792,5152358780.0,180000.0
2014-06-01,O,1133,1982188037.0,310000.0
2014-06-01,S,22350,4776548711.0,171000.0
2014-06-01,T,25193,5316111496.0,156000.0
2014-07-01,D,21721,8052209903.0,282500.0
2014-07-01,F,18037,4944007586.0,181950.0
2014-07-01,O,1062,1720372778.0,350000.0
2014-07-01,S,22884,5145934706.0,175000.0
2014-07-01,T,26684,6033695160.0,159995.0
2014-08-01,D,22825,8454436411.0,285000.0
2014-08-01,F,18011,4668988480.0,179995.0
2014-08-01,O,968,2438966560.0,320000.0
2014-08-01,S,24252,5467125002.0,177997.5
2014-08-01,T,27282,6165539670.0,162000.0
2014-09-01,D,20079,7349507562.0,285000.0
2014-09-01,F,17081,4641811696.0,182500.0
2014-09-01,O,1015,1605730315.0,350000.0
2014-09-01,S,21845,4907283985.0,179700.0
2014-09-01,T,24296,5338060526.0,160000.0
2014-10-01,D,21633,7762774585.0,280100.0
2014-10-01,F,18316,5010260058.0,180000.0
2014-10-01,O,967,1548272253.0,293000.0
2014-10-01,S,24199,5311801677.0,175000.0
2014-10-01,T,27189,5846279886.0,159590.0
2014-11-01,D,18550,6584557197.0,280000.0
2014-11-01,F,15828,3922128874.0,175000.0
2014-11-01,O,1012,1969602038.0,299997.5
2014-11-01,S,20348,4470880735.0,176000.0
2014-11-01,T,23356,4890713175.0,158000.0
2014-12-01,D,20071,7068957083.0,280000.0
2014-12-01,F,17069,4515087383.0,177000.0
2014-12-01,O,1289,2984037249.0,450000.0
2014-12-01,S,21435,4661911247.0,175000.0
2014-12-01,T,24978,5276756716.0,160000.0
2015-01-01,D,13679,5009734790.0,285000.0
2015-01-01,F,13111,3547402395.0,181950.0
2015-01-01,O,1108,1924647588.0,325000.0
2015-01-01,S,15631,3563316864.0,177000.0
2015-01-01,T,18754,4121526186.0,158950.0
2015-02-01,D,13847,4925663883.0,282500.0
2015-02-01,F,13705,3600511267.0,178500.0
2015-02-01,O,1050,1626719082.0,343500.0
2015-02-01,S,16041,3565703590.0,175000.0
2015-02-01,T,19031,4039188116.0,156000.0
2015-03-01,D,16254,5706595062.0,280000.0
2015-03-01,F,15661,4068405626.0,180000.0
2015-03-01,O,1771,3267860453.0,340000.0
2015-03-01,S,18544,4033537682.0,171000.0
2015-03-01,T,21977,4622185008.0,154000.0
2015-04-01,D,15847,5656736509.0,285000.0
2015-04-01,F,14564,4121891479.0,186000.0
2015-04-01,O,1574,2203783975.0,343500.0
2015-04-01,S,17344,3847731094.0,174999.5
2015-04-01,T,20990,4520870549.0,158000.0
2015-05-01,D,18259,6419446832.0,282950.0
2015-05-01,F,16016,4394256956.0,185000.0
2015-05-01,O,1381,1916081573.0,275000.0
2015-05-01,S,20641,4468347027.0,174950.0
2015-05-01,T,23927,5037269997.0,157000.0
2015-06-01,D,22392,8100217382.0,290000.0
2015-06-01,F,18805,5066144029.0,185000.0
2015-06-01,O,1632,3103082674.0,330000.0
2015-06-01,S,23061,5155603571.0,179950.0
2015-06-01,T,26708,5853643491.0,165000.0
2015-07-01,D,23645,8945375495.0,297500.0
2015-07-01,F,19704,5606981621.0,190000.0
2015-07-01,O,1876,3922547433.0,400000.0
2015-07-01,S,25375,5943047518.0,180000.0
2015-07-01,T,29171,6714716351.0,165000.0
2015-08-01,D,22423,8562333997.0,300000.0
2015-08-01,F,17619,4799755038.0,195000.0
2015-08-01,O,1509,2226934410.0,342500.0
2015-08-01,S,23153,5436664936.0,185000.0
2015-08-01,T,26275,6196343152.0,170000.0
2015-09-01,D,21638,8275423153.0,303997.5
2015-09-01,F,18118,5060964300.0,194000.0
2015-09-01,O,1786,2629525914.0,375000.0
2015-09-01,S,22482,5356493333.0,184950.0
2015-09-01,T,25647,5921225783.0,168500.0
2015-10-01,D,23545,8778935724.0,299000.0
2015-10-01,F,19565,5334292696.0,192500.0
2015-10-01,O,1625,2345345190.0,336000.0
2015-10-01,S,25205,5847092457.0,182975.0
2015-10-01,T,28916,6474180063.0,166272.5
2015-11-01,D,21533,8064868016.0,299950.0
2015-11-01,F,18075,4972318943.0,195000.0
2015-11-01,O,1571,2357223927.0,290000.0
2015-11-01,S,22987,5384028307.0,183000.0
2015-11-01,T,25682,5798709465.0,165000.0
2015-12-01,D,22728,8258429938.0,297500.0
2015-12-01,F,19517,5691725639.0,194000.0
2015-12-01,O,1935,4217853451.0,375000.0
2015-12-01,S,23755,5520677380.0,184995.0
2015-12-01,T,27056,6105720452.0,166995.0
2016-01-01,D,15254,5816643475.0,300000.0
2016-01-01,F,14685,4235738052.0,199000.0
2016-01-01,O,1378,2363167503.0,331449.5
2016-01-01,S,17178,4133896257.0,185000.0
2016-01-01,T,20073,4803873445.0,166995.0
2016-02-01,D,16639,6211979545.0,299950.0
2016-02-01,F,16346,4517439400.0,194950.0
2016-02-01,O,1393,1646474715.0,300000.0
2016-02-01,S,18659,4352201943.0,184950.0
2016-02-01,T,22063,4995529053.0,165000.0
2016-03-01,D,28133,11217174014.0,305000.0
2016-03-01,F,38496,11141651081.0,192500.0
2016-03-01,O,2454,2596068523.0,250000.0
2016-03-01,S,30629,7515538008.0,185000.0
2016-03-01,T,42698,10075854239.0,162000.0
2016-04-01,D,14182,5083126746.0,290000.0
2016-04-01,F,11011,3247806143.0,200000.0
2016-04-01,O,1746,1843900117.0,288390.0
2016-04-01,S,15570,3535696417.0,180000.0
2016-04-01,T,16889,3630688992.0,165000.0
2016-05-01,D,16104,5759824097.0,295000.0
2016-05-01,F,12905,3731418222.0,201900.0
2016-05-01,O,2032,2257215401.0,285000.0
2016-05-01,S,17899,4126702688.0,185000.0
2016-05-01,T,19306,4308710194.0,169950.0
2016-06-01,D,20702,7749360904.0,307000.0
2016-06-01,F,16243,4781784058.0,210000.0
2016-06-01,O,2805,3063085529.0,239220.0
2016-06-01,S,21711,5173233635.0,189995.0
2016-06-01,T,23287,5275298272.0,170000.0
2016-07-01,D,20955,8066490787.0,310000.0
2016-07-01,F,16714,4700848304.0,205000.0
2016-07-01,O,2842,2519928241.0,203853.0
2016-07-01,S,23070,5554532534.0,189950.0
2016-07-01,T,24606,5744650345.0,172500.0
2016-08-01,D,21890,8487681375.0,315000.0
2016-08-01,F,17718,4713795012.0,200000.0
2016-08-01,O,3506,2671090218.0,173350.0
2016-08-01,S,23425,5680198549.0,194000.0
2016-08-01,T,25146,5861326612.0,175000.0
2016-09-01,D,20655,8121861662.0,315000.0
2016-09-01,F,16447,4613983363.0,198000.0
2016-09-01,O,5637,5473584507.0,180000.0
2016-09-01,S,23042,5544085615.0,190000.0
2016-09-01,T,23384,5357615933.0,171000.0
2016-10-01,D,19040,7364999936.0,313745.0
2016-10-01,F,15679,4601799771.0,210000.0
2016-10-01,O,5459,5057736574.0,204000.0
2016-10-01,S,21445,5081301624.0,187000.0
2016-10-01,T,22169,4951433076.0,169000.0
2016-11-01,D,19939,7689892348.0,310000.0
2016-11-01,F,16277,4646450973.0,202000.0
2016-11-01,O,6198,5894587464.0,177300.0
2016-11-01,S,22358,5300219923.0,189950.0
2016-11-01,T,23050,5185901249.0,168000.0
2016-12-01,D,21672,8293683412.0,310000.0
2016-12-01,F,17379,5382347365.0,210000.0
2016-12-01,O,5862,6642541049.0,230000.0
2016-12-01,S,23811,5688279644.0,190000.0
2016-12-01,T,24713,5770702369.0,170000.0
2017-01-01,D,14561,5841980819.0,320000.0
2017-01-01,F,12908,3814216002.0,201997.0
2017-01-01,O,4816,4364796486.0,210000.0
2017-01-01,S,16942,4167845255.0,194000.0
2017-01-01,T,18448,4303880582.0,169000.0
2017-02-01,D,14811,5835196600.0,316175.0
2017-02-01,F,13609,3923445147.0,200000.0
2017-02-01,O,4328,4190698661.0,235000.0
2017-02-01,S,17360,4187992794.0,191000.0
2017-02-01,T,18870,4318486134.0,168000.0
2017-03-01,D,16833,6595507326.0,310000.0
2017-03-01,F,14569,4208626190.0,199501.0
2017-03-01,O,5496,5958439097.0,248750.0
2017-03-01,S,20743,5018144590.0,189000.0
2017-03-01,T,22544,5083594471.0,165000.0
2017-04-01,D,14470,5854628985.0,319995.0
2017-04-01,F,10762,3213666368.0,200000.0
2017-04-01,O,3811,4181267981.0,250000.0
2017-04-01,S,16999,4121558158.0,190500.0
2017-04-01,T,18395,4390932342.0,165000.0
2017-05-01,D,14199,5570641239.0,310000.0
2017-05-01,F,9865,2783328553.0,199000.0
2017-05-01,O,3490,3753743189.0,240000.0
2017-05-01,S,17506,4271659639.0,192000.0
2017-05-01,T,18862,4246980967.0,167000.0
2017-06-01,D,6938,2762349794.0,320000.0
2017-06-01,F,4259,1213400308.0,195000.0
2017-06-01,O,1532,976261882.0,205000.0
2017-06-01,S,8308,2086484329.0,197000.0
2017-06-01,T,8864,2103143301.0,170000.0
