month,property_type,is_new_build,sales_volume,median_price,total_revenue
1995-01-01,D,0,9059,86000.0,978011111.0
1995-01-01,D,1,2129,89995.0,218250827.0
1995-01-01,F,0,6383,45000.0,396224120.0
1995-01-01,F,1,1159,53000.0,76186725.0
1995-01-01,O,0,1,5610000.0,5610000.0
1995-01-01,S,0,14105,53000.0,855927735.0
1995-01-01,S,1,1325,53000.0,76833783.0
1995-01-01,T,0,15360,42000.0,788463349.0
1995-01-01,T,1,949,51000.0,54390719.0
1995-02-01,D,0,8898,83500.0,904403125.0
1995-02-01,D,1,2641,89950.0,269227433.0
1995-02-01,F,0,6108,44500.0,343199395.0
1995-02-01,F,1,1263,51000.0,76433754.0
1995-02-01,S,0,13945,52950.0,838311150.0
1995-02-01,S,1,1560,54950.0,89960885.0
1995-02-01,T,0,15243,40500.0,747468266.0
1995-02-01,T,1,1191,51500.0,68145264.0
1995-03-01,D,0,12077,83000.0,1226968229.0
1995-03-01,D,1,4107,90000.0,417490349.0
1995-03-01,F,0,8393,44250.0,478652140.0
1995-03-01,F,1,1700,51950.0,107150570.0
1995-03-01,S,0,19572,52250.0,1161144500.0
1995-03-01,S,1,2374,53750.0,136579880.0
1995-03-01,T,0,21337,41000.0,1060342486.0
1995-03-01,T,1,1746,51472.5,99860215.0
1995-04-01,D,0,10969,86000.0,1156807550.0
1995-04-01,D,1,3269,91000.0,334967541.0
1995-04-01,F,0,7017,45000.0,407260943.0
1995-04-01,F,1,1517,51500.0,100102677.0
1995-04-01,S,0,16657,53000.0,1007577449.0
1995-04-01,S,1,1792,53650.0,102733338.0
1995-04-01,T,0,17767,42000.0,901992551.0
1995-04-01,T,1,1309,50500.0,75463423.0
1995-05-01,D,0,11915,84500.0,1222447935.0
1995-05-01,D,1,3871,90000.0,402165239.0
1995-05-01,F,0,7843,45000.0,448952592.0
1995-05-01,F,1,1730,51995.0,108481342.0
1995-05-01,O,0,1,10000.0,10000.0
1995-05-01,S,0,18807,53000.0,1140913140.0
1995-05-01,S,1,2120,54525.0,124957764.0
1995-05-01,T,0,19977,42000.0,1007646958.0
1995-05-01,T,1,1577,51950.0,91559108.0
1995-06-01,D,0,13252,85000.0,1385106962.0
1995-06-01,D,1,5472,89950.0,556787921.0
1995-06-01,F,0,8602,45000.0,503782899.0
1995-06-01,F,1,2214,51995.0,142072789.0
1995-06-01,S,0,20722,52750.0,1245586453.0
1995-06-01,S,1,2872,54250.0,167761284.0
1995-06-01,T,0,21730,42000.0,1108419498.0
1995-06-01,T,1,2071,52000.0,118974579.0
1995-07-01,D,0,13243,87500.0,1443087220.0
1995-07-01,D,1,3277,91500.0,346823385.0
1995-07-01,F,0,7855,46000.0,464842168.0
1995-07-01,F,1,1411,53500.0,88829202.0
1995-07-01,S,0,19219,54000.0,1198989984.0
1995-07-01,S,1,1824,54000.0,107431164.0
1995-07-01,T,0,19655,43000.0,1036260101.0
1995-07-01,T,1,1385,52950.0,83811394.0
1995-08-01,D,0,14598,87625.0,1605917760.0
1995-08-01,D,1,3818,91000.0,401496905.0
1995-08-01,F,0,8284,46000.0,485163827.0
1995-08-01,F,1,1553,55000.0,103093958.0
1995-08-01,S,0,20518,54000.0,1279420563.0
1995-08-01,S,1,1938,53950.0,112322402.0
1995-08-01,T,0,21110,42750.0,1095131581.0
1995-08-01,T,1,1460,52997.5,87515962.0
1995-09-01,D,0,13421,85000.0,1431358836.0
1995-09-01,D,1,4104,89950.0,420415078.0
1995-09-01,F,0,8082,45000.0,467404824.0
1995-09-01,F,1,1544,50000.0,92392617.0
1995-09-01,S,0,19422,53000.0,1178723286.0
1995-09-01,S,1,2090,54500.0,123480468.0
1995-09-01,T,0,21194,42000.0,1072135499.0
1995-09-01,T,1,1627,52500.0,96800669.0
1995-10-01,D,0,12439,84950.0,1313003056.0
1995-10-01,D,1,3581,89000.0,366945280.0
1995-10-01,F,0,7533,44000.0,423593995.0
1995-10-01,F,1,1445,54500.0,95535362.0
1995-10-01,S,0,17781,52500.0,1056341515.0
1995-10-01,S,1,1736,54725.0,102952500.0
1995-10-01,T,0,19163,40500.0,950020278.0
1995-10-01,T,1,1355,52500.0,83606642.0
1995-11-01,D,0,12495,84000.0,1296029115.0
1995-11-01,D,1,4001,90140.0,417602214.0
1995-11-01,F,0,7764,43500.0,438558966.0
1995-11-01,F,1,1552,52000.0,100024460.0
1995-11-01,S,0,18576,52000.0,1101027679.0
1995-11-01,S,1,1935,54500.0,115392898.0
1995-11-01,T,0,20191,41000.0,997945175.0
1995-11-01,T,1,1403,53250.0,84906468.0
1995-12-01,D,0,13248,84500.0,1362930839.0
1995-12-01,D,1,5837,89950.0,598846239.0
1995-12-01,F,0,7969,44000.0,456809611.0
1995-12-01,F,1,1971,54950.0,133692658.0
1995-12-01,S,0,19316,52000.0,1144919810.0
1995-12-01,S,1,2763,55250.0,169526265.0
1995-12-01,T,0,20389,41000.0,1010078982.0
1995-12-01,T,1,2004,52675.0,120150800.0
1996-01-01,D,0,9718,85000.0,1038458163.0
1996-01-01,D,1,2160,92125.0,234851787.0
1996-01-01,F,0,6444,44975.0,379963671.0
1996-01-01,F,1,1058,56150.0,76171165.0
1996-01-01,S,0,14182,53000.0,855493768.0
1996-01-01,S,1,1142,54950.0,69019253.0
1996-01-01,T,0,15859,41250.0,799189358.0
1996-01-01,T,1,902,52500.0,58541750.0
1996-02-01,D,0,9883,82000.0,993833089.0
1996-02-01,D,1,2822,92500.0,303511476.0
1996-02-01,F,0,6456,43000.0,358518993.0
1996-02-01,F,1,1270,54995.0,92180092.0
1996-02-01,S,0,14920,52500.0,893033993.0
1996-02-01,S,1,1373,54500.0,81405363.0
1996-02-01,T,0,16545,41000.0,818133672.0
1996-02-01,T,1,1190,53000.0,74493295.0
1996-03-01,D,0,13095,83000.0,1329898745.0
1996-03-01,D,1,4247,89995.0,444993300.0
1996-03-01,F,0,8267,43000.0,471427631.0
1996-03-01,F,1,1663,55000.0,117518797.0
1996-03-01,S,0,20026,52000.0,1181596419.0
1996-03-01,S,1,2166,53950.0,126075860.0
1996-03-01,T,0,22027,41000.0,1069821414.0
1996-03-01,T,1,1664,54000.0,103497466.0
1996-04-01,D,0,13123,86000.0,1404714826.0
1996-04-01,D,1,3445,92500.0,371463173.0
1996-04-01,F,0,7999,44500.0,471983281.0
1996-04-01,F,1,1410,56995.0,108311502.0
1996-04-01,S,0,19057,53500.0,1170902454.0
1996-04-01,S,1,1672,54950.0,101061268.0
1996-04-01,T,0,20253,42000.0,1043868621.0
1996-04-01,T,1,1277,54995.0,81189851.0
1996-05-01,D,0,16049,85000.0,1670401923.0
1996-05-01,D,1,4910,93195.0,524609835.0
1996-05-01,F,0,9534,45000.0,574951019.0
1996-05-01,F,1,1736,57439.0,127442335.0
1996-05-01,S,0,23414,53500.0,1433795381.0
1996-05-01,S,1,2261,55450.0,135532495.0
1996-05-01,T,0,24066,42500.0,1231654863.0
1996-05-01,T,1,1612,55950.0,104844902.0
1996-06-01,D,0,15187,86000.0,1619605930.0
1996-06-01,D,1,5719,92500.0,604375389.0
1996-06-01,F,0,8920,45500.0,552293083.0
1996-06-01,F,1,2033,57950.0,152861848.0
1996-06-01,S,0,21463,53500.0,1320963038.0
1996-06-01,S,1,2723,56000.0,167208398.0
1996-06-01,T,0,21943,42500.0,1128968762.0
1996-06-01,T,1,1972,55995.0,130153682.0
1996-07-01,D,0,19199,89950.0,2120844678.0
1996-07-01,D,1,4080,92950.0,441276626.0
1996-07-01,F,0,10523,47500.0,668406913.0
1996-07-01,F,1,1620,58950.0,123457806.0
1996-07-01,S,0,25312,55000.0,1623810030.0
1996-07-01,S,1,1869,55750.0,116126967.0
1996-07-01,T,0,26120,44000.0,1453555838.0
1996-07-01,T,1,1441,58000.0,96799337.0
1996-08-01,D,0,20884,90000.0,2354204434.0
1996-08-01,D,1,4918,95972.5,549520256.0
1996-08-01,F,0,11063,47150.0,693485935.0
1996-08-01,F,1,1723,61512.0,144729210.0
1996-08-01,S,0,27115,55000.0,1737660781.0
1996-08-01,S,1,2019,56000.0,126009860.0
1996-08-01,T,0,27117,45000.0,1490153274.0
1996-08-01,T,1,1605,55500.0,105823265.0
1996-09-01,D,0,17522,90000.0,1961431474.0
1996-09-01,D,1,4578,92950.0,490251934.0
1996-09-01,F,0,10085,48000.0,651193164.0
1996-09-01,F,1,1634,62000.0,141367123.0
1996-09-01,S,0,23017,55000.0,1466705871.0
1996-09-01,S,1,2052,55950.0,126765791.0
1996-09-01,T,0,24356,44000.0,1308653208.0
1996-09-01,T,1,1552,57800.0,102845754.0
1996-10-01,D,0,18746,89000.0,2093271106.0
1996-10-01,D,1,4622,94500.0,504611151.0
1996-10-01,F,0,11209,46500.0,691781037.0
1996-10-01,F,1,1713,60000.0,139762640.0
1996-10-01,S,0,25412,55000.0,1600729305.0
1996-10-01,S,1,2051,56000.0,127640985.0
1996-10-01,T,0,26135,43250.0,1389648006.0
1996-10-01,T,1,1633,56950.0,110688590.0
1996-11-01,D,0,19931,88500.0,2197149170.0
1996-11-01,D,1,5357,94950.0,577754549.0
1996-11-01,F,0,12033,47000.0,746298570.0
1996-11-01,F,1,1941,59950.0,158807892.0
1996-11-01,S,0,27448,55000.0,1726293612.0
1996-11-01,S,1,2359,55950.0,147253255.0
1996-11-01,T,0,28242,44250.0,1522431730.0
1996-11-01,T,1,1914,58500.0,130799461.0
1996-12-01,D,0,17827,89000.0,1945236058.0
1996-12-01,D,1,6267,96500.0,688647369.0
1996-12-01,F,0,11468,48500.0,736428852.0
1996-12-01,F,1,2034,61497.5,166694402.0
1996-12-01,S,0,24040,55000.0,1532546048.0
1996-12-01,S,1,2667,57500.0,168152675.0
1996-12-01,T,0,25292,44950.0,1393579773.0
1996-12-01,T,1,2093,59950.0,146020064.0
1997-01-01,D,0,13910,90000.0,1591783888.0
1997-01-01,D,1,3035,97500.0,343005124.0
1997-01-01,F,0,9725,48000.0,641772627.0
1997-01-01,F,1,1307,60000.0,109483813.0
1997-01-01,S,0,19135,55500.0,1244710480.0
1997-01-01,S,1,1357,56500.0,85632314.0
1997-01-01,T,0,21061,44500.0,1179159409.0
1997-01-01,T,1,1187,57500.0,80378028.0
1997-02-01,D,0,13195,90000.0,1467385637.0
1997-02-01,D,1,3942,97950.0,439126401.0
1997-02-01,F,0,9567,48000.0,625904350.0
1997-02-01,F,1,1448,62160.0,128035755.0
1997-02-01,S,0,19015,55345.0,1210768029.0
1997-02-01,S,1,1647,56995.0,104944360.0
1997-02-01,T,0,20133,44500.0,1097311259.0
1997-02-01,T,1,1403,56750.0,93526989.0
1997-03-01,D,0,14976,88000.0,1664877463.0
1997-03-01,D,1,4566,96972.5,511580804.0
1997-03-01,F,0,10583,48500.0,702316961.0
1997-03-01,F,1,1676,62000.0,143161784.0
1997-03-01,O,0,1,200.0,200.0
1997-03-01,S,0,21788,55000.0,1383713706.0
1997-03-01,S,1,2160,57000.0,135453660.0
1997-03-01,T,0,24055,45000.0,1309384068.0
1997-03-01,T,1,1567,58950.0,113003133.0
1997-04-01,D,0,16203,92500.0,1881845383.0
1997-04-01,D,1,4235,99000.0,481415449.0
1997-04-01,F,0,11284,49950.0,768996881.0
1997-04-01,F,1,1582,65625.0,139394485.0
1997-04-01,S,0,22466,57000.0,1507904639.0
1997-04-01,S,1,1896,56950.0,118466663.0
1997-04-01,T,0,24458,46000.0,1390428929.0
1997-04-01,T,1,1439,59950.0,111848866.0
1997-05-01,D,0,19428,92000.0,2234482245.0
1997-05-01,D,1,5514,98475.0,622830619.0
1997-05-01,F,0,12481,50000.0,844615979.0
1997-05-01,F,1,1767,65000.0,164539577.0
1997-05-01,S,0,26203,57500.0,1751390238.0
1997-05-01,S,1,2380,59000.0,156191741.0
1997-05-01,T,0,27333,46000.0,1571677639.0
1997-05-01,T,1,1825,59995.0,133888897.0
1997-06-01,D,0,19678,94500.0,2324609405.0
1997-06-01,D,1,6621,99000.0,749861274.0
1997-06-01,F,0,13190,51500.0,939578933.0
1997-06-01,F,1,1881,69995.0,185428296.0
1997-06-01,O,0,4,3138475.0,12523950.0
1997-06-01,S,0,26417,57500.0,1784216621.0
1997-06-01,S,1,2931,58495.0,190847019.0
1997-06-01,T,0,28116,47000.0,1651895838.0
1997-06-01,T,1,2134,59950.0,160224904.0
1997-07-01,D,0,23103,98000.0,2840157955.0
1997-07-01,D,1,4643,96000.0,529192612.0
1997-07-01,F,0,14637,52000.0,1033451301.0
1997-07-01,F,1,1820,70950.0,181809884.0
1997-07-01,S,0,29541,59000.0,2096185393.0
1997-07-01,S,1,2028,58472.5,136802643.0
1997-07-01,T,0,31472,48000.0,1929956092.0
1997-07-01,T,1,1496,59995.0,117559442.0
1997-08-01,D,0,22013,98000.0,2712293689.0
1997-08-01,D,1,5133,99950.0,594576612.0
1997-08-01,F,0,13988,52000.0,955063889.0
1997-08-01,F,1,1781,72600.0,173720722.0
1997-08-01,S,0,28331,59000.0,1984830872.0
1997-08-01,S,1,2178,58500.0,141948877.0
1997-08-01,T,0,29756,47725.0,1770515398.0
1997-08-01,T,1,1527,59995.0,112572409.0
1997-09-01,D,0,19148,97500.0,2390758144.0
1997-09-01,D,1,4595,98950.0,524916349.0
1997-09-01,F,0,13374,53000.0,962399708.0
1997-09-01,F,1,1660,74972.5,176486389.0
1997-09-01,S,0,25223,59000.0,1772923039.0
1997-09-01,S,1,2020,58500.0,135218667.0
1997-09-01,T,0,27462,47500.0,1661556454.0
1997-09-01,T,1,1487,61000.0,110856466.0
1997-10-01,D,0,20110,95000.0,2446862107.0
1997-10-01,D,1,5105,99950.0,590240125.0
1997-10-01,F,0,14217,52520.0,985385641.0
1997-10-01,F,1,1731,73000.0,164062205.0
1997-10-01,S,0,27471,58000.0,1892867667.0
1997-10-01,S,1,2119,59300.0,143752910.0
1997-10-01,T,0,29508,47000.0,1756486571.0
1997-10-01,T,1,1540,61950.0,117231999.0
1997-11-01,D,0,16314,95500.0,1973795493.0
1997-11-01,D,1,4808,98995.0,554123768.0
1997-11-01,F,0,12071,53000.0,852633157.0
1997-11-01,F,1,1602,72500.0,147365287.0
1997-11-01,S,0,23156,58500.0,1599092531.0
1997-11-01,S,1,1920,59950.0,129078226.0
1997-11-01,T,0,25160,47000.0,1514248800.0
1997-11-01,T,1,1572,59997.5,116240064.0
1997-12-01,D,0,16930,96000.0,2058541761.0
1997-12-01,D,1,6479,101000.0,753523344.0
1997-12-01,F,0,12702,54000.0,903757563.0
1997-12-01,F,1,1903,82995.0,205609297.0
1997-12-01,S,0,23960,58700.0,1689325247.0
1997-12-01,S,1,2517,59950.0,172207196.0
1997-12-01,T,0,26511,47500.0,1595184509.0
1997-12-01,T,1,1942,64350.0,152814021.0
1998-01-01,D,0,12094,98000.0,1548326042.0
1998-01-01,D,1,2602,101000.0,304498229.0
1998-01-01,F,0,9886,54000.0,730137452.0
1998-01-01,F,1,974,82997.5,105341463.0
1998-01-01,S,0,17253,59000.0,1242852984.0
1998-01-01,S,1,1157,59195.0,79414412.0
1998-01-01,T,0,19796,48000.0,1234779838.0
1998-01-01,T,1,937,66000.0,75051807.0
1998-02-01,D,0,11782,96500.0,1465004549.0
1998-02-01,D,1,3683,105500.0,438869343.0
1998-02-01,F,0,9785,53750.0,700326764.0
1998-02-01,F,1,1180,77725.0,129080137.0
1998-02-01,S,0,17371,58000.0,1210459271.0
1998-02-01,S,1,1437,59950.0,98076772.0
1998-02-01,T,0,20052,47000.0,1202571539.0
1998-02-01,T,1,1170,63000.0,90553624.0
1998-03-01,D,0,14548,96000.0,1851124681.0
1998-03-01,D,1,4692,103500.0,561864432.0
1998-03-01,F,0,11625,54500.0,867823312.0
1998-03-01,F,1,1302,85000.0,155151099.0
1998-03-01,S,0,21578,58500.0,1523420249.0
1998-03-01,S,1,1830,59950.0,125363028.0
1998-03-01,T,0,24687,47500.0,1523258580.0
1998-03-01,T,1,1386,63087.5,113334383.0
1998-04-01,D,0,16363,100000.0,2100212160.0
1998-04-01,D,1,4250,104950.0,518141927.0
1998-04-01,F,0,11969,56000.0,909508418.0
1998-04-01,F,1,1223,83995.0,140560974.0
1998-04-01,S,0,22760,60000.0,1653521493.0
1998-04-01,S,1,1633,59950.0,110272242.0
1998-04-01,T,0,25006,49000.0,1590442010.0
1998-04-01,T,1,1264,68995.0,104496991.0
1998-05-01,D,0,17197,102500.0,2186476570.0
1998-05-01,D,1,5268,104500.0,642940484.0
1998-05-01,F,0,12869,56000.0,965269936.0
1998-05-01,F,1,1486,87500.0,175808882.0
1998-05-01,S,0,24834,59995.0,1807516202.0
1998-05-01,S,1,1940,59950.0,136867065.0
1998-05-01,T,0,26565,49000.0,1670579179.0
1998-05-01,T,1,1534,66000.0,125575741.0
1998-06-01,D,0,18242,103000.0,2364520468.0
1998-06-01,D,1,6570,104000.0,799305675.0
1998-06-01,F,0,13349,57000.0,1031219585.0
1998-06-01,F,1,1919,91950.0,223162262.0
1998-06-01,S,0,25227,60000.0,1860271693.0
1998-06-01,S,1,2485,59995.0,174441051.0
1998-06-01,T,0,27382,49950.0,1751424755.0
1998-06-01,T,1,1918,69500.0,162547391.0
1998-07-01,D,0,22512,106000.0,3037821989.0
1998-07-01,D,1,4836,105000.0,596655474.0
1998-07-01,F,0,15124,57500.0,1171477633.0
1998-07-01,F,1,1718,86225.0,190165221.0
1998-07-01,O,0,1,170000.0,170000.0
1998-07-01,S,0,29897,60000.0,2265637223.0
1998-07-01,S,1,1839,60000.0,134255874.0
1998-07-01,T,0,32351,50500.0,2141491565.0
1998-07-01,T,1,1351,69500.0,114451438.0
1998-08-01,D,0,19266,110000.0,2664065958.0
1998-08-01,D,1,4570,104975.0,560118459.0
1998-08-01,F,0,13085,58500.0,1015641564.0
1998-08-01,F,1,1651,87500.0,192239198.0
1998-08-01,S,0,25621,62000.0,1937297533.0
1998-08-01,S,1,1758,59997.0,128910906.0
1998-08-01,T,0,27047,51000.0,1802700853.0
1998-08-01,T,1,1242,67814.5,104450320.0
1998-09-01,D,0,17750,108000.0,2435952472.0
1998-09-01,D,1,4581,104500.0,553782406.0
1998-09-01,F,0,13512,58500.0,1055911004.0
1998-09-01,F,1,1404,96995.0,200140292.0
1998-09-01,S,0,24194,60000.0,1827088513.0
1998-09-01,S,1,1706,59995.0,122168322.0
1998-09-01,T,0,25838,51000.0,1688874849.0
1998-09-01,T,1,1220,67500.0,97697764.0
1998-10-01,D,0,18267,102500.0,2395740592.0
1998-10-01,D,1,4746,104475.0,573968070.0
1998-10-01,F,0,13511,57000.0,1035345398.0
1998-10-01,F,1,1471,90995.0,194982058.0
1998-10-01,S,0,25356,59999.0,1844691053.0
1998-10-01,S,1,1866,60972.5,135182791.0
1998-10-01,T,0,27287,49950.0,1723828369.0
1998-10-01,T,1,1304,65950.0,104757356.0
1998-11-01,D,0,16218,103475.0,2122666892.0
1998-11-01,D,1,4747,104950.0,580767730.0
1998-11-01,F,0,12301,57500.0,925054159.0
1998-11-01,F,1,1557,89500.0,186390464.0
1998-11-01,S,0,23576,60000.0,1728987846.0
1998-11-01,S,1,1735,62950.0,127681862.0
1998-11-01,T,0,25287,49950.0,1568525268.0
1998-11-01,T,1,1262,68950.0,105413500.0
1998-12-01,D,0,16023,102500.0,2078042876.0
1998-12-01,D,1,6154,105000.0,774078136.0
1998-12-01,F,0,12586,58000.0,963378250.0
1998-12-01,F,1,1785,99995.0,230858632.0
1998-12-01,S,0,23242,60000.0,1717245497.0
1998-12-01,S,1,2240,62950.0,167281296.0
1998-12-01,T,0,25274,49000.0,1576694542.0
1998-12-01,T,1,1810,71950.0,159453468.0
1999-01-01,D,0,11860,105000.0,1599842995.0
1999-01-01,D,1,2564,107950.0,323260601.0
1999-01-01,F,0,9548,58000.0,745262943.0
1999-01-01,F,1,1026,99950.0,136159691.0
1999-01-01,S,0,17242,61000.0,1297670286.0
1999-01-01,S,1,1006,62972.5,72900886.0
1999-01-01,T,0,19404,50000.0,1265837089.0
1999-01-01,T,1,893,72950.0,79513632.0
1999-02-01,D,0,11817,103000.0,1582617016.0
1999-02-01,D,1,3645,107500.0,459691178.0
1999-02-01,F,0,9675,59000.0,761978871.0
1999-02-01,F,1,1190,99000.0,153800700.0
1999-02-01,S,0,17500,60000.0,1307426075.0
1999-02-01,S,1,1336,63637.5,96724875.0
1999-02-01,T,0,19709,50000.0,1267076257.0
1999-02-01,T,1,1026,69500.0,87549071.0
1999-03-01,D,0,16388,107000.0,2225419822.0
1999-03-01,D,1,4808,108950.0,617507523.0
1999-03-01,F,0,12717,59500.0,1027049838.0
1999-03-01,F,1,1572,100000.0,207434452.0
1999-03-01,O,0,1,50000.0,50000.0
1999-03-01,S,0,23430,61500.0,1767999661.0
1999-03-01,S,1,1831,63000.0,140578606.0
1999-03-01,T,0,26586,51000.0,1745957528.0
1999-03-01,T,1,1496,73000.0,135915004.0
1999-04-01,D,0,18259,108000.0,2476821116.0
1999-04-01,D,1,4906,109750.0,632754223.0
1999-04-01,F,0,13330,60000.0,1098959487.0
1999-04-01,F,1,1516,101000.0,196611445.0
1999-04-01,S,0,25551,63500.0,1981798678.0
1999-04-01,S,1,1777,64950.0,138014357.0
1999-04-01,T,0,27533,52950.0,1898544889.0
1999-04-01,T,1,1321,71950.0,117214791.0
1999-05-01,D,0,18558,110000.0,2520996610.0
1999-05-01,D,1,5169,113000.0,696088252.0
1999-05-01,F,0,13082,61000.0,1084296337.0
1999-05-01,F,1,1557,95000.0,198137565.0
1999-05-01,S,0,25357,64000.0,1974548065.0
1999-05-01,S,1,1872,65450.0,146688619.0
1999-05-01,T,0,27116,53000.0,1857700836.0
1999-05-01,T,1,1468,72950.0,131534818.0
1999-06-01,D,0,21186,115000.0,3038520141.0
1999-06-01,D,1,6333,112500.0,843568688.0
1999-06-01,F,0,14879,63950.0,1295328554.0
1999-06-01,F,1,2077,104950.0,279020238.0
1999-06-01,S,0,27872,65500.0,2263270404.0
1999-06-01,S,1,2214,65500.0,171928491.0
1999-06-01,T,0,29700,55000.0,2142490688.0
1999-06-01,T,1,1988,78502.0,193230098.0
1999-07-01,D,0,26898,117500.0,3993904556.0
1999-07-01,D,1,5602,112995.0,747892571.0
1999-07-01,F,0,17993,65000.0,1601210083.0
1999-07-01,F,1,2045,105000.0,279750128.0
1999-07-01,O,0,1,151508.0,151508.0
1999-07-01,S,0,34305,67000.0,2854268660.0
1999-07-01,S,1,1959,64995.0,156697250.0
1999-07-01,T,0,35860,56000.0,2658824450.0
1999-07-01,T,1,1548,78950.0,154548522.0
1999-08-01,D,0,24623,119000.0,3686161531.0
1999-08-01,D,1,5103,116950.0,704767462.0
1999-08-01,F,0,16341,66750.0,1507842751.0
1999-08-01,F,1,1692,102000.0,234967213.0
1999-08-01,S,0,30788,68250.0,2596097637.0
1999-08-01,S,1,1688,65950.0,135708839.0
1999-08-01,T,0,32661,57000.0,2444557133.0
1999-08-01,T,1,1442,79825.0,146485274.0
1999-09-01,D,0,23272,120000.0,3591343951.0
1999-09-01,D,1,5095,115500.0,699264114.0
1999-09-01,F,0,16043,68500.0,1526419520.0
1999-09-01,F,1,1655,110000.0,244391454.0
1999-09-01,S,0,28533,68500.0,2444285208.0
1999-09-01,S,1,1685,66975.0,137138573.0
1999-09-01,T,0,30471,57000.0,2307425895.0
1999-09-01,T,1,1447,80000.0,144282213.0
1999-10-01,D,0,23573,117000.0,3457714567.0
1999-10-01,D,1,5483,113500.0,737821606.0
1999-10-01,F,0,16468,67972.5,1522219414.0
1999-10-01,F,1,1848,114972.5,260704874.0
1999-10-01,S,0,30377,67500.0,2539890190.0
1999-10-01,S,1,1776,67500.0,143093850.0
1999-10-01,T,0,32578,56000.0,2389676379.0
1999-10-01,T,1,1551,78500.0,151731288.0
1999-11-01,D,0,22240,118000.0,3291273706.0
1999-11-01,D,1,5595,116250.0,766489265.0
1999-11-01,F,0,16234,68950.0,1512270396.0
1999-11-01,F,1,1806,109950.0,278435164.0
1999-11-01,S,0,29176,68000.0,2455521497.0
1999-11-01,S,1,1805,67495.0,146011172.0
1999-11-01,T,0,31669,57000.0,2389198885.0
1999-11-01,T,1,1515,79950.0,149285021.0
1999-12-01,D,0,20384,119995.0,3004379985.0
1999-12-01,D,1,7004,118995.0,1005653930.0
1999-12-01,F,0,16299,69500.0,1562912308.0
1999-12-01,F,1,2320,111000.0,339788287.0
1999-12-01,O,0,1,17000.0,17000.0
1999-12-01,S,0,27836,68000.0,2339185711.0
1999-12-01,S,1,2123,68850.0,179590278.0
1999-12-01,T,0,30855,57000.0,2311317611.0
1999-12-01,T,1,1907,83995.0,199955516.0
2000-01-01,D,0,13708,121850.0,2151988587.0
2000-01-01,D,1,2925,116995.0,420722285.0
2000-01-01,F,0,11684,70000.0,1161438972.0
2000-01-01,F,1,1247,110000.0,201014888.0
2000-01-01,S,0,18881,69000.0,1654359406.0
2000-01-01,S,1,961,68950.0,81617027.0
2000-01-01,T,0,21963,57750.0,1713809791.0
2000-01-01,T,1,912,81500.0,95339529.0
2000-02-01,D,0,13828,120000.0,2114422706.0
2000-02-01,D,1,4161,119450.0,587916277.0
2000-02-01,F,0,12452,71000.0,1203548632.0
2000-02-01,F,1,1559,112000.0,231133561.0
2000-02-01,S,0,19762,68000.0,1682898006.0
2000-02-01,S,1,1316,68972.5,109382777.0
2000-02-01,T,0,22842,56500.0,1733009115.0
2000-02-01,T,1,1145,84635.0,124215919.0
2000-03-01,D,0,18359,120000.0,2889508247.0
2000-03-01,D,1,5922,119995.0,858928737.0
2000-03-01,F,0,15944,72500.0,1625431167.0
2000-03-01,F,1,1991,115000.0,302781642.0
2000-03-01,O,0,1,135000.0,135000.0
2000-03-01,S,0,26687,68500.0,2298466806.0
2000-03-01,S,1,1932,69500.0,165227039.0
2000-03-01,T,0,30192,57500.0,2403287190.0
2000-03-01,T,1,1718,83995.0,184029101.0
2000-04-01,D,0,17711,125000.0,2827604908.0
2000-04-01,D,1,4618,119995.0,663308226.0
2000-04-01,F,0,14242,75000.0,1488838325.0
2000-04-01,F,1,1631,124550.0,254258524.0
2000-04-01,S,0,25555,71000.0,2287133377.0
2000-04-01,S,1,1525,69950.0,134838216.0
2000-04-01,T,0,27912,59000.0,2224719079.0
2000-04-01,T,1,1342,87950.0,146716971.0
2000-05-01,D,0,18392,127500.0,2954064470.0
2000-05-01,D,1,5243,120950.0,759715371.0
2000-05-01,F,0,14858,75000.0,1539764293.0
2000-05-01,F,1,1794,125950.0,288847072.0
2000-05-01,S,0,25875,71500.0,2301261118.0
2000-05-01,S,1,1627,71950.0,143430536.0
2000-05-01,T,0,28859,59500.0,2310212936.0
2000-05-01,T,1,1503,88000.0,172100166.0
2000-06-01,D,0,20430,127000.0,3270074057.0
2000-06-01,D,1,7468,123995.0,1106356758.0
2000-06-01,F,0,16243,76000.0,1650321014.0
2000-06-01,F,1,2382,125000.0,378520568.0
2000-06-01,S,0,29139,71000.0,2613149790.0
2000-06-01,S,1,2301,73500.0,204985947.0
2000-06-01,T,0,32431,59500.0,2577058113.0
2000-06-01,T,1,1937,88500.0,211119352.0
2000-07-01,D,0,19943,133000.0,3413825385.0
2000-07-01,D,1,4228,122872.5,625859221.0
2000-07-01,F,0,14859,76250.0,1518890313.0
2000-07-01,F,1,1729,132000.0,294862537.0
2000-07-01,S,0,27893,73500.0,2589945301.0
2000-07-01,S,1,1395,71000.0,121470421.0
2000-07-01,T,0,30349,60000.0,2488099419.0
2000-07-01,T,1,1256,90000.0,142506144.0
2000-08-01,D,0,20193,133000.0,3451901072.0
2000-08-01,D,1,4770,127372.5,728969680.0
2000-08-01,F,0,14390,76000.0,1459580642.0
2000-08-01,F,1,1858,117500.0,287819988.0
2000-08-01,S,0,26855,75000.0,2538964140.0
2000-08-01,S,1,1424,76500.0,131456922.0
2000-08-01,T,0,30087,60000.0,2465587559.0
2000-08-01,T,1,1192,88950.0,136166031.0
2000-09-01,D,0,18144,129995.0,3048189573.0
2000-09-01,D,1,5063,125000.0,756166684.0
2000-09-01,F,0,13527,76000.0,1385223167.0
2000-09-01,F,1,1578,122975.0,261608860.0
2000-09-01,O,0,1,250000.0,250000.0
2000-09-01,S,0,25056,72000.0,2273009216.0
2000-09-01,S,1,1511,73950.0,136775771.0
2000-09-01,T,0,28038,59000.0,2196916181.0
2000-09-01,T,1,1395,87995.0,158058850.0
2000-10-01,D,0,17059,130000.0,2905179139.0
2000-10-01,D,1,4389,125995.0,662541126.0
2000-10-01,F,0,12770,75000.0,1319214087.0
2000-10-01,F,1,1523,130000.0,250234422.0
2000-10-01,O,0,1,3000.0,3000.0
2000-10-01,S,0,23860,72000.0,2166540228.0
2000-10-01,S,1,1362,75000.0,126801042.0
2000-10-01,T,0,26694,59000.0,2080480179.0
2000-10-01,T,1,1162,89995.0,133252404.0
2000-11-01,D,0,16914,132950.0,2872054829.0
2000-11-01,D,1,4555,129000.0,693719856.0
2000-11-01,F,0,12968,76000.0,1347884917.0
2000-11-01,F,1,1690,129000.0,313176351.0
2000-11-01,O,0,2,132187.5,264375.0
2000-11-01,S,0,23536,73000.0,2168215104.0
2000-11-01,S,1,1365,74950.0,125652450.0
2000-11-01,T,0,26616,59000.0,2122757161.0
2000-11-01,T,1,1377,89950.0,155222177.0
2000-12-01,D,0,17137,130000.0,2858296721.0
2000-12-01,D,1,6919,129950.0,1068813655.0
2000-12-01,F,0,13480,77500.0,1417332519.0
2000-12-01,F,1,2373,124995.0,383645430.0
2000-12-01,S,0,24933,74500.0,2292285617.0
2000-12-01,S,1,1943,79995.0,186082486.0
2000-12-01,T,0,28242,59950.0,2248700008.0
2000-12-01,T,1,2028,92500.0,242288556.0
2001-01-01,D,0,12349,135000.0,2190258019.0
2001-01-01,D,1,2334,133000.0,368861602.0
2001-01-01,F,0,11225,80000.0,1213692249.0
2001-01-01,F,1,1234,127500.0,213726526.0
2001-01-01,O,0,1,1800000.0,1800000.0
2001-01-01,S,0,18274,75000.0,1747467549.0
2001-01-01,S,1,886,80475.0,90543184.0
2001-01-01,T,0,21957,60000.0,1836179311.0
2001-01-01,T,1,812,95000.0,92925901.0
2001-02-01,D,0,12416,135000.0,2136202429.0
2001-02-01,D,1,3323,131950.0,530410115.0
2001-02-01,F,0,10870,79000.0,1149083373.0
2001-02-01,F,1,1441,117950.0,237060372.0
2001-02-01,S,0,18556,75000.0,1756463224.0
2001-02-01,S,1,1059,78000.0,105535865.0
2001-02-01,T,0,22926,61000.0,1847228593.0
2001-02-01,T,1,1089,92995.0,126514428.0
2001-03-01,D,0,16846,133000.0,2879180152.0
2001-03-01,D,1,5265,129500.0,820312830.0
2001-03-01,F,0,13993,80000.0,1541277171.0
2001-03-01,F,1,2070,120500.0,330194495.0
2001-03-01,S,0,25122,75000.0,2353348126.0
2001-03-01,S,1,1674,79950.0,163504635.0
2001-03-01,T,0,29798,60000.0,2465795226.0
2001-03-01,T,1,1538,93975.0,182439126.0
2001-04-01,D,0,18538,138950.0,3243708438.0
2001-04-01,D,1,4218,133972.5,679660371.0
2001-04-01,F,0,13466,83500.0,1518024119.0
2001-04-01,F,1,1754,125972.5,288082246.0
2001-04-01,S,0,25249,79500.0,2498128604.0
2001-04-01,S,1,1295,84000.0,136432698.0
2001-04-01,T,0,28419,66000.0,2468410796.0
2001-04-01,T,1,1264,105000.0,166325087.0
2001-05-01,D,0,20562,139950.0,3603353775.0
2001-05-01,D,1,4760,134750.0,772527172.0
2001-05-01,F,0,15067,84695.0,1720243297.0
2001-05-01,F,1,1928,125000.0,302912791.0
2001-05-01,S,0,28595,80000.0,2857350768.0
2001-05-01,S,1,1520,80000.0,153207973.0
2001-05-01,T,0,31689,67500.0,2761290048.0
2001-05-01,T,1,1521,99500.0,188038130.0
2001-06-01,D,0,22476,141000.0,4007715277.0
2001-06-01,D,1,7495,134650.0,1216508272.0
2001-06-01,F,0,16740,86500.0,1964231675.0
2001-06-01,F,1,3119,129995.0,496622816.0
2001-06-01,S,0,31724,80000.0,3195362514.0
2001-06-01,S,1,2250,84997.5,225713806.0
2001-06-01,T,0,34672,67500.0,3030436049.0
2001-06-01,T,1,2416,109500.0,308431584.0
2001-07-01,D,0,24718,147000.0,4657701091.0
2001-07-01,D,1,4129,136000.0,694651698.0
2001-07-01,F,0,16897,87500.0,1981693367.0
2001-07-01,F,1,2257,129950.0,361247601.0
2001-07-01,S,0,33200,84000.0,3496362767.0
2001-07-01,S,1,1397,84400.0,143473587.0
2001-07-01,T,0,36689,69950.0,3406153257.0
2001-07-01,T,1,1241,105000.0,163919724.0
2001-08-01,D,0,27639,149500.0,5214392041.0
2001-08-01,D,1,5030,136995.0,840312147.0
2001-08-01,F,0,18338,89950.0,2169961644.0
2001-08-01,F,1,2546,124997.5,394069979.0
2001-08-01,O,0,1,204.0,204.0
2001-08-01,S,0,36281,85000.0,3851109953.0
2001-08-01,S,1,1518,86500.0,163995688.0
2001-08-01,T,0,39929,70000.0,3688855464.0
2001-08-01,T,1,1593,108950.0,211669444.0
2001-09-01,D,0,21062,149950.0,3960593404.0
2001-09-01,D,1,4447,140000.0,758537874.0
2001-09-01,F,0,14986,89950.0,1763985207.0
2001-09-01,F,1,1981,130000.0,324635763.0
2001-09-01,O,0,1,3000.0,3000.0
2001-09-01,S,0,28223,84500.0,2974546102.0
2001-09-01,S,1,1324,86500.0,139168287.0
2001-09-01,T,0,31350,69500.0,2847295493.0
2001-09-01,T,1,1336,112975.0,192364140.0
2001-10-01,D,0,22338,147000.0,4096372179.0
2001-10-01,D,1,4240,137485.0,704573536.0
2001-10-01,F,0,15896,87500.0,1814453840.0
2001-10-01,F,1,2146,129950.0,332743166.0
2001-10-01,S,0,30684,84500.0,3163904931.0
2001-10-01,S,1,1384,87950.0,148933680.0
2001-10-01,T,0,34641,68500.0,3052734594.0
2001-10-01,T,1,1394,107972.5,184148709.0
2001-11-01,D,0,22163,144950.0,3958861826.0
2001-11-01,D,1,4980,139950.0,819782967.0
2001-11-01,F,0,16258,87500.0,1826758769.0
2001-11-01,F,1,2270,131026.5,364856383.0
2001-11-01,S,0,31812,83000.0,3239746160.0
2001-11-01,S,1,1610,85850.0,168841349.0
2001-11-01,T,0,36001,67500.0,3116830591.0
2001-11-01,T,1,1673,110300.0,218753033.0
2001-12-01,D,0,18049,149500.0,3325728174.0
2001-12-01,D,1,6082,145000.0,1068635160.0
2001-12-01,F,0,13509,89000.0,1542962961.0
2001-12-01,F,1,3397,131000.0,540422786.0
2001-12-01,O,0,1,1000000.0,1000000.0
2001-12-01,S,0,25329,85000.0,2633282006.0
2001-12-01,S,1,1803,89995.0,200322529.0
2001-12-01,T,0,29432,68000.0,2566091774.0
2001-12-01,T,1,2112,117000.0,288682831.0
2002-01-01,D,0,14331,150000.0,2732058042.0
2002-01-01,D,1,2160,145000.0,376935158.0
2002-01-01,F,0,11631,91000.0,1374788332.0
2002-01-01,F,1,1583,135950.0,256207886.0
2002-01-01,O,0,2,158000.0,316000.0
2002-01-01,S,0,20538,86000.0,2180805098.0
2002-01-01,S,1,794,84950.0,84128284.0
2002-01-01,T,0,24919,69000.0,2262570664.0
2002-01-01,T,1,753,111950.0,100997836.0
2002-02-01,D,0,14745,150000.0,2741901270.0
2002-02-01,D,1,3083,145995.0,541652403.0
2002-02-01,F,0,12367,91000.0,1469575341.0
2002-02-01,F,1,2072,133725.0,326658212.0
2002-02-01,S,0,22029,85000.0,2311007019.0
2002-02-01,S,1,1071,93495.0,119507621.0
2002-02-01,T,0,26244,68625.0,2340209972.0
2002-02-01,T,1,1106,115972.5,154217779.0
2002-03-01,D,0,20169,150000.0,3787353999.0
2002-03-01,D,1,5238,149475.0,942153238.0
2002-03-01,F,0,15469,95000.0,1923433390.0
2002-03-01,F,1,2876,132950.0,457340755.0
2002-03-01,S,0,29140,86950.0,3099878372.0
2002-03-01,S,1,1756,92250.0,198483709.0
2002-03-01,T,0,33976,71000.0,3098064098.0
2002-03-01,T,1,1733,112500.0,232185190.0
2002-04-01,D,0,20557,157000.0,4018112833.0
2002-04-01,D,1,3926,154000.0,717118009.0
2002-04-01,F,0,15377,99000.0,2010406399.0
2002-04-01,F,1,2425,140000.0,410924098.0
2002-04-01,S,0,28278,90000.0,3147591185.0
2002-04-01,S,1,1317,95995.0,155519722.0
2002-04-01,T,0,33172,75000.0,3234960729.0
2002-04-01,T,1,1444,119997.5,210451217.0
2002-05-01,D,0,27552,160000.0,5378107274.0
2002-05-01,D,1,5378,151000.0,973202408.0
2002-05-01,F,0,19763,101000.0,2573644632.0
2002-05-01,F,1,3236,136995.0,531516159.0
2002-05-01,O,0,1,150000.0,150000.0
2002-05-01,S,0,38357,93000.0,4368889885.0
2002-05-01,S,1,1800,98950.0,217318426.0
2002-05-01,T,0,42906,77500.0,4240866020.0
2002-05-01,T,1,2085,120000.0,294380377.0
2002-06-01,D,0,21891,169000.0,4553976162.0
2002-06-01,D,1,5852,161425.0,1111083844.0
2002-06-01,F,0,15165,107000.0,2091148626.0
2002-06-01,F,1,3809,136995.0,616370980.0
2002-06-01,O,0,1,95000.0,95000.0
2002-06-01,S,0,28386,96750.0,3366488024.0
2002-06-01,S,1,1975,107500.0,251171643.0
2002-06-01,T,0,32169,80000.0,3310291299.0
2002-06-01,T,1,2279,128000.0,340417528.0
2002-07-01,D,0,28137,178000.0,6195222942.0
2002-07-01,D,1,4032,160000.0,770375934.0
2002-07-01,F,0,19423,109950.0,2653372803.0
2002-07-01,F,1,3333,132000.0,520030891.0
2002-07-01,S,0,35868,104000.0,4481759878.0
2002-07-01,S,1,1396,101975.0,178512619.0
2002-07-01,T,0,41117,83500.0,4399244041.0
2002-07-01,T,1,1573,122995.0,236759216.0
2002-08-01,D,0,27659,180000.0,6138780663.0
2002-08-01,D,1,4631,165000.0,907524287.0
2002-08-01,F,0,19304,112000.0,2697768066.0
2002-08-01,F,1,3241,140000.0,560271254.0
2002-08-01,S,0,36112,105972.5,4608524602.0
2002-08-01,S,1,1510,109995.0,195720468.0
2002-08-01,T,0,40585,84950.0,4368345558.0
2002-08-01,T,1,1742,126997.5,266473033.0
2002-09-01,D,0,21691,185000.0,4961998598.0
2002-09-01,D,1,4039,167000.0,798870616.0
2002-09-01,F,0,16590,115000.0,2348899296.0
2002-09-01,F,1,2939,140000.0,495391425.0
2002-09-01,S,0,28691,105000.0,3616421103.0
2002-09-01,S,1,1386,110000.0,182203228.0
2002-09-01,T,0,34170,84000.0,3652540428.0
2002-09-01,T,1,1614,125250.0,231111607.0
2002-10-01,D,0,21885,185000.0,4963530465.0
2002-10-01,D,1,3971,165000.0,770959181.0
2002-10-01,F,0,16946,115000.0,2343394543.0
2002-10-01,F,1,2834,139995.0,463590082.0
2002-10-01,S,0,29272,105375.0,3733096442.0
2002-10-01,S,1,1494,110725.0,192839978.0
2002-10-01,T,0,35219,83000.0,3716646142.0
2002-10-01,T,1,1686,126625.0,246907204.0
2002-11-01,D,0,22201,185000.0,5014608272.0
2002-11-01,D,1,4649,169830.0,910431620.0
2002-11-01,F,0,17002,113700.0,2314197715.0
2002-11-01,F,1,3103,137500.0,505244676.0
2002-11-01,S,0,31027,105000.0,3891100933.0
2002-11-01,S,1,1649,114995.0,218617294.0
2002-11-01,T,0,37367,82500.0,3900499642.0
2002-11-01,T,1,1911,130000.0,289717704.0
2002-12-01,D,0,19269,185000.0,4357451292.0
2002-12-01,D,1,5509,179950.0,1147200646.0
2002-12-01,F,0,15790,117000.0,2218478565.0
2002-12-01,F,1,4224,138950.0,691763327.0
2002-12-01,S,0,27157,110000.0,3522689703.0
2002-12-01,S,1,2125,122500.0,302368304.0
2002-12-01,T,0,32699,85000.0,3487224539.0
2002-12-01,T,1,2598,138950.0,404883299.0
2003-01-01,D,0,15714,193000.0,3708886164.0
2003-01-01,D,1,2035,179950.0,424856286.0
2003-01-01,F,0,13442,117000.0,1902955574.0
2003-01-01,F,1,1897,143500.0,322447511.0
2003-01-01,S,0,22459,112000.0,2969014297.0
2003-01-01,S,1,839,118950.0,113168397.0
2003-01-01,T,0,28023,87000.0,3046578432.0
2003-01-01,T,1,987,127995.0,145956496.0
2003-02-01,D,0,13913,189500.0,3226889592.0
2003-02-01,D,1,2785,179950.0,576665413.0
2003-02-01,F,0,12360,116000.0,1695454515.0
2003-02-01,F,1,2252,140500.0,371591240.0
2003-02-01,O,0,1,60000.0,60000.0
2003-02-01,S,0,20815,111000.0,2689553027.0
2003-02-01,S,1,1153,125000.0,160490476.0
2003-02-01,T,0,26480,84500.0,2798009791.0
2003-02-01,T,1,1287,131000.0,191879879.0
2003-03-01,D,0,14516,189950.0,3344245125.0
2003-03-01,D,1,3412,179950.0,707137846.0
2003-03-01,F,0,12720,115000.0,1718503272.0
2003-03-01,F,1,2815,138000.0,466815763.0
2003-03-01,O,0,1,150000.0,150000.0
2003-03-01,S,0,22131,110000.0,2825386465.0
2003-03-01,S,1,1292,124950.0,188043990.0
2003-03-01,T,0,27832,84575.0,2935681668.0
2003-03-01,T,1,1573,138950.0,239150807.0
2003-04-01,D,0,15874,195000.0,3737293283.0
2003-04-01,D,1,2924,180000.0,627535428.0
2003-04-01,F,0,12875,118000.0,1776390846.0
2003-04-01,F,1,2659,140995.0,455982826.0
2003-04-01,S,0,23511,115000.0,3113527151.0
2003-04-01,S,1,1205,130000.0,177944767.0
2003-04-01,T,0,28747,87500.0,3104962387.0
2003-04-01,T,1,1435,135000.0,226296859.0
2003-05-01,D,0,16908,195000.0,3997487765.0
2003-05-01,D,1,3572,180000.0,748003000.0
2003-05-01,F,0,14028,117000.0,1912199502.0
2003-05-01,F,1,3197,142950.0,556452061.0
2003-05-01,S,0,26051,116000.0,3461062438.0
2003-05-01,S,1,1399,130000.0,207138504.0
2003-05-01,T,0,31736,87000.0,3436372780.0
2003-05-01,T,1,1646,143975.0,257521670.0
2003-06-01,D,0,16925,195000.0,3969893119.0
2003-06-01,D,1,5014,186950.0,1090058070.0
2003-06-01,F,0,14260,120000.0,1979038546.0
2003-06-01,F,1,4648,148000.0,807642226.0
2003-06-01,S,0,25561,117500.0,3436003640.0
2003-06-01,S,1,2047,136995.0,305773398.0
2003-06-01,T,0,30720,89950.0,3419883593.0
2003-06-01,T,1,2481,145000.0,400332083.0
2003-07-01,D,0,21144,205000.0,5238843936.0
2003-07-01,D,1,2801,185500.0,607367608.0
2003-07-01,F,0,15936,123000.0,2295540613.0
2003-07-01,F,1,3258,145000.0,576392948.0
2003-07-01,O,0,2,29450.0,58900.0
2003-07-01,S,0,29763,123000.0,4231000312.0
2003-07-01,S,1,1177,136995.0,177242008.0
2003-07-01,T,0,35389,94000.0,4149553845.0
2003-07-01,T,1,1398,147500.0,239021800.0
2003-08-01,D,0,22708,210000.0,5719089114.0
2003-08-01,D,1,3515,190000.0,777718264.0
2003-08-01,F,0,16541,125000.0,2391235559.0
2003-08-01,F,1,3367,150000.0,643581869.0
2003-08-01,S,0,31744,125000.0,4580562732.0
2003-08-01,S,1,1378,135000.0,205894419.0
2003-08-01,T,0,36808,97450.0,4371520398.0
2003-08-01,T,1,1643,145950.0,266245802.0
2003-09-01,D,0,21380,211000.0,5423338614.0
2003-09-01,D,1,3330,189500.0,730390650.0
2003-09-01,F,0,16957,125000.0,2520125599.0
2003-09-01,F,1,3580,149500.0,674304258.0
2003-09-01,S,0,30248,126375.0,4405010652.0
2003-09-01,S,1,1430,136995.0,217175477.0
2003-09-01,T,0,35250,97000.0,4241583148.0
2003-09-01,T,1,1715,147995.0,283723182.0
2003-10-01,D,0,24370,209000.0,6049755743.0
2003-10-01,D,1,4005,192000.0,893412068.0
2003-10-01,F,0,18376,126000.0,2699038525.0
2003-10-01,F,1,3828,151125.0,686768796.0
2003-10-01,O,0,1,149664.0,149664.0
2003-10-01,S,0,33880,127000.0,4895373495.0
2003-10-01,S,1,1612,135810.0,242929843.0
2003-10-01,T,0,40302,97500.0,4820425722.0
2003-10-01,T,1,1920,148850.0,310897342.0
2003-11-01,D,0,22741,212000.0,5725660692.0
2003-11-01,D,1,3808,195000.0,872754942.0
2003-11-01,F,0,17296,126975.0,2570702057.0
2003-11-01,F,1,4313,149950.0,779694824.0
2003-11-01,S,0,31239,129000.0,4565694746.0
2003-11-01,S,1,1638,142498.0,261320780.0
2003-11-01,T,0,37198,99000.0,4509755685.0
2003-11-01,T,1,2025,145950.0,323938270.0
2003-12-01,D,0,22546,213000.0,5651417420.0
2003-12-01,D,1,5251,200000.0,1214763498.0
2003-12-01,F,0,17278,129950.0,2663776464.0
2003-12-01,F,1,6006,149950.0,1061379308.0
2003-12-01,S,0,30893,130000.0,4572423352.0
2003-12-01,S,1,2371,146995.0,384698625.0
2003-12-01,T,0,36716,104000.0,4542032026.0
2003-12-01,T,1,2908,152500.0,486938405.0
2004-01-01,D,0,17045,217000.0,4391013349.0
2004-01-01,D,1,1787,200995.0,423161837.0
2004-01-01,F,0,14446,131000.0,2252987965.0
2004-01-01,F,1,2584,161500.0,475133561.0
2004-01-01,S,0,24480,132500.0,3686186540.0
2004-01-01,S,1,867,134995.0,132814151.0
2004-01-01,T,0,30337,105000.0,3806895827.0
2004-01-01,T,1,1017,147000.0,167475876.0
2004-02-01,D,0,16488,215000.0,4185376209.0
2004-02-01,D,1,2423,204995.0,568972064.0
2004-02-01,F,0,14202,130000.0,2167796002.0
2004-02-01,F,1,2900,154972.5,541773576.0
2004-02-01,S,0,24260,133000.0,3616254827.0
2004-02-01,S,1,1157,145995.0,182994727.0
2004-02-01,T,0,29604,104000.0,3711291558.0
2004-02-01,T,1,1412,151995.0,233012264.0
2004-03-01,D,0,19145,219950.0,4955417839.0
2004-03-01,D,1,3219,202500.0,764926235.0
2004-03-01,F,0,16666,132500.0,2643614088.0
2004-03-01,F,1,3825,150088.0,703976068.0
2004-03-01,O,0,1,280000.0,280000.0
2004-03-01,S,0,27318,133000.0,4110146159.0
2004-03-01,S,1,1611,145000.0,260016706.0
2004-03-01,T,0,34058,105000.0,4286293658.0
2004-03-01,T,1,1788,154972.5,302463153.0
2004-04-01,D,0,23077,220000.0,6031243516.0
2004-04-01,D,1,3219,207450.0,772415656.0
2004-04-01,F,0,18072,134000.0,2930792081.0
2004-04-01,F,1,3708,155000.0,691203885.0
2004-04-01,S,0,32472,136000.0,5033179188.0
2004-04-01,S,1,1526,149950.0,251984709.0
2004-04-01,T,0,37969,111000.0,4964841412.0
2004-04-01,T,1,1818,157500.0,319337156.0
2004-05-01,D,0,21404,224575.0,5591807315.0
2004-05-01,D,1,3104,208995.0,751411936.0
2004-05-01,F,0,16186,135000.0,2610717665.0
2004-05-01,F,1,4074,156187.5,748025112.0
2004-05-01,O,0,2,151000.0,302000.0
2004-05-01,S,0,29455,139950.0,4629984729.0
2004-05-01,S,1,1543,154000.0,267620773.0
2004-05-01,T,0,34425,114500.0,4569252198.0
2004-05-01,T,1,1886,164950.0,341578910.0
2004-06-01,D,0,23276,230000.0,6322220378.0
2004-06-01,D,1,4421,215000.0,1099896524.0
2004-06-01,F,0,18506,140000.0,3069538183.0
2004-06-01,F,1,5589,160000.0,1036537089.0
2004-06-01,S,0,32427,143000.0,5272291248.0
2004-06-01,S,1,2228,159995.0,401632550.0
2004-06-01,T,0,37250,117000.0,5088035366.0
2004-06-01,T,1,2762,165000.0,510463516.0
2004-07-01,D,0,27147,237000.0,7635926131.0
2004-07-01,D,1,2794,217997.5,696054821.0
2004-07-01,F,0,20115,142000.0,3408561757.0
2004-07-01,F,1,4113,164950.0,762945380.0
2004-07-01,O,0,1,33500.0,33500.0
2004-07-01,S,0,36145,147500.0,6073692359.0
2004-07-01,S,1,1439,158000.0,251382623.0
2004-07-01,T,0,41444,120000.0,5861407572.0
2004-07-01,T,1,1671,161995.0,296517867.0
2004-08-01,D,0,23328,242500.0,6739385880.0
2004-08-01,D,1,2618,225972.5,675957301.0
2004-08-01,F,0,17348,143000.0,2911438680.0
2004-08-01,F,1,3715,161500.0,712800247.0
2004-08-01,S,0,30484,151000.0,5249778137.0
2004-08-01,S,1,1463,159950.0,257781627.0
2004-08-01,T,0,35146,124000.0,5041019702.0
2004-08-01,T,1,1708,160000.0,298169627.0
2004-09-01,D,0,19036,245000.0,5570611360.0
2004-09-01,D,1,2591,225000.0,664105259.0
2004-09-01,F,0,15699,142500.0,2674503845.0
2004-09-01,F,1,3953,165000.0,757866801.0
2004-09-01,S,0,25186,151950.0,4343757647.0
2004-09-01,S,1,1355,163200.0,248132431.0
2004-09-01,T,0,30321,122000.0,4317899948.0
2004-09-01,T,1,1720,165000.0,314618328.0
2004-10-01,D,0,17403,242500.0,4956037728.0
2004-10-01,D,1,2585,224950.0,660897940.0
2004-10-01,F,0,14719,140000.0,2408082871.0
2004-10-01,F,1,3790,159950.0,693901412.0
2004-10-01,O,0,1,10000.0,10000.0
2004-10-01,S,0,24490,149000.0,4118088959.0
2004-10-01,S,1,1371,159950.0,244917484.0
2004-10-01,T,0,29929,119500.0,4086598214.0
2004-10-01,T,1,1657,164500.0,300255973.0
2004-11-01,D,0,14970,243000.0,4306221996.0
2004-11-01,D,1,2467,220000.0,613082638.0
2004-11-01,F,0,12974,140000.0,2156771691.0
2004-11-01,F,1,3751,161000.0,695585526.0
2004-11-01,O,0,1,22000.0,22000.0
2004-11-01,S,0,21187,149950.0,3558830433.0
2004-11-01,S,1,1366,163524.0,241859443.0
2004-11-01,T,0,26339,119500.0,3633185287.0
2004-11-01,T,1,1753,165000.0,316158347.0
2004-12-01,D,0,13831,243000.0,3958911158.0
2004-12-01,D,1,3870,227250.0,1020199814.0
2004-12-01,F,0,12611,140500.0,2105377705.0
2004-12-01,F,1,6316,160000.0,1187530382.0
2004-12-01,O,0,1,1200.0,1200.0
2004-12-01,S,0,20014,150000.0,3361116641.0
2004-12-01,S,1,2107,164950.0,380979765.0
2004-12-01,T,0,24475,119000.0,3381320718.0
2004-12-01,T,1,2852,169995.0,534372004.0
2005-01-01,D,0,9684,245000.0,2866166572.0
2005-01-01,D,1,1293,225000.0,332578822.0
2005-01-01,F,0,9113,140000.0,1540460958.0
2005-01-01,F,1,2805,155000.0,508691719.0
2005-01-01,O,0,1,130000.0,130000.0
2005-01-01,S,0,14346,149950.0,2422337430.0
2005-01-01,S,1,710,160062.5,127954297.0
2005-01-01,T,0,18215,117000.0,2547262464.0
2005-01-01,T,1,896,170000.0,163310868.0
2005-02-01,D,0,9719,240000.0,2782195588.0
2005-02-01,D,1,1590,226497.5,411452411.0
2005-02-01,F,0,9158,140000.0,1509365352.0
2005-02-01,F,1,3124,158975.0,572046838.0
2005-02-01,O,0,1,600000.0,600000.0
2005-02-01,S,0,14766,149000.0,2495998245.0
2005-02-01,S,1,935,161450.0,166123356.0
2005-02-01,T,0,19245,116750.0,2668736288.0
2005-02-01,T,1,1151,167195.0,212161565.0
2005-03-01,D,0,11917,241000.0,3439174114.0
2005-03-01,D,1,2158,229000.0,566465505.0
2005-03-01,F,0,10763,140000.0,1827683424.0
2005-03-01,F,1,4131,159000.0,754257552.0
2005-03-01,S,0,17614,148000.0,2946609550.0
2005-03-01,S,1,1241,163950.0,226969528.0
2005-03-01,T,0,22753,118000.0,3192321866.0
2005-03-01,T,1,1517,169950.0,295413038.0
2005-04-01,D,0,14144,240000.0,3983142614.0
2005-04-01,D,1,2140,232850.0,570130134.0
2005-04-01,F,0,11927,140000.0,2014755703.0
2005-04-01,F,1,4547,160000.0,878213825.0
2005-04-01,O,0,2,2140.0,4280.0
2005-04-01,S,0,21711,147000.0,3606578155.0
2005-04-01,S,1,1271,164950.0,232832870.0
2005-04-01,T,0,26891,117500.0,3740924769.0
2005-04-01,T,1,1687,172000.0,325416043.0
2005-05-01,D,0,14321,243500.0,4116198793.0
2005-05-01,D,1,2131,235000.0,583380679.0
2005-05-01,F,0,12231,140500.0,2082472195.0
2005-05-01,F,1,4395,163500.0,836065736.0
2005-05-01,S,0,22165,150000.0,3776858966.0
2005-05-01,S,1,1277,169950.0,242103204.0
2005-05-01,T,0,27015,119999.0,3800147343.0
2005-05-01,T,1,1629,174995.0,312912414.0
2005-06-01,D,0,16248,245000.0,4710043475.0
2005-06-01,D,1,3393,235999.0,914807564.0
2005-06-01,F,0,13672,142500.0,2340043532.0
2005-06-01,F,1,6615,156450.0,1205230214.0
2005-06-01,O,0,2,10500.0,21000.0
2005-06-01,S,0,23936,152000.0,4128823357.0
2005-06-01,S,1,2021,164995.0,369901273.0
2005-06-01,T,0,29112,122500.0,4247938819.0
2005-06-01,T,1,2829,172000.0,534966233.0
2005-07-01,D,0,18903,248000.0,5716116713.0
2005-07-01,D,1,2053,237500.0,567860424.0
2005-07-01,F,0,14745,144000.0,2540116635.0
2005-07-01,F,1,4785,158000.0,862223082.0
2005-07-01,S,0,27158,154000.0,4790977812.0
2005-07-01,S,1,1294,160000.0,236426866.0
2005-07-01,T,0,32431,125000.0,4887622155.0
2005-07-01,T,1,1483,168000.0,273362272.0
2005-08-01,D,0,19039,249950.0,5801987065.0
2005-08-01,D,1,1958,245205.0,547892472.0
2005-08-01,F,0,14411,145000.0,2543714661.0
2005-08-01,F,1,4655,158950.0,874874377.0
2005-08-01,O,0,1,450000.0,450000.0
2005-08-01,S,0,26632,156000.0,4747493186.0
2005-08-01,S,1,1242,165000.0,228163598.0
2005-08-01,T,0,31112,126500.0,4673772725.0
2005-08-01,T,1,1510,173725.0,292666617.0
2005-09-01,D,0,18682,249000.0,5625159274.0
2005-09-01,D,1,2332,239995.0,643171437.0
2005-09-01,F,0,14718,144500.0,2530793598.0
2005-09-01,F,1,5334,156995.0,1000449122.0
2005-09-01,S,0,26424,154000.0,4653582663.0
2005-09-01,S,1,1483,169995.0,278433990.0
2005-09-01,T,0,31235,125000.0,4696622970.0
2005-09-01,T,1,1961,168950.0,366215401.0
2005-10-01,D,0,17173,245000.0,5072170090.0
2005-10-01,D,1,2077,239995.0,565296635.0
2005-10-01,F,0,13789,144000.0,2321170635.0
2005-10-01,F,1,4852,157950.0,901585591.0
2005-10-01,S,0,24650,153000.0,4287371578.0
2005-10-01,S,1,1297,167520.0,243289829.0
2005-10-01,T,0,28753,125000.0,4236069670.0
2005-10-01,T,1,1682,168000.0,312476970.0
2005-11-01,D,0,17766,247500.0,5269240367.0
2005-11-01,D,1,2175,244950.0,604571355.0
2005-11-01,F,0,14162,144250.0,2402244094.0
2005-11-01,F,1,4980,160000.0,974030121.0
2005-11-01,O,0,1,578305.0,578305.0
2005-11-01,S,0,25314,153000.0,4406205948.0
2005-11-01,S,1,1464,167997.5,274168576.0
2005-11-01,T,0,29569,125000.0,4370917537.0
2005-11-01,T,1,1854,168000.0,349920899.0
2005-12-01,D,0,18486,245000.0,5421519815.0
2005-12-01,D,1,3510,245000.0,976488819.0
2005-12-01,F,0,15209,144000.0,2635168744.0
2005-12-01,F,1,8089,150000.0,1459713971.0
2005-12-01,O,0,1,475000.0,475000.0
2005-12-01,S,0,26733,154500.0,4664489169.0
2005-12-01,S,1,2274,165950.0,416476877.0
2005-12-01,T,0,30892,127500.0,4643551637.0
2005-12-01,T,1,3195,173950.0,606662370.0
2006-01-01,D,0,13906,249000.0,4248001636.0
2006-01-01,D,1,1205,245000.0,338246708.0
2006-01-01,F,0,11791,145000.0,2111505889.0
2006-01-01,F,1,4010,156950.0,740287021.0
2006-01-01,O,0,3,22000.0,2763250.0
2006-01-01,S,0,20138,154000.0,3552132391.0
2006-01-01,S,1,849,170000.0,161418158.0
2006-01-01,T,0,24414,125500.0,3793118175.0
2006-01-01,T,1,1150,169995.0,222490839.0
2006-02-01,D,0,14030,245000.0,4129622053.0
2006-02-01,D,1,1387,240000.0,386686268.0
2006-02-01,F,0,12099,144000.0,2088186053.0
2006-02-01,F,1,4967,162750.0,916385783.0
2006-02-01,O,0,2,1742500.0,3485000.0
2006-02-01,S,0,20695,154000.0,3625258729.0
2006-02-01,S,1,966,165000.0,180442382.0
2006-02-01,T,0,25140,125000.0,3756671574.0
2006-02-01,T,1,1270,168625.0,238737283.0
2006-03-01,D,0,18018,245000.0,5342666492.0
2006-03-01,D,1,2259,244695.0,631053259.0
2006-03-01,F,0,15446,145000.0,2732253004.0
2006-03-01,F,1,6416,161131.5,1211330203.0
2006-03-01,O,0,1,75000.0,75000.0
2006-03-01,S,0,27337,153000.0,4773772043.0
2006-03-01,S,1,1589,169995.0,295455661.0
2006-03-01,T,0,32490,125000.0,4936900431.0
2006-03-01,T,1,2140,164995.0,397622012.0
2006-04-01,D,0,17870,249000.0,5387242232.0
2006-04-01,D,1,1904,247475.0,538877606.0
2006-04-01,F,0,13879,148000.0,2561587428.0
2006-04-01,F,1,5190,155012.5,970721858.0
2006-04-01,S,0,25651,156000.0,4575188507.0
2006-04-01,S,1,1293,172900.0,246834878.0
2006-04-01,T,0,29551,129950.0,4604946152.0
2006-04-01,T,1,1627,173000.0,318536604.0
2006-05-01,D,0,19638,249950.0,5906283841.0
2006-05-01,D,1,2194,249950.0,627643025.0
2006-05-01,F,0,15432,148000.0,2823158456.0
2006-05-01,F,1,5656,156500.0,1055171515.0
2006-05-01,S,0,28313,157500.0,5073230095.0
2006-05-01,S,1,1376,176472.5,268942080.0
2006-05-01,T,0,32586,130000.0,5081901734.0
2006-05-01,T,1,1882,172500.0,373591156.0
2006-06-01,D,0,22739,249950.0,6948136449.0
2006-06-01,D,1,3633,249950.0,1028478892.0
2006-06-01,F,0,18309,150000.0,3437929842.0
2006-06-01,F,1,8494,153980.0,1510903410.0
2006-06-01,O,0,1,58500.0,58500.0
2006-06-01,S,0,32262,158500.0,5882879656.0
2006-06-01,S,1,2321,178000.0,453603041.0
2006-06-01,T,0,37028,132000.0,5910982035.0
2006-06-01,T,1,3319,177000.0,651127461.0
2006-07-01,D,0,23706,250000.0,7530633827.0
2006-07-01,D,1,1849,249995.0,548470826.0
2006-07-01,F,0,17768,154000.0,3327075746.0
2006-07-01,F,1,5495,159950.0,1035654738.0
2006-07-01,O,0,1,57500.0,57500.0
2006-07-01,S,0,31962,164000.0,6059091936.0
2006-07-01,S,1,1158,176450.0,230281045.0
2006-07-01,T,0,35597,137000.0,5930874014.0
2006-07-01,T,1,1622,174250.0,334568628.0
2006-08-01,D,0,25847,265000.0,8393300593.0
2006-08-01,D,1,1937,249995.0,579012625.0
2006-08-01,F,0,18915,155000.0,3595614464.0
2006-08-01,F,1,5333,155850.0,988693339.0
2006-08-01,O,0,1,138000.0,138000.0
2006-08-01,S,0,33193,166500.0,6386171476.0
2006-08-01,S,1,1333,171000.0,258407142.0
2006-08-01,T,0,37651,138000.0,6274589445.0
2006-08-01,T,1,1513,179950.0,322814544.0
2006-09-01,D,0,23526,260000.0,7579481905.0
2006-09-01,D,1,2202,249950.0,632991852.0
2006-09-01,F,0,18759,155000.0,3548958510.0
2006-09-01,F,1,5440,154000.0,985310294.0
2006-09-01,O,0,3,132000.0,1679500.0
2006-09-01,S,0,31635,162950.0,5958542380.0
2006-09-01,S,1,1454,179950.0,291286661.0
2006-09-01,T,0,35697,136000.0,5921634534.0
2006-09-01,T,1,2014,177000.0,395799246.0
2006-10-01,D,0,23184,250000.0,7315660855.0
2006-10-01,D,1,1937,249950.0,557981379.0
2006-10-01,F,0,18142,154500.0,3404968584.0
2006-10-01,F,1,5130,160000.0,966400771.0
2006-10-01,O,0,4,113000.0,673000.0
2006-10-01,S,0,31138,163500.0,5846471094.0
2006-10-01,S,1,1377,185000.0,281158512.0
2006-10-01,T,0,35231,136000.0,5745947979.0
2006-10-01,T,1,1714,179725.0,339542014.0
2006-11-01,D,0,23183,250000.0,7406598664.0
2006-11-01,D,1,2023,249995.0,594501984.0
2006-11-01,F,0,18763,154000.0,3548295545.0
2006-11-01,F,1,5722,161469.0,1054342633.0
2006-11-01,O,0,3,65000.0,418500.0
2006-11-01,S,0,31465,163000.0,5880481846.0
2006-11-01,S,1,1346,180000.0,271908170.0
2006-11-01,T,0,35522,135000.0,5736038383.0
2006-11-01,T,1,1845,175000.0,357354378.0
2006-12-01,D,0,22741,250000.0,7099257317.0
2006-12-01,D,1,3238,249999.0,951354909.0
2006-12-01,F,0,19420,155000.0,3719810034.0
2006-12-01,F,1,8400,156995.0,1531686807.0
2006-12-01,O,0,2,3572481.0,7144962.0
2006-12-01,S,0,31870,164000.0,5987005668.0
2006-12-01,S,1,2313,182352.0,460544658.0
2006-12-01,T,0,35851,138000.0,5918662314.0
2006-12-01,T,1,3120,180000.0,613026574.0
2007-01-01,D,0,16656,263195.0,5482077101.0
2007-01-01,D,1,1038,250000.0,313415033.0
2007-01-01,F,0,15734,158000.0,3111470211.0
2007-01-01,F,1,3967,160500.0,750054336.0
2007-01-01,S,0,23458,165000.0,4490677637.0
2007-01-01,S,1,740,178750.0,149787475.0
2007-01-01,T,0,27884,138000.0,4769440692.0
2007-01-01,T,1,1045,175000.0,203883171.0
2007-02-01,D,0,16265,260000.0,5205806231.0
2007-02-01,D,1,1125,250000.0,357214089.0
2007-02-01,F,0,15552,155000.0,3023249431.0
2007-02-01,F,1,3665,159180.0,681111312.0
2007-02-01,O,0,1,25000.0,25000.0
2007-02-01,S,0,23463,164000.0,4452673514.0
2007-02-01,S,1,922,169995.0,177380735.0
2007-02-01,T,0,27348,137000.0,4538793496.0
2007-02-01,T,1,1121,179950.0,222818787.0
2007-03-01,D,0,19357,257500.0,6317829715.0
2007-03-01,D,1,1843,250000.0,557712530.0
2007-03-01,F,0,18638,156000.0,3652063508.0
2007-03-01,F,1,5329,157000.0,1001626471.0
2007-03-01,O,0,2,202125.0,404250.0
2007-03-01,O,1,1,10000.0,10000.0
2007-03-01,S,0,27882,162000.0,5233659706.0
2007-03-01,S,1,1405,179950.0,280448011.0
2007-03-01,T,0,33393,135000.0,5519829571.0
2007-03-01,T,1,1909,179950.0,383571243.0
2007-04-01,D,0,18159,265000.0,5896447578.0
2007-04-01,D,1,1399,250000.0,450624425.0
2007-04-01,F,0,16444,160000.0,3323461602.0
2007-04-01,F,1,4085,157500.0,754013986.0
2007-04-01,O,0,3,98000.0,245200.0
2007-04-01,S,0,25765,165000.0,4933896852.0
2007-04-01,S,1,1093,182950.0,225155585.0
2007-04-01,T,0,30097,139000.0,5138301496.0
2007-04-01,T,1,1415,182000.0,287196997.0
2007-05-01,D,0,20856,269950.0,6888502717.0
2007-05-01,D,1,1507,265000.0,481349018.0
2007-05-01,F,0,18966,163000.0,3829549728.0
2007-05-01,F,1,4963,165000.0,953381715.0
2007-05-01,O,0,4,28333.5,251167.0
2007-05-01,S,0,29343,167500.0,5707083550.0
2007-05-01,S,1,1152,180472.0,235477304.0
2007-05-01,T,0,33101,140000.0,5662517629.0
2007-05-01,T,1,1558,185995.0,315593159.0
2007-06-01,D,0,23012,270000.0,7657855387.0
2007-06-01,D,1,2466,259950.0,747609439.0
2007-06-01,F,0,21663,164000.0,4399050790.0
2007-06-01,F,1,6976,159950.0,1237559179.0
2007-06-01,O,0,2,168500.0,337000.0
2007-06-01,S,0,32144,169950.0,6318938710.0
2007-06-01,S,1,1850,187562.5,379499112.0
2007-06-01,T,0,36769,143000.0,6437435360.0
2007-06-01,T,1,2743,186495.0,549362756.0
2007-07-01,D,0,23848,279000.0,8324412523.0
2007-07-01,D,1,1042,265000.0,324728128.0
2007-07-01,F,0,20745,165000.0,4342369827.0
2007-07-01,F,1,4426,159900.0,803014008.0
2007-07-01,O,0,6,148650.0,1159700.0
2007-07-01,S,0,32082,174000.0,6602566230.0
2007-07-01,S,1,853,184950.0,177215545.0
2007-07-01,T,0,36391,147000.0,6752758534.0
2007-07-01,T,1,1144,179950.0,223553039.0
2007-08-01,D,0,26368,285000.0,9228561160.0
2007-08-01,D,1,1084,262300.0,333829031.0
2007-08-01,F,0,22229,165109.0,4617639566.0
2007-08-01,F,1,3711,156000.0,669024427.0
2007-08-01,O,0,4,17250.0,85500.0
2007-08-01,S,0,34728,175000.0,7198408722.0
2007-08-01,S,1,835,184950.0,170719466.0
2007-08-01,T,0,38487,148000.0,7037107170.0
2007-08-01,T,1,1098,184700.0,221676323.0
2007-09-01,D,0,19581,285000.0,7000030031.0
2007-09-01,D,1,978,269995.0,305295889.0
2007-09-01,F,0,18288,165500.0,3850163357.0
2007-09-01,F,1,3832,159950.0,716606579.0
2007-09-01,O,0,2,12959.0,25918.0
2007-09-01,S,0,26616,172000.0,5443840099.0
2007-09-01,S,1,770,189950.0,157912467.0
2007-09-01,T,0,30270,147000.0,5475510145.0
2007-09-01,T,1,1049,185000.0,212260011.0
2007-10-01,D,0,20383,282000.0,7181820371.0
2007-10-01,D,1,980,267597.5,304964484.0
2007-10-01,F,0,19555,165691.0,3991264415.0
2007-10-01,F,1,4620,163000.0,841342125.0
2007-10-01,O,0,1,4000.0,4000.0
2007-10-01,S,0,27614,173500.0,5595155567.0
2007-10-01,S,1,769,189950.0,155592744.0
2007-10-01,T,0,31237,147000.0,5577311977.0
2007-10-01,T,1,1048,187077.5,221782887.0
2007-11-01,D,0,19786,277875.0,6721247443.0
2007-11-01,D,1,1044,259995.0,322424518.0
2007-11-01,F,0,18660,165000.0,3754399984.0
2007-11-01,F,1,4258,157950.0,772830808.0
2007-11-01,O,0,5,66600.0,299200.0
2007-11-01,O,1,1,15000.0,15000.0
2007-11-01,S,0,27782,170000.0,5533921106.0
2007-11-01,S,1,943,189950.0,200447146.0
2007-11-01,T,0,30840,144000.0,5445359019.0
2007-11-01,T,1,1115,184995.0,231113138.0
2007-12-01,D,0,14932,275000.0,5033925885.0
2007-12-01,D,1,1661,262000.0,498364957.0
2007-12-01,F,0,15296,161000.0,3083345263.0
2007-12-01,F,1,5223,153000.0,918748303.0
2007-12-01,O,0,6,370500.0,1826000.0
2007-12-01,S,0,20510,170000.0,4046806261.0
2007-12-01,S,1,1357,190000.0,280653734.0
2007-12-01,T,0,23539,145000.0,4066164766.0
2007-12-01,T,1,2011,190000.0,409189039.0
2008-01-01,D,0,10710,279000.0,3757332062.0
2008-01-01,D,1,490,249972.5,151847644.0
2008-01-01,F,0,11712,164000.0,2432238186.0
2008-01-01,F,1,2467,150000.0,446616710.0
2008-01-01,O,0,2,79575.0,159150.0
2008-01-01,S,0,15135,170000.0,3046395292.0
2008-01-01,S,1,425,179950.0,86649973.0
2008-01-01,T,0,18128,142000.0,3245330611.0
2008-01-01,T,1,655,175000.0,130220970.0
2008-02-01,D,0,10889,271500.0,3709369250.0
2008-02-01,D,1,550,250000.0,172446969.0
2008-02-01,F,0,12137,161000.0,2430172422.0
2008-02-01,F,1,2812,159950.0,544804103.0
2008-02-01,O,0,4,9500.0,1774000.0
2008-02-01,S,0,16442,166500.0,3228537190.0
2008-02-01,S,1,496,183247.5,102903371.0
2008-02-01,T,0,19603,138000.0,3326199171.0
2008-02-01,T,1,762,180000.0,168971057.0
2008-03-01,D,0,10555,270000.0,3619588887.0
2008-03-01,D,1,897,250000.0,276031971.0
2008-03-01,F,0,10246,159950.0,2036449748.0
2008-03-01,F,1,3926,163850.0,751571547.0
2008-03-01,O,0,4,115000.0,520220.0
2008-03-01,S,0,14861,165000.0,2900679811.0
2008-03-01,S,1,838,184972.5,168838973.0
2008-03-01,T,0,17678,139995.0,3032313608.0
2008-03-01,T,1,1238,173690.0,237872588.0
2008-04-01,D,0,11424,274000.0,3956123554.0
2008-04-01,D,1,1002,253225.0,310864117.0
2008-04-01,F,0,10575,160000.0,2173740178.0
2008-04-01,F,1,4255,162995.0,809911196.0
2008-04-01,O,0,1,140227.0,140227.0
2008-04-01,S,0,16233,165000.0,3170469034.0
2008-04-01,S,1,947,187100.0,193669161.0
2008-04-01,T,0,19160,139000.0,3321262029.0
2008-04-01,T,1,1208,177572.5,232844037.0
2008-05-01,D,0,12091,270000.0,4094072617.0
2008-05-01,D,1,1095,265000.0,345995884.0
2008-05-01,F,0,10747,160778.0,2237260379.0
2008-05-01,F,1,4045,165950.0,778930425.0
2008-05-01,O,0,1,20000.0,20000.0
2008-05-01,S,0,17415,167000.0,3428312232.0
2008-05-01,S,1,968,188297.5,199676441.0
2008-05-01,T,0,19675,140000.0,3423014066.0
2008-05-01,T,1,1226,179950.0,245821445.0
2008-06-01,D,0,10399,269995.0,3544866773.0
2008-06-01,D,1,1693,250000.0,497457101.0
2008-06-01,F,0,9271,157500.0,1913842993.0
2008-06-01,F,1,5068,160000.0,994101459.0
2008-06-01,O,0,3,23275.0,487225.0
2008-06-01,S,0,14619,165000.0,2861096868.0
2008-06-01,S,1,1394,188950.0,283409426.0
2008-06-01,T,0,16527,139000.0,2884396849.0
2008-06-01,T,1,2015,184995.0,398402807.0
2008-07-01,D,0,10718,275000.0,3797929958.0
2008-07-01,D,1,804,257497.5,252695256.0
2008-07-01,F,0,8602,160000.0,1746535275.0
2008-07-01,F,1,3370,161850.0,646945211.0
2008-07-01,O,0,1,322500.0,322500.0
2008-07-01,S,0,14164,167000.0,2847426062.0
2008-07-01,S,1,694,175000.0,137171925.0
2008-07-01,T,0,15320,139000.0,2805522706.0
2008-07-01,T,1,869,173440.0,170521284.0
2008-08-01,D,0,10276,267000.0,3571247180.0
2008-08-01,D,1,764,260000.0,242118521.0
2008-08-01,F,0,7571,159950.0,1527929985.0
2008-08-01,F,1,2802,155000.0,532831602.0
2008-08-01,O,0,2,31594.5,63189.0
2008-08-01,S,0,13202,165000.0,2602445092.0
2008-08-01,S,1,713,174995.0,136027232.0
2008-08-01,T,0,13638,138000.0,2366796449.0
2008-08-01,T,1,938,175000.0,178494454.0
2008-09-01,D,0,8465,260000.0,2911802906.0
2008-09-01,D,1,812,249995.0,248572673.0
2008-09-01,F,0,6344,153000.0,1276141508.0
2008-09-01,F,1,3042,144950.0,553037178.0
2008-09-01,O,0,1,25000.0,25000.0
2008-09-01,S,0,10914,160000.0,2074430510.0
2008-09-01,S,1,719,173865.0,135075160.0
2008-09-01,T,0,11782,133000.0,2025829898.0
2008-09-01,T,1,1146,165000.0,215180400.0
2008-10-01,D,0,9241,250000.0,3064748973.0
2008-10-01,D,1,901,250000.0,268136225.0
2008-10-01,F,0,6597,149950.0,1259851813.0
2008-10-01,F,1,3070,140000.0,537709915.0
2008-10-01,O,0,1,4958.0,4958.0
2008-10-01,S,0,12211,156500.0,2288507554.0
2008-10-01,S,1,807,173250.0,153212339.0
2008-10-01,T,0,12845,129950.0,2055340869.0
2008-10-01,T,1,1092,162672.5,198160306.0
2008-11-01,D,0,7479,248250.0,2346522710.0
2008-11-01,D,1,801,249950.0,222706785.0
2008-11-01,F,0,5043,145000.0,969684161.0
2008-11-01,F,1,2781,140000.0,480128422.0
2008-11-01,O,0,2,33616.5,67233.0
2008-11-01,S,0,9640,153000.0,1709020824.0
2008-11-01,S,1,782,164950.0,139338272.0
2008-11-01,T,0,10230,125000.0,1617039521.0
2008-11-01,T,1,1009,162250.0,177499164.0
2008-12-01,D,0,7727,243000.0,2375855653.0
2008-12-01,D,1,1230,243900.0,336404206.0
2008-12-01,F,0,5398,145000.0,996422205.0
2008-12-01,F,1,3951,135000.0,621893569.0
2008-12-01,O,0,2,128400.0,256800.0
2008-12-01,S,0,9969,152000.0,1782874749.0
2008-12-01,S,1,1149,166950.0,203752300.0
2008-12-01,T,0,10411,128000.0,1621230121.0
2008-12-01,T,1,1731,160000.0,302720417.0
2009-01-01,D,0,5773,249500.0,1853877043.0
2009-01-01,D,1,391,248750.0,111076116.0
2009-01-01,F,0,3857,140000.0,723756718.0
2009-01-01,F,1,1662,141000.0,281925514.0
2009-01-01,O,0,1,276000.0,276000.0
2009-01-01,S,0,7231,150000.0,1293053539.0
2009-01-01,S,1,397,160000.0,71319172.0
2009-01-01,T,0,7634,125000.0,1185830691.0
2009-01-01,T,1,561,160000.0,98851406.0
2009-02-01,D,0,5783,237500.0,1711332572.0
2009-02-01,D,1,473,239995.0,128892641.0
2009-02-01,F,0,3849,143000.0,720941122.0
2009-02-01,F,1,1932,139000.0,312598205.0
2009-02-01,O,0,1,247532.0,247532.0
2009-02-01,S,0,7495,150000.0,1321478300.0
2009-02-01,S,1,414,163937.5,72790322.0
2009-02-01,T,0,7785,126500.0,1224907244.0
2009-02-01,T,1,677,157000.0,116961424.0
2009-03-01,D,0,7220,235000.0,2127462470.0
2009-03-01,D,1,763,233000.0,201144007.0
2009-03-01,F,0,4886,140000.0,905396976.0
2009-03-01,F,1,2847,134995.0,461260499.0
2009-03-01,O,0,1,19000.0,19000.0
2009-03-01,S,0,9726,145250.0,1672509247.0
2009-03-01,S,1,782,160000.0,139791023.0
2009-03-01,T,0,10097,124000.0,1537427508.0
2009-03-01,T,1,1114,159000.0,188278986.0
2009-04-01,D,0,8910,240000.0,2612131337.0
2009-04-01,D,1,716,239995.0,192475258.0
2009-04-01,F,0,5242,140000.0,996180782.0
2009-04-01,F,1,2360,140000.0,405081614.0
2009-04-01,S,0,11106,150000.0,1917721131.0
2009-04-01,S,1,631,168950.0,116844879.0
2009-04-01,T,0,11096,127500.0,1766775519.0
2009-04-01,T,1,908,161997.5,161504134.0
2009-05-01,D,0,10183,240000.0,2987547926.0
2009-05-01,D,1,812,240000.0,232930514.0
2009-05-01,F,0,5988,145000.0,1147566338.0
2009-05-01,F,1,2505,144995.0,439870940.0
2009-05-01,O,0,2,57495.0,114990.0
2009-05-01,S,0,13029,152000.0,2297597961.0
2009-05-01,S,1,739,166372.0,137742056.0
2009-05-01,T,0,12441,132000.0,2018640072.0
2009-05-01,T,1,1078,165625.0,194983741.0
2009-06-01,D,0,11261,242500.0,3407308678.0
2009-06-01,D,1,1443,238612.0,389770766.0
2009-06-01,F,0,6803,149000.0,1379241983.0
2009-06-01,F,1,3714,140000.0,626510837.0
2009-06-01,O,0,1,650000.0,650000.0
2009-06-01,S,0,14336,155000.0,2552332622.0
2009-06-01,S,1,1195,167500.0,218566505.0
2009-06-01,T,0,13750,134995.0,2306925420.0
2009-06-01,T,1,1808,165000.0,324865593.0
2009-07-01,D,0,14983,249999.0,4741627674.0
2009-07-01,D,1,861,245995.0,254389668.0
2009-07-01,F,0,8151,150000.0,1653898059.0
2009-07-01,F,1,2982,150000.0,558068564.0
2009-07-01,O,0,3,50312.0,255433.0
2009-07-01,S,0,17995,160000.0,3385908972.0
2009-07-01,S,1,717,169950.0,133301432.0
2009-07-01,T,0,17184,140000.0,3080808862.0
2009-07-01,T,1,1075,169000.0,203883761.0
2009-08-01,D,0,14330,250000.0,4616939225.0
2009-08-01,D,1,805,245000.0,233999809.0
2009-08-01,F,0,7649,156000.0,1581514849.0
2009-08-01,F,1,2474,155000.0,468855361.0
2009-08-01,O,0,2,95000.0,190000.0
2009-08-01,O,1,16,93092.0,1489472.0
2009-08-01,S,0,16460,162000.0,3194834972.0
2009-08-01,S,1,706,170250.0,134935216.0
2009-08-01,T,0,15716,142000.0,2841780378.0
2009-08-01,T,1,944,169995.0,179055724.0
2009-09-01,D,0,13807,250000.0,4475369933.0
2009-09-01,D,1,877,245000.0,250190284.0
2009-09-01,F,0,8341,160000.0,1808628360.0
2009-09-01,F,1,2790,145000.0,504090486.0
2009-09-01,O,0,4,11450.0,118175.0
2009-09-01,S,0,16063,163500.0,3124547886.0
2009-09-01,S,1,736,174972.5,141503073.0
2009-09-01,T,0,15512,141832.5,2851401231.0
2009-09-01,T,1,1129,165000.0,210152094.0
2009-10-01,D,0,15535,250000.0,4995859775.0
2009-10-01,D,1,993,247500.0,291751486.0
2009-10-01,F,0,9084,159000.0,1925685142.0
2009-10-01,F,1,2845,145000.0,516065114.0
2009-10-01,O,0,3,23080.0,148080.0
2009-10-01,S,0,18441,162000.0,3544992383.0
2009-10-01,S,1,827,170000.0,156520085.0
2009-10-01,T,0,17707,142000.0,3171244473.0
2009-10-01,T,1,1148,162000.0,206314917.0
2009-11-01,D,0,14154,250000.0,4608140624.0
2009-11-01,D,1,962,245000.0,267015040.0
2009-11-01,F,0,8804,158000.0,1845311954.0
2009-11-01,F,1,2830,146997.5,517248275.0
2009-11-01,S,0,16780,165000.0,3247977471.0
2009-11-01,S,1,862,175000.0,170895212.0
2009-11-01,T,0,16305,145000.0,2920096905.0
2009-11-01,T,1,1218,166247.5,226396041.0
2009-12-01,D,0,16377,245000.0,5016938779.0
2009-12-01,D,1,1535,243600.0,416990227.0
2009-12-01,F,0,11597,155000.0,2289500338.0
2009-12-01,F,1,3935,150000.0,729485487.0
2009-12-01,O,0,2,6000.0,12000.0
2009-12-01,S,0,21652,160000.0,4053044240.0
2009-12-01,S,1,1330,170000.0,252653325.0
2009-12-01,T,0,21071,148000.0,3775428425.0
2009-12-01,T,1,1944,169950.0,364895397.0
2010-01-01,D,0,8180,285000.0,2922162719.0
2010-01-01,D,1,429,245950.0,124370745.0
2010-01-01,F,0,5827,180000.0,1395556395.0
2010-01-01,F,1,1720,167000.0,358557996.0
2010-01-01,O,0,2,207500.0,415000.0
2010-01-01,S,0,9289,179000.0,1982819029.0
2010-01-01,S,1,376,169997.5,72014288.0
2010-01-01,T,0,9932,140000.0,2022155706.0
2010-01-01,T,1,571,168000.0,109105030.0
2010-02-01,D,0,9359,270000.0,3180695327.0
2010-02-01,D,1,707,249995.0,201579275.0
2010-02-01,F,0,6710,160000.0,1436859208.0
2010-02-01,F,1,1849,152000.0,358957421.0
2010-02-01,S,0,11297,168000.0,2278261016.0
2010-02-01,S,1,545,170000.0,105218551.0
2010-02-01,T,0,11699,140000.0,2188158383.0
2010-02-01,T,1,816,168475.0,156776403.0
2010-03-01,D,0,11064,262500.0,3711647533.0
2010-03-01,D,1,882,245000.0,252499949.0
2010-03-01,F,0,7983,159000.0,1707870574.0
2010-03-01,F,1,2563,152500.0,489301864.0
2010-03-01,O,0,1,7000.0,7000.0
2010-03-01,O,1,1,1165065.0,1165065.0
2010-03-01,S,0,13623,164000.0,2675191206.0
2010-03-01,S,1,810,169997.5,152875093.0
2010-03-01,T,0,14067,138500.0,2630201637.0
2010-03-01,T,1,1167,166245.0,214625026.0
2010-04-01,D,0,11611,250000.0,3842146942.0
2010-04-01,D,1,896,249995.0,262627793.0
2010-04-01,F,0,7997,165000.0,1814238636.0
2010-04-01,F,1,2037,155000.0,377323474.0
2010-04-01,O,0,2,11000.0,22000.0
2010-04-01,S,0,14186,164950.0,2785768835.0
2010-04-01,S,1,665,175000.0,130907855.0
2010-04-01,T,0,14518,141997.5,2700434569.0
2010-04-01,T,1,993,170000.0,189340117.0
2010-05-01,D,0,11502,260000.0,3785449912.0
2010-05-01,D,1,899,249950.0,271502943.0
2010-05-01,F,0,7780,165000.0,1709148068.0
2010-05-01,F,1,2470,161975.0,477868102.0
2010-05-01,O,0,4,44625.0,167250.0
2010-05-01,O,1,1,6000.0,6000.0
2010-05-01,S,0,14327,166000.0,2850189315.0
2010-05-01,S,1,689,175000.0,133551157.0
2010-05-01,T,0,14096,145000.0,2594215436.0
2010-05-01,T,1,1040,167250.0,190351289.0
2010-06-01,D,0,13809,270000.0,4716362625.0
2010-06-01,D,1,1596,240000.0,438916999.0
2010-06-01,F,0,9375,169950.0,2147338875.0
2010-06-01,F,1,2863,161000.0,586261803.0
2010-06-01,O,0,3,43333.0,178933.0
2010-06-01,S,0,16357,168000.0,3325546383.0
2010-06-01,S,1,1247,174000.0,234781002.0
2010-06-01,T,0,16342,147500.0,3112762140.0
2010-06-01,T,1,1959,171995.0,372750718.0
2010-07-01,D,0,16076,278000.0,5721569111.0
2010-07-01,D,1,870,249950.0,272815816.0
2010-07-01,F,0,9977,170000.0,2290822815.0
2010-07-01,F,1,1910,165000.0,420347760.0
2010-07-01,O,0,4,25000.0,645000.0
2010-07-01,S,0,19259,171000.0,4053841459.0
2010-07-01,S,1,687,170000.0,131977475.0
2010-07-01,T,0,18380,150000.0,3759769255.0
2010-07-01,T,1,1018,169995.0,192684110.0
2010-08-01,D,0,14937,281000.0,5344962769.0
2010-08-01,D,1,822,249995.0,248732851.0
2010-08-01,F,0,9161,167500.0,2047362582.0
2010-08-01,F,1,1781,160000.0,372356743.0
2010-08-01,S,0,17104,174950.0,3634220005.0
2010-08-01,S,1,722,174997.5,144307078.0
2010-08-01,T,0,16747,152000.0,3369152494.0
2010-08-01,T,1,949,167000.0,179641049.0
2010-09-01,D,0,13395,280000.0,4796380129.0
2010-09-01,D,1,978,238048.0,270154690.0
2010-09-01,F,0,8920,170000.0,2077635463.0
2010-09-01,F,1,2194,165000.0,438341469.0
2010-09-01,O,0,7,41000.0,447634.0
2010-09-01,S,0,15310,170000.0,3229540240.0
2010-09-01,S,1,836,170000.0,152998900.0
2010-09-01,T,0,15261,149950.0,2982735362.0
2010-09-01,T,1,1304,165000.0,236297340.0
2010-10-01,D,0,13535,270000.0,4655172732.0
2010-10-01,D,1,955,249950.0,272725239.0
2010-10-01,F,0,8636,165000.0,1903690846.0
2010-10-01,F,1,1947,160000.0,382311538.0
2010-10-01,O,0,5,175000.0,861894.0
2010-10-01,S,0,16367,166500.0,3295397174.0
2010-10-01,S,1,735,176995.0,149896009.0
2010-10-01,T,0,16144,143500.0,3067773182.0
2010-10-01,T,1,1037,175000.0,205953708.0
2010-11-01,D,0,13021,261000.0,4428165726.0
2010-11-01,D,1,963,249000.0,282066396.0
2010-11-01,F,0,8461,162000.0,1819785471.0
2010-11-01,F,1,1907,165000.0,405195111.0
2010-11-01,O,0,3,25000.0,555000.0
2010-11-01,O,1,1,301650.0,301650.0
2010-11-01,S,0,15463,165000.0,3041273582.0
2010-11-01,S,1,720,174995.0,141921776.0
2010-11-01,T,0,15333,142500.0,2886385596.0
2010-11-01,T,1,1150,162250.0,209844596.0
2010-12-01,D,0,12348,256625.0,4135874427.0
2010-12-01,D,1,1453,249950.0,414209358.0
2010-12-01,F,0,8410,165000.0,1896636962.0
2010-12-01,F,1,2500,155000.0,506703649.0
2010-12-01,O,0,5,105000.0,699250.0
2010-12-01,S,0,15107,163500.0,2978006554.0
2010-12-01,S,1,1090,169995.0,207442632.0
2010-12-01,T,0,15173,140000.0,2808526479.0
2010-12-01,T,1,1531,169995.0,281836581.0
2011-01-01,D,0,8096,269972.5,2819247345.0
2011-01-01,D,1,472,249950.0,139358316.0
2011-01-01,F,0,6246,169950.0,1465903470.0
2011-01-01,F,1,1250,166000.0,273313780.0
2011-01-01,O,0,5,250164.0,1718353.0
2011-01-01,S,0,10283,164500.0,2096283515.0
2011-01-01,S,1,376,167439.5,74687705.0
2011-01-01,T,0,10798,140000.0,2133781755.0
2011-01-01,T,1,611,160546.0,113923805.0
2011-02-01,D,0,8480,250000.0,2837990318.0
2011-02-01,D,1,560,240500.0,161105405.0
2011-02-01,F,0,6457,160000.0,1416196593.0
2011-02-01,F,1,1407,163950.0,324416398.0
2011-02-01,O,0,3,40000.0,510000.0
2011-02-01,S,0,10689,160000.0,2121973596.0
2011-02-01,S,1,444,169225.0,87076099.0
2011-02-01,T,0,11387,139950.0,2112114142.0
2011-02-01,T,1,673,163950.0,123076781.0
2011-03-01,D,0,9674,250000.0,3408929309.0
2011-03-01,D,1,875,245000.0,247173597.0
2011-03-01,F,0,7146,160000.0,1683593102.0
2011-03-01,F,1,1989,160000.0,411434161.0
2011-03-01,O,0,2,85500.0,171000.0
2011-03-01,S,0,12407,157000.0,2460267153.0
2011-03-01,S,1,901,164950.0,169024815.0
2011-03-01,T,0,13166,134000.0,2519404619.0
2011-03-01,T,1,1187,160000.0,213055213.0
2011-04-01,D,0,11027,250000.0,3791047476.0
2011-04-01,D,1,970,249950.0,291825945.0
2011-04-01,F,0,7485,162500.0,1801391890.0
2011-04-01,F,1,1773,164516.0,354369110.0
2011-04-01,O,0,3,50000.0,600100.0
2011-04-01,S,0,14012,160000.0,2770806222.0
2011-04-01,S,1,732,167375.0,143146332.0
2011-04-01,T,0,14272,140000.0,2853783952.0
2011-04-01,T,1,1044,165475.0,195669773.0
2011-05-01,D,0,10568,250000.0,3333558152.0
2011-05-01,D,1,872,239999.5,247663616.0
2011-05-01,F,0,7311,161000.0,1586147453.0
2011-05-01,F,1,1646,169972.5,344070793.0
2011-05-01,O,0,2,82263.5,164527.0
2011-05-01,S,0,13664,160000.0,2611025144.0
2011-05-01,S,1,764,174950.0,154582339.0
2011-05-01,T,0,13734,139950.0,2448494296.0
2011-05-01,T,1,988,163250.0,180550537.0
2011-06-01,D,0,11825,250000.0,3843658914.0
2011-06-01,D,1,1753,245000.0,486099988.0
2011-06-01,F,0,8301,165000.0,1896165267.0
2011-06-01,F,1,2765,160000.0,542872549.0
2011-06-01,O,0,9,129600.0,2673823.0
2011-06-01,S,0,15127,160000.0,2940938305.0
2011-06-01,S,1,1371,169995.0,264936351.0
2011-06-01,T,0,15229,140000.0,2787596461.0
2011-06-01,T,1,2001,160000.0,366088790.0
2011-07-01,D,0,14517,260000.0,4972969562.0
2011-07-01,D,1,892,249995.0,267375604.0
2011-07-01,F,0,9319,167000.0,2158498398.0
2011-07-01,F,1,1761,167057.0,367943631.0
2011-07-01,O,0,5,55000.0,278166.0
2011-07-01,S,0,17420,166000.0,3610135643.0
2011-07-01,S,1,712,174995.0,141662230.0
2011-07-01,T,0,17307,145000.0,3413155476.0
2011-07-01,T,1,1059,167500.0,208709853.0
2011-08-01,D,0,15372,269000.0,5331276272.0
2011-08-01,D,1,974,249950.0,292354805.0
2011-08-01,F,0,9481,167500.0,2206071171.0
2011-08-01,F,1,1697,164950.0,343935237.0
2011-08-01,O,0,5,249950.0,1111950.0
2011-08-01,S,0,18241,165000.0,3762297373.0
2011-08-01,S,1,734,166500.0,141247991.0
2011-08-01,T,0,17577,149000.0,3508668410.0
2011-08-01,T,1,988,168497.5,187133389.0
2011-09-01,D,0,14560,262000.0,5025685674.0
2011-09-01,D,1,1166,246003.0,334782271.0
2011-09-01,F,0,9498,165000.0,2187566503.0
2011-09-01,F,1,2041,157681.0,426116626.0
2011-09-01,O,0,6,243200.0,2061214.0
2011-09-01,S,0,17629,163000.0,3552679563.0
2011-09-01,S,1,939,166995.0,180513829.0
2011-09-01,T,0,17034,145000.0,3339390835.0
2011-09-01,T,1,1371,170952.0,270396611.0
2011-10-01,D,0,13373,250000.0,4455198789.0
2011-10-01,D,1,975,240000.0,277141650.0
2011-10-01,F,0,8788,162000.0,1922032080.0
2011-10-01,F,1,1739,160000.0,373598478.0
2011-10-01,O,0,7,150000.0,1076000.0
2011-10-01,O,1,1,661500.0,661500.0
2011-10-01,S,0,15996,162500.0,3151539552.0
2011-10-01,S,1,791,165000.0,149017907.0
2011-10-01,T,0,15802,140000.0,2946004298.0
2011-10-01,T,1,1108,169995.0,217718540.0
2011-11-01,D,0,13534,250000.0,4449205465.0
2011-11-01,D,1,1143,243995.0,332808832.0
2011-11-01,F,0,9042,160000.0,2000016766.0
2011-11-01,F,1,2095,165000.0,445165819.0
2011-11-01,O,0,6,297500.0,7541860.0
2011-11-01,S,0,16511,163000.0,3253602413.0
2011-11-01,S,1,947,165000.0,177753545.0
2011-11-01,T,0,16469,140000.0,3027713476.0
2011-11-01,T,1,1258,165995.0,236761422.0
2011-12-01,D,0,13402,250000.0,4305526208.0
2011-12-01,D,1,1914,242522.5,542734249.0
2011-12-01,F,0,9337,160000.0,2091481779.0
2011-12-01,F,1,2592,159972.5,498468312.0
2011-12-01,O,0,9,50000.0,864000.0
2011-12-01,S,0,16850,160000.0,3269321622.0
2011-12-01,S,1,1506,171075.0,290576696.0
2011-12-01,T,0,16674,140000.0,3047047086.0
2011-12-01,T,1,2049,170000.0,400943626.0
2012-01-01,D,0,9615,250000.0,3127466208.0
2012-01-01,D,1,617,249995.0,183103243.0
2012-01-01,F,0,7000,162500.0,1596415018.0
2012-01-01,F,1,1383,180000.0,316336265.0
2012-01-01,O,0,6,503000.0,3824895.0
2012-01-01,S,0,12078,162000.0,2426069025.0
2012-01-01,S,1,532,169997.0,103465225.0
2012-01-01,T,0,12411,141000.0,2376726654.0
2012-01-01,T,1,650,171375.0,130508873.0
2012-02-01,D,0,9408,250000.0,3046844789.0
2012-02-01,D,1,738,249950.0,214774359.0
2012-02-01,F,0,7285,160000.0,1605163833.0
2012-02-01,F,1,1492,180475.0,348565040.0
2012-02-01,O,0,4,19953.0,177906.0
2012-02-01,S,0,12110,164000.0,2412105428.0
2012-02-01,S,1,618,169995.0,121019730.0
2012-02-01,T,0,12834,142000.0,2414941494.0
2012-02-01,T,1,831,170000.0,171045540.0
2012-03-01,D,0,11766,245000.0,3654065416.0
2012-03-01,D,1,1500,242975.0,433958400.0
2012-03-01,F,0,9756,167000.0,2118834119.0
2012-03-01,F,1,2568,174972.5,527029434.0
2012-03-01,O,0,12,290207.0,51419030.0
2012-03-01,S,0,15905,161000.0,3120617372.0
2012-03-01,S,1,1327,169995.0,256727174.0
2012-03-01,T,0,17300,149000.0,3198992721.0
2012-03-01,T,1,1779,167996.0,347290352.0
2012-04-01,D,0,9638,250000.0,3204062815.0
2012-04-01,D,1,1020,250000.0,319418605.0
2012-04-01,F,0,6632,160000.0,1550589475.0
2012-04-01,F,1,1494,175000.0,347697846.0
2012-04-01,O,0,12,217500.0,8687273.0
2012-04-01,S,0,11205,158500.0,2206063658.0
2012-04-01,S,1,646,170000.0,131232222.0
2012-04-01,T,0,12206,136000.0,2409989841.0
2012-04-01,T,1,930,170000.0,193853986.0
2012-05-01,D,0,11787,250000.0,3855871099.0
2012-05-01,D,1,1196,249995.0,373721549.0
2012-05-01,F,0,7933,164000.0,1912460290.0
2012-05-01,F,1,1853,179995.0,449497958.0
2012-05-01,O,0,9,165000.0,9353093.0
2012-05-01,S,0,13829,162000.0,2769873148.0
2012-05-01,S,1,854,173347.5,173041652.0
2012-05-01,T,0,14288,141000.0,2765402097.0
2012-05-01,T,1,1271,176950.0,262950942.0
2012-06-01,D,0,12643,250000.0,4219835303.0
2012-06-01,D,1,2329,242500.0,666220976.0
2012-06-01,F,0,8292,167000.0,2041556784.0
2012-06-01,F,1,2649,173950.0,609497971.0
2012-06-01,O,0,8,142500.0,1653500.0
2012-06-01,O,1,1,110800.0,110800.0
2012-06-01,S,0,14891,161000.0,2994260614.0
2012-06-01,S,1,1626,174995.0,322803399.0
2012-06-01,T,0,15620,147000.0,3184198592.0
2012-06-01,T,1,2335,173500.0,476454939.0
2012-07-01,D,0,14155,263000.0,4873342622.0
2012-07-01,D,1,885,250000.0,290025851.0
2012-07-01,F,0,9172,174000.0,2333009228.0
2012-07-01,F,1,1602,175000.0,351092052.0
2012-07-01,O,0,12,168500.0,14985496.0
2012-07-01,S,0,15700,167000.0,3313760381.0
2012-07-01,S,1,617,176995.0,123627654.0
2012-07-01,T,0,16626,150000.0,3529520957.0
2012-07-01,T,1,945,180000.0,202247553.0
2012-08-01,D,0,15808,266875.0,5464799671.0
2012-08-01,D,1,1232,250000.0,389632620.0
2012-08-01,F,0,9725,167950.0,2309395249.0
2012-08-01,F,1,1755,178000.0,423664873.0
2012-08-01,O,0,7,70000.0,1231707.0
2012-08-01,S,0,17407,167500.0,3624695337.0
2012-08-01,S,1,829,173000.0,169591817.0
2012-08-01,T,0,17758,152500.0,3721135953.0
2012-08-01,T,1,1106,174950.0,223763640.0
2012-09-01,D,0,12005,263500.0,4136211583.0
2012-09-01,D,1,1260,249995.0,368827069.0
2012-09-01,F,0,8198,170125.0,2011297042.0
2012-09-01,F,1,1977,197000.0,461793552.0
2012-09-01,O,0,13,96000.0,1803079.0
2012-09-01,S,0,13441,166000.0,2787002973.0
2012-09-01,S,1,864,174997.5,177165334.0
2012-09-01,T,0,14330,150000.0,2992673369.0
2012-09-01,T,1,1277,172500.0,254146401.0
2012-10-01,D,0,13920,250000.0,4594782541.0
2012-10-01,D,1,1240,249797.5,369546765.0
2012-10-01,F,0,8931,165000.0,2143808974.0
2012-10-01,F,1,1768,186075.0,427554524.0
2012-10-01,O,0,18,131750.0,3594830.0
2012-10-01,S,0,15459,165000.0,3151139896.0
2012-10-01,S,1,882,175000.0,183679634.0
2012-10-01,T,0,16148,147000.0,3185004629.0
2012-10-01,T,1,1230,179997.0,260308771.0
2012-11-01,D,0,14559,250000.0,4734772741.0
2012-11-01,D,1,1477,249995.0,439153291.0
2012-11-01,F,0,9584,165000.0,2269488786.0
2012-11-01,F,1,1864,178995.0,460031529.0
2012-11-01,O,0,9,195000.0,2577286.0
2012-11-01,S,0,17015,162000.0,3396384780.0
2012-11-01,S,1,981,179950.0,199830860.0
2012-11-01,T,0,17438,145000.0,3349727647.0
2012-11-01,T,1,1400,172997.5,291988694.0
2012-12-01,D,0,11839,250000.0,3854569368.0
2012-12-01,D,1,2165,249995.0,643052940.0
2012-12-01,F,0,8271,164000.0,2015654503.0
2012-12-01,F,1,2374,165000.0,559489565.0
2012-12-01,O,0,24,248000.0,16631287.0
2012-12-01,O,1,1,44950.0,44950.0
2012-12-01,S,0,14085,161000.0,2806007119.0
2012-12-01,S,1,1495,178000.0,300158087.0
2012-12-01,T,0,14800,145000.0,2882464001.0
2012-12-01,T,1,1890,174950.0,389032208.0
2013-01-01,D,0,9641,255000.0,3253875584.0
2013-01-01,D,1,615,262500.0,202489614.0
2013-01-01,F,0,7239,170000.0,1827254213.0
2013-01-01,F,1,1335,193950.0,326688952.0
2013-01-01,O,0,19,381166.0,12062866.0
2013-01-01,O,1,2,39887.0,79774.0
2013-01-01,S,0,11220,165000.0,2324045264.0
2013-01-01,S,1,445,172995.0,94530693.0
2013-01-01,T,0,12309,145000.0,2490360746.0
2013-01-01,T,1,687,179950.0,146340576.0
2013-02-01,D,0,9490,250000.0,3087665716.0
2013-02-01,D,1,920,249950.0,284936596.0
2013-02-01,F,0,7572,162000.0,1770922068.0
2013-02-01,F,1,1346,182150.0,381375218.0
2013-02-01,O,0,7,180000.0,1704277.0
2013-02-01,S,0,11734,160000.0,2306960113.0
2013-02-01,S,1,577,174995.0,115443274.0
2013-02-01,T,0,12870,143000.0,2524258691.0
2013-02-01,T,1,844,180000.0,183267779.0
2013-03-01,D,0,11421,250000.0,3789986980.0
2013-03-01,D,1,1603,250000.0,474170428.0
2013-03-01,F,0,8454,166250.0,2015154534.0
2013-03-01,F,1,2139,193000.0,509940411.0
2013-03-01,O,0,33,168000.0,26762093.0
2013-03-01,O,1,1,363031.0,363031.0
2013-03-01,S,0,13787,160000.0,2704370878.0
2013-03-01,S,1,1110,174995.0,219098703.0
2013-03-01,T,0,14797,140000.0,2868091983.0
2013-03-01,T,1,1596,173997.5,332316777.0
2013-04-01,D,0,10772,250000.0,3620598669.0
2013-04-01,D,1,1167,250000.0,358663397.0
2013-04-01,F,0,8356,165000.0,2123545001.0
2013-04-01,F,1,1782,194375.0,436763526.0
2013-04-01,O,0,37,125000.0,25268288.0
2013-04-01,O,1,3,23352.0,881352.0
2013-04-01,S,0,13075,160000.0,2671833011.0
2013-04-01,S,1,775,180000.0,165554684.0
2013-04-01,T,0,14187,144250.0,2815360381.0
2013-04-01,T,1,1118,179995.0,249840080.0
2013-05-01,D,0,14289,250000.0,4614077737.0
2013-05-01,D,1,1528,249995.0,467232432.0
2013-05-01,F,0,10457,169000.0,2590811415.0
2013-05-01,F,1,1983,201950.0,512787255.0
2013-05-01,O,0,50,237000.0,28620010.0
2013-05-01,S,0,17374,160500.0,3467420288.0
2013-05-01,S,1,1091,179950.0,226356014.0
2013-05-01,T,0,18510,145000.0,3645553869.0
2013-05-01,T,1,1447,179995.0,306284506.0
2013-06-01,D,0,13657,250000.0,4564294819.0
2013-06-01,D,1,2874,250000.0,876336292.0
2013-06-01,F,0,9786,166997.5,2407094639.0
2013-06-01,F,1,2961,190000.0,704507937.0
2013-06-01,O,0,69,280000.0,73297899.0
2013-06-01,O,1,4,309041.5,1395013.0
2013-06-01,S,0,15898,163000.0,3282961544.0
2013-06-01,S,1,2054,175000.0,412942347.0
2013-06-01,T,0,17000,147000.0,3484584865.0
2013-06-01,T,1,2495,178950.0,514726512.0
2013-07-01,D,0,17266,265000.0,5997647755.0
2013-07-01,D,1,1132,250000.0,351181530.0
2013-07-01,F,0,11971,175000.0,3097096261.0
2013-07-01,F,1,1845,212937.0,511924652.0
2013-07-01,O,0,158,243000.0,286723470.0
2013-07-01,O,1,12,105000.0,4067267.0
2013-07-01,S,0,19561,170000.0,4195007245.0
2013-07-01,S,1,875,180000.0,188574805.0
2013-07-01,T,0,20535,154000.0,4489072648.0
2013-07-01,T,1,1015,182995.0,232103373.0
2013-08-01,D,0,18606,270000.0,6517620893.0
2013-08-01,D,1,1655,250000.0,515762580.0
2013-08-01,F,0,12579,174000.0,3146190418.0
2013-08-01,F,1,2084,195000.0,577396857.0
2013-08-01,O,0,245,250000.0,410340744.0
2013-08-01,O,1,17,76356.0,1813356.0
2013-08-01,S,0,20959,170000.0,4539945067.0
2013-08-01,S,1,1123,180495.0,240201945.0
2013-08-01,T,0,21786,155000.0,4680475606.0
2013-08-01,T,1,1414,180897.5,309922252.0
2013-09-01,D,0,15891,270000.0,5535285664.0
2013-09-01,D,1,1798,256497.5,553373224.0
2013-09-01,F,0,11842,175000.0,3136517293.0
2013-09-01,F,1,2206,186972.5,586930232.0
2013-09-01,O,0,492,287646.0,1047076765.0
2013-09-01,O,1,30,95000.0,4092767.0
2013-09-01,S,0,17830,169972.5,3818497454.0
2013-09-01,S,1,1300,181500.0,279098214.0
2013-09-01,T,0,18972,152000.0,4083121098.0
2013-09-01,T,1,1595,184995.0,346199880.0
2013-10-01,D,0,17984,270000.0,6146610619.0
2013-10-01,D,1,1849,255995.0,584574044.0
2013-10-01,F,0,13281,170000.0,3235622991.0
2013-10-01,F,1,2187,192500.0,615097489.0
2013-10-01,O,0,930,276000.0,1958643582.0
2013-10-01,O,1,24,108500.0,13421044.0
2013-10-01,S,0,20393,168000.0,4275595240.0
2013-10-01,S,1,1175,182995.0,252040223.0
2013-10-01,T,0,22260,150000.0,4537924786.0
2013-10-01,T,1,1378,187250.0,310288033.0
2013-11-01,D,0,18999,255000.0,6355074616.0
2013-11-01,D,1,2115,250000.0,670847725.0
2013-11-01,F,0,14428,168000.0,3607197159.0
2013-11-01,F,1,2363,204299.0,669415881.0
2013-11-01,O,0,962,342000.0,2512961248.0
2013-11-01,O,1,21,125000.0,3560596.0
2013-11-01,S,0,22106,165000.0,4560675103.0
2013-11-01,S,1,1475,180000.0,312737379.0
2013-11-01,T,0,24056,147500.0,4813614492.0
2013-11-01,T,1,1694,174950.0,350768180.0
2013-12-01,D,0,17196,261000.0,5769447518.0
2013-12-01,D,1,3170,250000.0,951086113.0
2013-12-01,F,0,13673,168000.0,3419385099.0
2013-12-01,F,1,2967,195925.0,884827914.0
2013-12-01,O,0,1084,362500.0,2995209695.0
2013-12-01,O,1,13,138000.0,3653795.0
2013-12-01,S,0,19946,167000.0,4101922122.0
2013-12-01,S,1,2210,184950.0,460087855.0
2013-12-01,T,0,22200,149000.0,4555747905.0
2013-12-01,T,1,2566,179995.0,543525641.0
2014-01-01,D,0,14790,270000.0,5183600906.0
2014-01-01,D,1,1087,264450.0,351928024.0
2014-01-01,F,0,12496,172000.0,3224008584.0
2014-01-01,F,1,1763,212000.0,512921162.0
2014-01-01,O,0,969,285000.0,2084921894.0
2014-01-01,O,1,16,111925.0,17514963.0
2014-01-01,S,0,17344,165000.0,3679522698.0
2014-01-01,S,1,801,182995.0,174889191.0
2014-01-01,T,0,19887,148000.0,4184994195.0
2014-01-01,T,1,908,179725.0,206053748.0
2014-02-01,D,0,14202,267500.0,4843370266.0
2014-02-01,D,1,1448,270000.0,473139276.0
2014-02-01,F,0,12356,168000.0,3092556643.0
2014-02-01,F,1,1950,205000.0,586386301.0
2014-02-01,O,0,753,290000.0,1228562618.0
2014-02-01,O,1,25,170000.0,7841854.0
2014-02-01,S,0,17072,166583.5,3582671257.0
2014-02-01,S,1,990,179950.0,212075694.0
2014-02-01,T,0,19644,147500.0,4020508215.0
2014-02-01,T,1,1132,178225.0,233499416.0
2014-03-01,D,0,14080,261075.0,4758414204.0
2014-03-01,D,1,2087,262500.0,645962752.0
2014-03-01,F,0,13063,167000.0,3260980906.0
2014-03-01,F,1,2331,205000.0,678124487.0
2014-03-01,O,0,1192,300000.0,2011541844.0
2014-03-01,O,1,21,114000.0,9919746.0
2014-03-01,S,0,16965,162500.0,3465892534.0
2014-03-01,S,1,1559,174995.0,319729569.0
2014-03-01,T,0,20265,145500.0,4141997491.0
2014-03-01,T,1,1637,175995.0,341851381.0
2014-04-01,D,0,15629,270000.0,5465387569.0
2014-04-01,D,1,1819,269000.0,571491291.0
2014-04-01,F,0,13293,172000.0,3431253398.0
2014-04-01,F,1,2262,230000.0,783627874.0
2014-04-01,O,0,923,270000.0,1830768485.0
2014-04-01,O,1,20,274000.0,8547747.0
2014-04-01,S,0,18157,167500.0,3863573711.0
2014-04-01,S,1,1159,189950.0,258296353.0
2014-04-01,T,0,20954,149950.0,4371672840.0
2014-04-01,T,1,1281,187995.0,292384842.0
2014-05-01,D,0,17016,263000.0,5850506732.0
2014-05-01,D,1,2051,264995.0,650952254.0
2014-05-01,F,0,14293,169950.0,3766441745.0
2014-05-01,F,1,2340,235125.5,762442329.0
2014-05-01,O,0,973,290000.0,2058466650.0
2014-05-01,O,1,12,140000.0,2511562.0
2014-05-01,S,0,20158,167000.0,4211389974.0
2014-05-01,S,1,1485,182000.0,326409197.0
2014-05-01,T,0,23152,150000.0,4809847173.0
2014-05-01,T,1,1562,180000.0,343327866.0
2014-06-01,D,0,16997,272500.0,5953488934.0
2014-06-01,D,1,3824,269995.0,1213675826.0
2014-06-01,F,0,14478,172000.0,4039027226.0
2014-06-01,F,1,3314,217500.0,1113331554.0
2014-06-01,O,0,1104,311000.0,1962766534.0
2014-06-01,O,1,29,308400.0,19421503.0
2014-06-01,S,0,19778,170000.0,4238320047.0
2014-06-01,S,1,2572,182950.0,538228664.0
2014-06-01,T,0,22478,152000.0,4718155380.0
2014-06-01,T,1,2715,185000.0,597956116.0
2014-07-01,D,0,20077,284100.0,7495136237.0
2014-07-01,D,1,1644,275000.0,557073666.0
2014-07-01,F,0,15492,175000.0,4152133939.0
2014-07-01,F,1,2545,220950.0,791873647.0
2014-07-01,O,0,1050,350000.0,1708729147.0
2014-07-01,O,1,12,291500.0,11643631.0
2014-07-01,S,0,21878,175000.0,4929379718.0
2014-07-01,S,1,1006,179995.0,216554988.0
2014-07-01,T,0,25426,157500.0,5728751448.0
2014-07-01,T,1,1258,187995.0,304943712.0
2014-08-01,D,0,20908,287500.0,7818148079.0
2014-08-01,D,1,1917,272500.0,636288332.0
2014-08-01,F,0,15690,175000.0,3999370999.0
2014-08-01,F,1,2321,209995.0,669617481.0
2014-08-01,O,0,955,325000.0,2429982860.0
2014-08-01,O,1,13,200000.0,8983700.0
2014-08-01,S,0,23030,177000.0,5207307318.0
2014-08-01,S,1,1222,184850.0,259817684.0
2014-08-01,T,0,25913,160000.0,5855144357.0
2014-08-01,T,1,1369,185000.0,310395313.0
2014-09-01,D,0,17965,287500.0,6667514772.0
2014-09-01,D,1,2114,272247.5,681992790.0
2014-09-01,F,0,14661,180000.0,3873771762.0
2014-09-01,F,1,2420,202725.0,768039934.0
2014-09-01,O,0,987,360000.0,1587050230.0
2014-09-01,O,1,28,225000.0,18680085.0
2014-09-01,S,0,20370,179000.0,4600752376.0
2014-09-01,S,1,1475,180000.0,306531609.0
2014-09-01,T,0,22784,159950.0,5009446878.0
2014-09-01,T,1,1512,185000.0,328613648.0
2014-10-01,D,0,19514,285000.0,7091833395.0
2014-10-01,D,1,2119,270000.0,670941190.0
2014-10-01,F,0,15827,175000.0,4096249455.0
2014-10-01,F,1,2489,215000.0,914010603.0
2014-10-01,O,0,943,293000.0,1536942588.0
2014-10-01,O,1,24,307500.0,11329665.0
2014-10-01,S,0,22727,175000.0,4995800636.0
2014-10-01,S,1,1472,184997.5,316001041.0
2014-10-01,T,0,25681,156000.0,5463227884.0
2014-10-01,T,1,1508,194850.0,383052002.0
2014-11-01,D,0,16506,280000.0,5944937302.0
2014-11-01,D,1,2044,269995.0,639619895.0
2014-11-01,F,0,13377,173000.0,3234178771.0
2014-11-01,F,1,2451,194995.0,687950103.0
2014-11-01,O,0,992,300000.0,1952578007.0
2014-11-01,O,1,20,221925.0,17024031.0
2014-11-01,S,0,18900,175000.0,4164380138.0
2014-11-01,S,1,1448,183950.0,306500597.0
2014-11-01,T,0,21883,155000.0,4558329884.0
2014-11-01,T,1,1473,184995.0,332383291.0
2014-12-01,D,0,16357,280000.0,5886116948.0
2014-12-01,D,1,3714,272000.0,1182840135.0
2014-12-01,F,0,14224,173125.0,3606165639.0
2014-12-01,F,1,2845,196441.0,908921744.0
2014-12-01,O,0,1257,465000.0,2967549174.0
2014-12-01,O,1,32,218046.0,16488075.0
2014-12-01,S,0,19005,173000.0,4138141722.0
2014-12-01,S,1,2430,188000.0,523769525.0
2014-12-01,T,0,22591,155000.0,4727857586.0
2014-12-01,T,1,2387,189995.0,548899130.0
2015-01-01,D,0,12378,285000.0,4572379342.0
2015-01-01,D,1,1301,275000.0,437355448.0
2015-01-01,F,0,11539,177000.0,2982433246.0
2015-01-01,F,1,1572,244950.0,564969149.0
2015-01-01,O,0,1080,325000.0,1883377615.0
2015-01-01,O,1,28,419930.0,41269973.0
2015-01-01,S,0,14797,176500.0,3387155437.0
2015-01-01,S,1,834,178097.5,176161427.0
2015-01-01,T,0,17925,157000.0,3923770246.0
2015-01-01,T,1,829,179950.0,197755940.0
2015-02-01,D,0,12363,284000.0,4426630571.0
2015-02-01,D,1,1484,278200.0,499033312.0
2015-02-01,F,0,11840,172000.0,2910996657.0
2015-02-01,F,1,1865,245000.0,689514610.0
2015-02-01,O,0,1024,350000.0,1620665182.0
2015-02-01,O,1,26,147850.0,6053900.0
2015-02-01,S,0,15011,174000.0,3341953261.0
2015-02-01,S,1,1030,187500.0,223750329.0
2015-02-01,T,0,18005,155000.0,3818197408.0
2015-02-01,T,1,1026,176620.0,220990708.0
2015-03-01,D,0,13710,280000.0,4897381895.0
2015-03-01,D,1,2544,277426.0,809213167.0
2015-03-01,F,0,13004,177000.0,3275168803.0
2015-03-01,F,1,2657,204000.0,793236823.0
2015-03-01,O,0,1730,350000.0,3250100294.0
2015-03-01,O,1,41,128000.0,17760159.0
2015-03-01,S,0,16580,170000.0,3614798508.0
2015-03-01,S,1,1964,179995.0,418739174.0
2015-03-01,T,0,20224,150000.0,4218899978.0
2015-03-01,T,1,1753,177750.0,403285030.0
2015-04-01,D,0,13645,285000.0,4928575162.0
2015-04-01,D,1,2202,282997.0,728161347.0
2015-04-01,F,0,12161,180000.0,3340904777.0
2015-04-01,F,1,2403,237500.0,780986702.0
2015-04-01,O,0,1534,348360.0,2180624694.0
2015-04-01,O,1,40,202500.0,23159281.0
2015-04-01,S,0,15979,172500.0,3553225705.0
2015-04-01,S,1,1365,189950.0,294505389.0
2015-04-01,T,0,19463,155000.0,4167737962.0
2015-04-01,T,1,1527,183500.0,353132587.0
2015-05-01,D,0,15595,281000.0,5536490186.0
2015-05-01,D,1,2664,285000.0,882956646.0
2015-05-01,F,0,13129,177500.0,3337457677.0
2015-05-01,F,1,2887,227950.0,1056799279.0
2015-05-01,O,0,1344,275500.0,1889532606.0
2015-05-01,O,1,37,270000.0,26548967.0
2015-05-01,S,0,18905,172000.0,4100396298.0
2015-05-01,S,1,1736,186997.5,367950729.0
2015-05-01,T,0,22260,154000.0,4645464168.0
2015-05-01,T,1,1667,193096.0,391805829.0
2015-06-01,D,0,17572,290000.0,6460675730.0
2015-06-01,D,1,4820,290000.0,1639541652.0
2015-06-01,F,0,14816,175000.0,3755641140.0
2015-06-01,F,1,3989,245000.0,1310502889.0
2015-06-01,O,0,1594,333600.0,3064310652.0
2015-06-01,O,1,38,280000.0,38772022.0
2015-06-01,S,0,20079,177000.0,4515474570.0
2015-06-01,S,1,2982,189475.0,640129001.0
2015-06-01,T,0,23764,160000.0,5182283743.0
2015-06-01,T,1,2944,190000.0,671359748.0
2015-07-01,D,0,21500,300000.0,8221134145.0
2015-07-01,D,1,2145,285000.0,724241350.0
2015-07-01,F,0,16538,180000.0,4407792183.0
2015-07-01,F,1,3166,259999.0,1199189438.0
2015-07-01,O,0,1819,410000.0,3904673416.0
2015-07-01,O,1,57,129500.0,17874017.0
2015-07-01,S,0,24026,180000.0,5632283401.0
2015-07-01,S,1,1349,190000.0,310764117.0
2015-07-01,T,0,27727,164950.0,6362026663.0
2015-07-01,T,1,1444,194000.0,352689688.0
2015-08-01,D,0,20104,304000.0,7771001994.0
2015-08-01,D,1,2319,290000.0,791332003.0
2015-08-01,F,0,14682,185000.0,3860997300.0
2015-08-01,F,1,2937,250000.0,938757738.0
2015-08-01,O,0,1482,350000.0,2221327013.0
2015-08-01,O,1,27,175000.0,5607397.0
2015-08-01,S,0,21680,184950.0,5101344105.0
2015-08-01,S,1,1473,190000.0,335320831.0
2015-08-01,T,0,24894,168000.0,5859918224.0
2015-08-01,T,1,1381,191000.0,336424928.0
2015-09-01,D,0,18858,305000.0,7321454155.0
2015-09-01,D,1,2780,294950.0,953968998.0
2015-09-01,F,0,15146,189950.0,4134550749.0
2015-09-01,F,1,2972,230000.0,926413551.0
2015-09-01,O,0,1724,384000.0,2606034784.0
2015-09-01,O,1,62,163202.0,23491130.0
2015-09-01,S,0,20698,182275.0,4949230837.0
2015-09-01,S,1,1784,195000.0,407262496.0
2015-09-01,T,0,24018,165000.0,5534155976.0
2015-09-01,T,1,1629,194950.0,387069807.0
2015-10-01,D,0,20918,299995.0,7882334171.0
2015-10-01,D,1,2627,294995.0,896601553.0
2015-10-01,F,0,16404,185000.0,4250769002.0
2015-10-01,F,1,3161,245000.0,1083523694.0
2015-10-01,O,0,1577,350000.0,2328389419.0
2015-10-01,O,1,48,156500.0,16955771.0
2015-10-01,S,0,23505,181000.0,5466728427.0
2015-10-01,S,1,1700,195000.0,380364030.0
2015-10-01,T,0,27241,164500.0,6051871033.0
2015-10-01,T,1,1675,196000.0,422309030.0
2015-11-01,D,0,19012,300000.0,7208252575.0
2015-11-01,D,1,2521,290000.0,856615441.0
2015-11-01,F,0,15073,185000.0,3903889596.0
2015-11-01,F,1,3002,240475.0,1068429347.0
2015-11-01,O,0,1524,300000.0,2345383439.0
2015-11-01,O,1,47,78710.0,11840488.0
2015-11-01,S,0,21322,180000.0,5014156367.0
2015-11-01,S,1,1665,198950.0,369871940.0
2015-11-01,T,0,24259,163500.0,5458973054.0
2015-11-01,T,1,1423,194950.0,339736411.0
2015-12-01,D,0,18363,298000.0,6805134290.0
2015-12-01,D,1,4365,296950.0,1453295648.0
2015-12-01,F,0,15317,184950.0,4108467300.0
2015-12-01,F,1,4200,249950.0,1583258339.0
2015-12-01,O,0,1812,410000.0,4118202017.0
2015-12-01,O,1,123,81290.0,99651434.0
2015-12-01,S,0,20786,180000.0,4843665874.0
2015-12-01,S,1,2969,204950.0,677011506.0
2015-12-01,T,0,24295,162000.0,5467329045.0
2015-12-01,T,1,2761,198500.0,638391407.0
2016-01-01,D,0,13736,301375.0,5298071445.0
2016-01-01,D,1,1518,289995.0,518572030.0
2016-01-01,F,0,12146,189972.5,3301620608.0
2016-01-01,F,1,2539,250000.0,934117444.0
2016-01-01,O,0,1340,339034.5,2343379788.0
2016-01-01,O,1,38,79355.0,19787715.0
2016-01-01,S,0,16213,184500.0,3913360310.0
2016-01-01,S,1,965,193950.0,220535947.0
2016-01-01,T,0,19084,165000.0,4549007547.0
2016-01-01,T,1,989,209500.0,254865898.0
2016-02-01,D,0,14703,299995.0,5555703321.0
2016-02-01,D,1,1936,295997.5,656276224.0
2016-02-01,F,0,13384,185000.0,3432037732.0
2016-02-01,F,1,2962,235000.0,1085401668.0
2016-02-01,O,0,1338,300000.0,1629726494.0
2016-02-01,O,1,55,79500.0,16748221.0
2016-02-01,S,0,17358,182500.0,4062789843.0
2016-02-01,S,1,1301,194950.0,289412100.0
2016-02-01,T,0,20895,162500.0,4715208290.0
2016-02-01,T,1,1168,204950.0,280320763.0
2016-03-01,D,0,24570,305000.0,9932223351.0
2016-03-01,D,1,3563,307250.0,1284950663.0
2016-03-01,F,0,31930,185000.0,8835618818.0
2016-03-01,F,1,6566,229950.0,2306032263.0
2016-03-01,O,0,2309,275000.0,2555858593.0
2016-03-01,O,1,145,50450.0,40209930.0
2016-03-01,S,0,28469,182500.0,7016423279.0
2016-03-01,S,1,2160,199950.0,499114729.0
2016-03-01,T,0,40463,160000.0,9499225409.0
2016-03-01,T,1,2235,199995.0,576628830.0
2016-04-01,D,0,11697,287500.0,4225241237.0
2016-04-01,D,1,2485,299995.0,857885509.0
2016-04-01,F,0,8460,182000.0,2158759579.0
2016-04-01,F,1,2551,266995.0,1089046564.0
2016-04-01,O,0,1680,300000.0,1831626577.0
2016-04-01,O,1,66,76312.5,12273540.0
2016-04-01,S,0,14024,178000.0,3181056903.0
2016-04-01,S,1,1546,208414.0,354639514.0
2016-04-01,T,0,15525,160000.0,3290408169.0
2016-04-01,T,1,1364,201500.0,340280823.0
2016-05-01,D,0,13555,293000.0,4888847300.0
2016-05-01,D,1,2549,300000.0,870976797.0
2016-05-01,F,0,10170,190000.0,2700771469.0
2016-05-01,F,1,2735,254995.0,1030646753.0
2016-05-01,O,0,1941,295000.0,2225213567.0
2016-05-01,O,1,91,110000.0,32001834.0
2016-05-01,S,0,16348,182000.0,3762741735.0
2016-05-01,S,1,1551,207688.0,363960953.0
2016-05-01,T,0,17936,165000.0,3974015566.0
2016-05-01,T,1,1370,207995.0,334694628.0
2016-06-01,D,0,16304,305000.0,6197013766.0
2016-06-01,D,1,4398,309995.0,1552347138.0
2016-06-01,F,0,12114,189000.0,3184611644.0
2016-06-01,F,1,4129,290000.0,1597172414.0
2016-06-01,O,0,2593,250000.0,3026485934.0
2016-06-01,O,1,212,75000.0,36599595.0
2016-06-01,S,0,18868,185000.0,4508026980.0
2016-06-01,S,1,2843,209995.0,665206655.0
2016-06-01,T,0,21128,167000.0,4745856716.0
2016-06-01,T,1,2159,201995.0,529441556.0
2016-07-01,D,0,18762,312500.0,7297547265.0
2016-07-01,D,1,2193,300000.0,768943522.0
2016-07-01,F,0,13485,191000.0,3524248632.0
2016-07-01,F,1,3229,275000.0,1176599672.0
2016-07-01,O,0,2597,235000.0,2490618245.0
2016-07-01,O,1,245,37500.0,29309996.0
2016-07-01,S,0,21828,188000.0,5271443435.0
2016-07-01,S,1,1242,201772.5,283089099.0
2016-07-01,T,0,23466,170000.0,5439475652.0
2016-07-01,T,1,1140,217997.5,305174693.0
2016-08-01,D,0,19624,315000.0,7697195724.0
2016-08-01,D,1,2266,310000.0,790485651.0
2016-08-01,F,0,13544,193000.0,3460994039.0
2016-08-01,F,1,4174,215000.0,1252800973.0
2016-08-01,O,0,2905,235000.0,2608948307.0
2016-08-01,O,1,601,72950.0,62141911.0
2016-08-01,S,0,21981,192500.0,5348647687.0
2016-08-01,S,1,1444,204995.0,331550862.0
2016-08-01,T,0,23929,173000.0,5536865391.0
2016-08-01,T,1,1217,218000.0,324461221.0
2016-09-01,D,0,17868,315000.0,7147445881.0
2016-09-01,D,1,2787,306995.0,974415781.0
2016-09-01,F,0,13168,185000.0,3351589045.0
2016-09-01,F,1,3279,287500.0,1262394318.0
2016-09-01,O,0,4816,245000.0,5401818270.0
2016-09-01,O,1,821,75000.0,71766237.0
2016-09-01,S,0,21289,187500.0,5134201046.0
2016-09-01,S,1,1753,205000.0,409884569.0
2016-09-01,T,0,21925,168000.0,4959444158.0
2016-09-01,T,1,1459,222995.0,398171775.0
2016-10-01,D,0,16581,311400.0,6485471465.0
2016-10-01,D,1,2459,315000.0,879528471.0
2016-10-01,F,0,12142,185000.0,3113343008.0
2016-10-01,F,1,3537,310000.0,1488456763.0
2016-10-01,O,0,5110,227500.0,4974048389.0
2016-10-01,O,1,349,50995.0,83688185.0
2016-10-01,S,0,19826,185000.0,4694678148.0
2016-10-01,S,1,1619,215000.0,386623476.0
2016-10-01,T,0,20861,165000.0,4590233673.0
2016-10-01,T,1,1308,227250.0,361199403.0
2016-11-01,D,0,17271,310000.0,6762245596.0
2016-11-01,D,1,2668,309247.5,927646752.0
2016-11-01,F,0,12726,184997.0,3286260169.0
2016-11-01,F,1,3551,289000.0,1360190804.0
2016-11-01,O,0,5367,230000.0,5831656440.0
2016-11-01,O,1,831,48950.0,62931024.0
2016-11-01,S,0,20714,187000.0,4916765669.0
2016-11-01,S,1,1644,208000.0,383454254.0
2016-11-01,T,0,21773,165000.0,4854338183.0
2016-11-01,T,1,1277,215000.0,331563066.0
2016-12-01,D,0,17381,310000.0,6785224580.0
2016-12-01,D,1,4291,314995.0,1508458832.0
2016-12-01,F,0,13148,189000.0,3710180158.0
2016-12-01,F,1,4231,272841.0,1672167207.0
2016-12-01,O,0,5501,250000.0,6567617825.0
2016-12-01,O,1,361,56700.0,74923224.0
2016-12-01,S,0,21009,187000.0,5009834498.0
2016-12-01,S,1,2802,215972.5,678445146.0
2016-12-01,T,0,22531,166000.0,5219722686.0
2016-12-01,T,1,2182,217972.5,550979683.0
2017-01-01,D,0,13231,320000.0,5360596283.0
2017-01-01,D,1,1330,315995.0,481384536.0
2017-01-01,F,0,10427,191000.0,2868366352.0
2017-01-01,F,1,2481,275000.0,945849650.0
2017-01-01,O,0,4481,235000.0,4322101812.0
2017-01-01,O,1,335,56700.0,42694674.0
2017-01-01,S,0,16053,191500.0,3948262128.0
2017-01-01,S,1,889,214995.0,219583127.0
2017-01-01,T,0,17749,167000.0,4120773892.0
2017-01-01,T,1,699,214950.0,183106690.0
2017-02-01,D,0,13297,315000.0,5290215241.0
2017-02-01,D,1,1514,324995.0,544981359.0
2017-02-01,F,0,11089,190000.0,2973825073.0
2017-02-01,F,1,2520,265997.5,949620074.0
2017-02-01,O,0,4128,246613.0,4081698701.0
2017-02-01,O,1,200,64500.0,108999960.0
2017-02-01,S,0,16409,190000.0,3960189088.0
2017-02-01,S,1,951,213995.0,227803706.0
2017-02-01,T,0,18139,166000.0,4134484906.0
2017-02-01,T,1,731,205000.0,184001228.0
2017-03-01,D,0,14843,310500.0,5911959504.0
2017-03-01,D,1,1990,308995.0,683547822.0
2017-03-01,F,0,12530,187500.0,3378529769.0
2017-03-01,F,1,2039,297925.0,830096421.0
2017-03-01,O,0,5279,255000.0,5926342867.0
2017-03-01,O,1,217,61995.0,32096230.0
2017-03-01,S,0,19480,187000.0,4731134787.0
2017-03-01,S,1,1263,203995.0,287009803.0
2017-03-01,T,0,21533,160000.0,4831969786.0
2017-03-01,T,1,1011,211995.0,251624685.0
2017-04-01,D,0,13457,318000.0,5490989433.0
2017-04-01,D,1,1013,321000.0,363639552.0
2017-04-01,F,0,9697,191940.0,2737033612.0
2017-04-01,F,1,1065,320000.0,476632756.0
2017-04-01,O,0,3735,250000.0,4172980287.0
2017-04-01,O,1,76,25000.0,8287694.0
2017-04-01,S,0,16376,190000.0,3971738123.0
2017-04-01,S,1,623,209950.0,149820035.0
2017-04-01,T,0,17955,165000.0,4272726054.0
2017-04-01,T,1,440,220000.0,118206288.0
2017-05-01,D,0,13680,310000.0,5388897953.0
2017-05-01,D,1,519,325000.0,181743286.0
2017-05-01,F,0,9439,192000.0,2559977151.0
2017-05-01,F,1,426,403997.5,223351402.0
2017-05-01,O,0,3432,248000.0,3749595229.0
2017-05-01,O,1,58,25000.0,4147960.0
2017-05-01,S,0,17187,191000.0,4190826890.0
2017-05-01,S,1,319,219995.0,80832749.0
2017-05-01,T,0,18640,166675.0,4193523537.0
2017-05-01,T,1,222,201997.5,53457430.0
2017-06-01,D,0,6868,320000.0,2736549069.0
2017-06-01,D,1,70,332475.0,25800725.0
2017-06-01,F,0,4195,194000.0,1185878925.0
2017-06-01,F,1,64,294997.5,27521383.0
2017-06-01,O,0,1510,210000.0,975833958.0
2017-06-01,O,1,22,14210.5,427924.0
2017-06-01,S,0,8274,197000.0,2078243748.0
2017-06-01,S,1,34,220972.5,8240581.0
2017-06-01,T,0,8840,170000.0,2098678615.0
2017-06-01,T,1,24,165972.5,4464686.0
