month,property_type,duration,sales_volume,median_price,total_revenue
1995-01-01,D,F,10769,87500.0,1158978656.0
1995-01-01,D,L,418,75625.0,37168782.0
1995-01-01,F,F,216,44750.0,24684845.0
1995-01-01,F,L,7325,46500.0,447683984.0
1995-01-01,O,F,1,5610000.0,5610000.0
1995-01-01,S,F,14201,53950.0,868578426.0
1995-01-01,S,L,1229,47950.0,64183092.0
1995-01-01,T,F,14828,43500.0,780739934.0
1995-01-01,T,L,1480,33700.0,62039634.0
1995-02-01,D,F,11082,85000.0,1137302395.0
1995-02-01,D,L,457,73530.0,36328163.0
1995-02-01,F,F,177,44000.0,10721715.0
1995-02-01,F,L,7194,45500.0,408911434.0
1995-02-01,S,F,14255,53500.0,863053189.0
1995-02-01,S,L,1250,48000.0,65218846.0
1995-02-01,T,F,14843,43000.0,750730874.0
1995-02-01,T,L,1590,33000.0,64856656.0
1995-03-01,D,F,15547,85250.0,1592788485.0
1995-03-01,D,L,637,74500.0,51670093.0
1995-03-01,F,F,275,43950.0,14553020.0
1995-03-01,F,L,9818,45495.0,571249690.0
1995-03-01,S,F,20119,53000.0,1205735012.0
1995-03-01,S,L,1827,48000.0,91989368.0
1995-03-01,T,F,20813,43000.0,1066438306.0
1995-03-01,T,L,2270,33850.0,93764395.0
1995-04-01,D,F,13747,87950.0,1450225161.0
1995-04-01,D,L,491,74995.0,41549930.0
1995-04-01,F,F,247,41000.0,14660289.0
1995-04-01,F,L,8286,46000.0,492639831.0
1995-04-01,S,F,16962,53979.5,1035917330.0
1995-04-01,S,L,1487,48250.0,74393457.0
1995-04-01,T,F,17392,44000.0,904058268.0
1995-04-01,T,L,1684,34500.0,73397706.0
1995-05-01,D,F,15220,86950.0,1577391796.0
1995-05-01,D,L,566,74725.0,47221378.0
1995-05-01,F,F,269,43000.0,16787120.0
1995-05-01,F,L,9304,46000.0,540646814.0
1995-05-01,O,L,1,10000.0,10000.0
1995-05-01,S,F,19226,54000.0,1176633384.0
1995-05-01,S,L,1701,48250.0,89237520.0
1995-05-01,T,F,19537,44000.0,1014390306.0
1995-05-01,T,L,2017,34500.0,84815760.0
1995-06-01,D,F,17963,87000.0,1875344496.0
1995-06-01,D,L,761,75000.0,66550387.0
1995-06-01,F,F,270,43990.0,15415605.0
1995-06-01,F,L,10546,46775.0,630440083.0
1995-06-01,S,F,21584,53725.0,1313178496.0
1995-06-01,S,L,2010,48000.0,100169241.0
1995-06-01,T,F,21527,44500.0,1131742004.0
1995-06-01,T,L,2274,33375.0,95652073.0
1995-07-01,D,F,15972,89850.0,1743372274.0
1995-07-01,D,L,548,74975.0,46538331.0
1995-07-01,F,F,234,46975.0,14626325.0
1995-07-01,F,L,9032,47000.0,539045045.0
1995-07-01,S,F,19488,54995.0,1225903376.0
1995-07-01,S,L,1555,48500.0,80517772.0
1995-07-01,T,F,19099,45000.0,1040424538.0
1995-07-01,T,L,1941,33995.0,79646957.0
1995-08-01,D,F,17802,89000.0,1952100845.0
1995-08-01,D,L,614,75000.0,55313820.0
1995-08-01,F,F,324,43000.0,18208249.0
1995-08-01,F,L,9513,47500.0,570049536.0
1995-08-01,S,F,20690,55000.0,1300221098.0
1995-08-01,S,L,1763,49000.0,91381152.0
1995-08-01,T,F,20547,45000.0,1096262017.0
1995-08-01,T,L,2023,34000.0,86385526.0
1995-09-01,D,F,16856,87500.0,1796956549.0
1995-09-01,D,L,668,75000.0,54740865.0
1995-09-01,F,F,263,41000.0,15370608.0
1995-09-01,F,L,9363,46000.0,544426833.0
1995-09-01,S,F,19767,53995.0,1210837911.0
1995-09-01,S,L,1745,49000.0,91365843.0
1995-09-01,T,F,20718,44000.0,1084417523.0
1995-09-01,T,L,2103,34000.0,84518645.0
1995-10-01,D,F,15466,86000.0,1632320458.0
1995-10-01,D,L,554,77500.0,47627878.0
1995-10-01,F,F,257,41000.0,14382736.0
1995-10-01,F,L,8721,45995.0,504746621.0
1995-10-01,S,F,17923,53000.0,1080048404.0
1995-10-01,S,L,1594,48000.0,79245611.0
1995-10-01,T,F,18590,43000.0,952705031.0
1995-10-01,T,L,1928,32500.0,80921889.0
1995-11-01,D,F,15852,86500.0,1657101582.0
1995-11-01,D,L,644,74500.0,56529747.0
1995-11-01,F,F,292,42500.0,17221762.0
1995-11-01,F,L,9024,45000.0,521361664.0
1995-11-01,S,F,18763,53000.0,1129221460.0
1995-11-01,S,L,1748,47000.0,87199117.0
1995-11-01,T,F,19529,43000.0,1001981564.0
1995-11-01,T,L,2065,33088.0,80870079.0
1995-12-01,D,F,18288,87000.0,1896340763.0
1995-12-01,D,L,797,75000.0,65436315.0
1995-12-01,F,F,267,42000.0,14015643.0
1995-12-01,F,L,9673,45950.0,576486626.0
1995-12-01,S,F,20176,53500.0,1219750905.0
1995-12-01,S,L,1902,47662.5,94607175.0
1995-12-01,T,F,20118,43500.0,1034741708.0
1995-12-01,T,L,2275,33500.0,95488074.0
1996-01-01,D,F,11446,87500.0,1235644300.0
1996-01-01,D,L,432,75000.0,37665650.0
1996-01-01,F,F,220,45000.0,14921844.0
1996-01-01,F,L,7282,46000.0,441212992.0
1996-01-01,S,F,14070,53500.0,861031917.0
1996-01-01,S,L,1254,47950.0,63481104.0
1996-01-01,T,F,15114,43500.0,789357726.0
1996-01-01,T,L,1647,33000.0,68373382.0
1996-02-01,D,F,12197,85000.0,1255160375.0
1996-02-01,D,L,507,75500.0,41999190.0
1996-02-01,F,F,247,41000.0,13741653.0
1996-02-01,F,L,7479,45000.0,436957432.0
1996-02-01,S,F,15018,53250.0,911005576.0
1996-02-01,S,L,1275,47500.0,63433780.0
1996-02-01,T,F,16060,43000.0,823708276.0
1996-02-01,T,L,1675,33000.0,68918691.0
1996-03-01,D,F,16609,85000.0,1711846291.0
1996-03-01,D,L,733,76950.0,63045754.0
1996-03-01,F,F,313,45000.0,19664701.0
1996-03-01,F,L,9617,45000.0,569281727.0
1996-03-01,S,F,20446,53000.0,1219970750.0
1996-03-01,S,L,1745,48000.0,87668529.0
1996-03-01,T,F,21491,43000.0,1091292467.0
1996-03-01,T,L,2200,32500.0,82026413.0
1996-04-01,D,F,15981,88000.0,1726907335.0
1996-04-01,D,L,587,76000.0,49270664.0
1996-04-01,F,F,298,41000.0,15820592.0
1996-04-01,F,L,9110,46000.0,564404191.0
1996-04-01,S,F,19036,54000.0,1183290805.0
1996-04-01,S,L,1693,48000.0,88672917.0
1996-04-01,T,F,19550,44000.0,1041009085.0
1996-04-01,T,L,1979,33700.0,84018387.0
1996-05-01,D,F,20186,87608.0,2129094709.0
1996-05-01,D,L,773,76000.0,65917049.0
1996-05-01,F,F,335,40000.0,21713385.0
1996-05-01,F,L,10935,47000.0,680679969.0
1996-05-01,S,F,23660,54500.0,1466827910.0
1996-05-01,S,L,2015,48000.0,102499966.0
1996-05-01,T,F,23328,44950.0,1240026626.0
1996-05-01,T,L,2350,34500.0,96473139.0
1996-06-01,D,F,20122,89000.0,2155000806.0
1996-06-01,D,L,784,77775.0,68980513.0
1996-06-01,F,F,321,42500.0,19181891.0
1996-06-01,F,L,10632,48000.0,685973040.0
1996-06-01,S,F,22235,54950.0,1388199479.0
1996-06-01,S,L,1951,49000.0,99971957.0
1996-06-01,T,F,21713,45000.0,1167404167.0
1996-06-01,T,L,2202,34600.0,91718277.0
1996-07-01,D,F,22493,90000.0,2492826632.0
1996-07-01,D,L,786,79000.0,69294672.0
1996-07-01,F,F,385,46500.0,27908891.0
1996-07-01,F,L,11758,49000.0,763955828.0
1996-07-01,S,F,25062,55500.0,1627198872.0
1996-07-01,S,L,2119,48500.0,112738125.0
1996-07-01,T,F,25229,46000.0,1445355510.0
1996-07-01,T,L,2332,34950.0,104999665.0
1996-08-01,D,F,24995,92950.0,2830367396.0
1996-08-01,D,L,806,79825.0,73317294.0
1996-08-01,F,F,415,44000.0,29740630.0
1996-08-01,F,L,12371,49300.0,808474515.0
1996-08-01,S,F,26809,56000.0,1741028365.0
1996-08-01,S,L,2325,49950.0,122642276.0
1996-08-01,T,F,26244,46750.0,1485136017.0
1996-08-01,T,L,2478,35125.0,110840522.0
1996-09-01,D,F,21309,91000.0,2380741015.0
1996-09-01,D,L,788,78200.0,70727943.0
1996-09-01,F,F,326,44000.0,18925848.0
1996-09-01,F,L,11393,50000.0,773634439.0
1996-09-01,S,F,23149,55500.0,1489132415.0
1996-09-01,S,L,1920,49950.0,104339247.0
1996-09-01,T,F,23616,46000.0,1309110146.0
1996-09-01,T,L,2292,34950.0,102388816.0
1996-10-01,D,F,22512,90000.0,2515357867.0
1996-10-01,D,L,856,78000.0,82524390.0
1996-10-01,F,F,397,42750.0,24417291.0
1996-10-01,F,L,12525,48000.0,807126386.0
1996-10-01,S,F,25295,55500.0,1614205851.0
1996-10-01,S,L,2168,49950.0,114164439.0
1996-10-01,T,F,25298,45250.0,1391723036.0
1996-10-01,T,L,2470,34300.0,108613560.0
1996-11-01,D,F,24433,90000.0,2695359414.0
1996-11-01,D,L,855,78000.0,79544305.0
1996-11-01,F,F,412,46000.0,26735465.0
1996-11-01,F,L,13560,48750.0,878258997.0
1996-11-01,S,F,27389,55500.0,1748231492.0
1996-11-01,S,L,2417,49500.0,125270375.0
1996-11-01,T,F,27516,46332.5,1532592573.0
1996-11-01,T,L,2640,35000.0,120638618.0
1996-12-01,D,F,23199,92000.0,2554214388.0
1996-12-01,D,L,895,77500.0,79669039.0
1996-12-01,F,F,413,49500.0,27905240.0
1996-12-01,F,L,13089,50500.0,875218014.0
1996-12-01,S,F,24565,56000.0,1587591945.0
1996-12-01,S,L,2142,49965.0,113106778.0
1996-12-01,T,F,24973,47000.0,1433991141.0
1996-12-01,T,L,2412,35000.0,105608696.0
1997-01-01,D,F,16310,92950.0,1877542371.0
1997-01-01,D,L,635,76500.0,57246641.0
1997-01-01,F,F,356,46250.0,27284949.0
1997-01-01,F,L,10676,49500.0,723971491.0
1997-01-01,S,F,18866,56500.0,1244018373.0
1997-01-01,S,L,1626,49600.0,86324421.0
1997-01-01,T,F,20221,46500.0,1168334765.0
1997-01-01,T,L,2025,34750.0,91144172.0
1997-02-01,D,F,16527,92500.0,1849746752.0
1997-02-01,D,L,610,81300.0,56765286.0
1997-02-01,F,F,323,47000.0,22547398.0
1997-02-01,F,L,10691,50000.0,731352757.0
1997-02-01,S,F,18964,56500.0,1225586976.0
1997-02-01,S,L,1698,49000.0,90125413.0
1997-02-01,T,F,19562,46500.0,1101224041.0
1997-02-01,T,L,1974,34997.5,89614207.0
1997-03-01,D,F,18774,91000.0,2108242963.0
1997-03-01,D,L,768,78500.0,68215304.0
1997-03-01,F,F,386,48000.0,26095061.0
1997-03-01,F,L,11873,50000.0,819383684.0
1997-03-01,O,F,1,200.0,200.0
1997-03-01,S,F,22047,56000.0,1418682256.0
1997-03-01,S,L,1900,49950.0,100400210.0
1997-03-01,T,F,23478,46950.0,1328326287.0
1997-03-01,T,L,2144,35000.0,94060914.0
1997-04-01,D,F,19728,95000.0,2300222962.0
1997-04-01,D,L,709,79000.0,62934870.0
1997-04-01,F,F,341,45000.0,26387058.0
1997-04-01,F,L,12524,51000.0,881975808.0
1997-04-01,S,F,22475,57500.0,1519525851.0
1997-04-01,S,L,1887,50500.0,106845451.0
1997-04-01,T,F,23613,48000.0,1399217903.0
1997-04-01,T,L,2284,35500.0,103059892.0
1997-05-01,D,F,24045,94950.0,2775128942.0
1997-05-01,D,L,897,80000.0,82183922.0
1997-05-01,F,F,399,46000.0,27476047.0
1997-05-01,F,L,13849,52000.0,981679509.0
1997-05-01,S,F,26311,58500.0,1785892957.0
1997-05-01,S,L,2272,51000.0,121689022.0
1997-05-01,T,F,26608,48500.0,1586979839.0
1997-05-01,T,L,2550,36000.0,118586697.0
1997-06-01,D,F,25288,96500.0,2977708634.0
1997-06-01,D,L,1011,81000.0,96762045.0
1997-06-01,F,F,442,49000.0,35028825.0
1997-06-01,F,L,14629,53000.0,1089978404.0
1997-06-01,O,F,2,154975.0,309950.0
1997-06-01,O,L,2,6107000.0,12214000.0
1997-06-01,S,F,27027,58495.0,1847431009.0
1997-06-01,S,L,2321,51000.0,127632631.0
1997-06-01,T,F,27601,49500.0,1686208086.0
1997-06-01,T,L,2649,36400.0,125912656.0
1997-07-01,D,F,26778,98925.0,3278757400.0
1997-07-01,D,L,968,80000.0,90593167.0
1997-07-01,F,F,469,49995.0,39805754.0
1997-07-01,F,L,15988,53950.0,1175455431.0
1997-07-01,S,F,29197,59950.0,2100782064.0
1997-07-01,S,L,2371,51950.0,132161972.0
1997-07-01,T,F,30122,50000.0,1897922606.0
1997-07-01,T,L,2845,36500.0,149554928.0
1997-08-01,D,F,26219,99950.0,3218948349.0
1997-08-01,D,L,926,81425.0,87867952.0
1997-08-01,F,F,418,44975.0,26480078.0
1997-08-01,F,L,15351,54000.0,1102304533.0
1997-08-01,S,F,28087,59950.0,1992642061.0
1997-08-01,S,L,2422,52000.0,134137688.0
1997-08-01,T,F,28548,49950.0,1751206220.0
1997-08-01,T,L,2735,37000.0,131881587.0
1997-09-01,D,F,22893,98950.0,2834164270.0
1997-09-01,D,L,849,83100.0,81362223.0
1997-09-01,F,F,399,50000.0,35165502.0
1997-09-01,F,L,14635,55000.0,1103720595.0
1997-09-01,S,F,25059,59950.0,1784911614.0
1997-09-01,S,L,2184,52000.0,123230092.0
1997-09-01,T,F,26325,49950.0,1645088288.0
1997-09-01,T,L,2624,37000.0,127324632.0
1997-10-01,D,F,24319,97500.0,2953638136.0
1997-10-01,D,L,896,80000.0,83464096.0
1997-10-01,F,F,452,48997.5,34137950.0
1997-10-01,F,L,15495,54500.0,1115215896.0
1997-10-01,S,F,27181,59000.0,1902850889.0
1997-10-01,S,L,2409,51000.0,133769688.0
1997-10-01,T,F,28270,49400.0,1740746221.0
1997-10-01,T,L,2778,36000.0,132972349.0
1997-11-01,D,F,20326,97950.0,2452813193.0
1997-11-01,D,L,794,80850.0,74939068.0
1997-11-01,F,F,398,50000.0,29897560.0
1997-11-01,F,L,13275,55000.0,970100884.0
1997-11-01,S,F,23029,59500.0,1616431266.0
1997-11-01,S,L,2047,52000.0,111739491.0
1997-11-01,T,F,24248,49950.0,1512624057.0
1997-11-01,T,L,2484,36000.0,117864807.0
1997-12-01,D,F,22517,99650.0,2727046551.0
1997-12-01,D,L,891,83000.0,84956554.0
1997-12-01,F,F,407,48250.0,33419612.0
1997-12-01,F,L,14198,56000.0,1075947248.0
1997-12-01,S,F,24229,59800.0,1734445212.0
1997-12-01,S,L,2248,52000.0,127087231.0
1997-12-01,T,F,25747,50000.0,1620860655.0
1997-12-01,T,L,2706,36995.0,127137875.0
1998-01-01,D,F,14158,100000.0,1804525878.0
1998-01-01,D,L,538,80000.0,48298393.0
1998-01-01,F,F,345,52000.0,27687135.0
1998-01-01,F,L,10514,56000.0,807734780.0
1998-01-01,S,F,16977,59950.0,1237908528.0
1998-01-01,S,L,1433,52000.0,84358868.0
1998-01-01,T,F,18898,50000.0,1217894955.0
1998-01-01,T,L,1835,36000.0,91936690.0
1998-02-01,D,F,14895,100000.0,1851015037.0
1998-02-01,D,L,569,82000.0,52776355.0
1998-02-01,F,F,345,52000.0,41966630.0
1998-02-01,F,L,10620,55500.0,787440271.0
1998-02-01,S,F,17282,59000.0,1223746614.0
1998-02-01,S,L,1526,51475.0,84789429.0
1998-02-01,T,F,19293,49950.0,1201295698.0
1998-02-01,T,L,1929,35000.0,91829465.0
1998-03-01,D,F,18563,99995.0,2349005455.0
1998-03-01,D,L,677,81500.0,63983658.0
1998-03-01,F,F,449,52200.0,39296444.0
1998-03-01,F,L,12478,56500.0,983677967.0
1998-03-01,S,F,21540,59500.0,1546545085.0
1998-03-01,S,L,1868,52000.0,102238192.0
1998-03-01,T,F,23676,50000.0,1517551665.0
1998-03-01,T,L,2397,35000.0,119041298.0
1998-04-01,D,F,19812,103000.0,2538517086.0
1998-04-01,D,L,801,82500.0,79837001.0
1998-04-01,F,F,441,55000.0,33359937.0
1998-04-01,F,L,12750,58000.0,1016493455.0
1998-04-01,S,F,22359,60000.0,1650009057.0
1998-04-01,S,L,2033,52500.0,113772928.0
1998-04-01,T,F,23865,52000.0,1578044544.0
1998-04-01,T,L,2405,36000.0,116894457.0
1998-05-01,D,F,21631,104500.0,2747727568.0
1998-05-01,D,L,833,83000.0,81504486.0
1998-05-01,F,F,464,53250.0,35172086.0
1998-05-01,F,L,13890,58972.5,1105870732.0
1998-05-01,S,F,24552,60000.0,1816923736.0
1998-05-01,S,L,2222,53000.0,127459531.0
1998-05-01,T,F,25529,52000.0,1672824285.0
1998-05-01,T,L,2570,37000.0,123330635.0
1998-06-01,D,F,23888,105000.0,3075781156.0
1998-06-01,D,L,924,83475.0,88044987.0
1998-06-01,F,F,465,56000.0,39068319.0
1998-06-01,F,L,14802,59750.0,1215258028.0
1998-06-01,S,F,25472,60000.0,1906063089.0
1998-06-01,S,L,2239,53000.0,128565655.0
1998-06-01,T,F,26631,52750.0,1775472910.0
1998-06-01,T,L,2669,37500.0,138499236.0
1998-07-01,D,F,26373,107500.0,3521223815.0
1998-07-01,D,L,975,82000.0,113253648.0
1998-07-01,F,F,547,53500.0,43126049.0
1998-07-01,F,L,16294,59950.0,1318464805.0
1998-07-01,O,F,1,170000.0,170000.0
1998-07-01,S,F,29274,63000.0,2257188350.0
1998-07-01,S,L,2462,53500.0,142704747.0
1998-07-01,T,F,30752,53291.0,2113936730.0
1998-07-01,T,L,2950,37000.0,142006273.0
1998-08-01,D,F,22988,110000.0,3143151892.0
1998-08-01,D,L,844,84000.0,80482525.0
1998-08-01,F,F,488,56000.0,51423716.0
1998-08-01,F,L,14248,60000.0,1156457046.0
1998-08-01,S,F,25179,63000.0,1936287483.0
1998-08-01,S,L,2200,53500.0,129920956.0
1998-08-01,T,F,25781,53500.0,1790091691.0
1998-08-01,T,L,2508,38000.0,117059482.0
1998-09-01,D,F,21471,108000.0,2904301493.0
1998-09-01,D,L,860,83500.0,85433385.0
1998-09-01,F,F,527,56750.0,48452115.0
1998-09-01,F,L,14388,59995.0,1207576231.0
1998-09-01,S,F,23791,62950.0,1823004634.0
1998-09-01,S,L,2109,54000.0,126252201.0
1998-09-01,T,F,24608,53500.0,1666984445.0
1998-09-01,T,L,2450,37500.0,119588168.0
1998-10-01,D,F,22127,104950.0,2878434040.0
1998-10-01,D,L,886,84000.0,91274622.0
1998-10-01,F,F,549,54000.0,48697402.0
1998-10-01,F,L,14433,59450.0,1181630054.0
1998-10-01,S,F,24934,60000.0,1850708032.0
1998-10-01,S,L,2288,53500.0,129165812.0
1998-10-01,T,F,25988,52250.0,1703317538.0
1998-10-01,T,L,2603,37500.0,125268187.0
1998-11-01,D,F,20138,105000.0,2619990141.0
1998-11-01,D,L,826,84997.5,83374481.0
1998-11-01,F,F,453,55000.0,33945315.0
1998-11-01,F,L,13405,59950.0,1077499308.0
1998-11-01,S,F,23191,60950.0,1734072360.0
1998-11-01,S,L,2119,53500.0,122539598.0
1998-11-01,T,F,24136,52500.0,1559594987.0
1998-11-01,T,L,2413,37950.0,114343781.0
1998-12-01,D,F,21296,105000.0,2762039742.0
1998-12-01,D,L,881,85000.0,90081270.0
1998-12-01,F,F,457,55000.0,38774770.0
1998-12-01,F,L,13914,59995.0,1155462112.0
1998-12-01,S,F,23342,62000.0,1761991840.0
1998-12-01,S,L,2140,53950.0,122534953.0
1998-12-01,T,F,24605,53000.0,1613160900.0
1998-12-01,T,L,2479,37000.0,122987110.0
1999-01-01,D,F,13842,106500.0,1862887005.0
1999-01-01,D,L,582,86500.0,60216591.0
1999-01-01,F,F,349,55000.0,29938164.0
1999-01-01,F,L,10225,59995.0,851484470.0
1999-01-01,S,F,16787,63500.0,1285431122.0
1999-01-01,S,L,1461,54000.0,85140050.0
1999-01-01,T,F,18371,53000.0,1248497504.0
1999-01-01,T,L,1926,37500.0,96853217.0
1999-02-01,D,F,14850,105997.5,1952051256.0
1999-02-01,D,L,611,85000.0,90168438.0
1999-02-01,F,F,371,59950.0,37299541.0
1999-02-01,F,L,10492,60000.0,878343030.0
1999-02-01,S,F,17233,63000.0,1312472747.0
1999-02-01,S,L,1603,52950.0,91678203.0
1999-02-01,T,F,18806,53000.0,1252004541.0
1999-02-01,T,L,1929,37000.0,102620787.0
1999-03-01,D,F,20371,109000.0,2760489755.0
1999-03-01,D,L,823,84950.0,82292590.0
1999-03-01,F,F,464,57875.0,43272617.0
1999-03-01,F,L,13824,62000.0,1191177673.0
1999-03-01,O,F,1,50000.0,50000.0
1999-03-01,S,F,23256,63500.0,1793221374.0
1999-03-01,S,L,2004,53950.0,115307893.0
1999-03-01,T,F,25437,54000.0,1751817246.0
1999-03-01,T,L,2645,36950.0,130055286.0
1999-04-01,D,F,22290,110000.0,3022411465.0
1999-04-01,D,L,875,85000.0,87163874.0
1999-04-01,F,F,458,54000.0,37978213.0
1999-04-01,F,L,14388,63775.0,1257592719.0
1999-04-01,S,F,25166,64995.0,1988761847.0
1999-04-01,S,L,2162,55000.0,131051188.0
1999-04-01,T,F,26229,55500.0,1873547377.0
1999-04-01,T,L,2625,38500.0,142212303.0
1999-05-01,D,F,22778,112000.0,3121738833.0
1999-05-01,D,L,948,85975.0,95241034.0
1999-05-01,F,F,424,60000.0,37188975.0
1999-05-01,F,L,14215,65000.0,1245244927.0
1999-05-01,S,F,25122,65000.0,1992221412.0
1999-05-01,S,L,2107,54950.0,129015272.0
1999-05-01,T,F,26055,56000.0,1866090545.0
1999-05-01,T,L,2529,37500.0,123145109.0
1999-06-01,D,F,26494,115000.0,3768420720.0
1999-06-01,D,L,1025,88750.0,113668109.0
1999-06-01,F,F,515,63800.0,51126655.0
1999-06-01,F,L,16440,67500.0,1523167137.0
1999-06-01,S,F,27712,67000.0,2289201076.0
1999-06-01,S,L,2373,55000.0,145928819.0
1999-06-01,T,F,28853,58200.0,2182741975.0
1999-06-01,T,L,2835,39500.0,152978811.0
1999-07-01,D,F,31309,118000.0,4615987065.0
1999-07-01,D,L,1190,88997.5,125640112.0
1999-07-01,F,F,659,63000.0,62617977.0
1999-07-01,F,L,19378,68000.0,1818309234.0
1999-07-01,O,L,1,151508.0,151508.0
1999-07-01,S,F,33464,68000.0,2835656251.0
1999-07-01,S,L,2800,55000.0,175309659.0
1999-07-01,T,F,34157,58950.0,2641938389.0
1999-07-01,T,L,3250,39500.0,171364634.0
1999-08-01,D,F,28619,120000.0,4271333779.0
1999-08-01,D,L,1107,89000.0,119595214.0
1999-08-01,F,F,521,61500.0,48981208.0
1999-08-01,F,L,17512,69950.0,1693828756.0
1999-08-01,S,F,29952,69500.0,2574438328.0
1999-08-01,S,L,2523,56950.0,157280148.0
1999-08-01,T,F,31253,59500.0,2434962343.0
1999-08-01,T,L,2850,39950.0,156080064.0
1999-09-01,D,F,27366,120000.0,4179868097.0
1999-09-01,D,L,1000,90000.0,110665968.0
1999-09-01,F,F,558,62975.0,52868182.0
1999-09-01,F,L,17140,71000.0,1717942792.0
1999-09-01,S,F,27932,69950.0,2434557725.0
1999-09-01,S,L,2285,56950.0,146811056.0
1999-09-01,T,F,29135,59950.0,2299948457.0
1999-09-01,T,L,2783,39995.0,151759651.0
1999-10-01,D,F,27911,117500.0,4074200967.0
1999-10-01,D,L,1145,89500.0,121335206.0
1999-10-01,F,F,609,60000.0,60190919.0
1999-10-01,F,L,17706,71000.0,1722683369.0
1999-10-01,S,F,29616,68950.0,2522568866.0
1999-10-01,S,L,2537,57000.0,160415174.0
1999-10-01,T,F,31177,59000.0,2376492351.0
1999-10-01,T,L,2951,40000.0,164860016.0
1999-11-01,D,F,26822,119000.0,3947312867.0
1999-11-01,D,L,1013,89995.0,110450104.0
1999-11-01,F,F,566,60000.0,59272604.0
1999-11-01,F,L,17474,71995.0,1731432956.0
1999-11-01,S,F,28459,69950.0,2439866332.0
1999-11-01,S,L,2522,57000.0,161666337.0
1999-11-01,T,F,30263,59950.0,2371206580.0
1999-11-01,T,L,2921,40000.0,167277326.0
1999-12-01,D,F,26371,120000.0,3899580287.0
1999-12-01,D,L,1015,90000.0,110270178.0
1999-12-01,F,F,587,64750.0,60688356.0
1999-12-01,F,L,18030,73250.0,1841945244.0
1999-12-01,O,F,1,17000.0,17000.0
1999-12-01,S,F,27455,69995.0,2360781792.0
1999-12-01,S,L,2504,56950.0,157994197.0
1999-12-01,T,F,29879,59995.0,2341304053.0
1999-12-01,T,L,2882,39950.0,169932074.0
2000-01-01,D,F,16026,122500.0,2510419602.0
2000-01-01,D,L,607,89000.0,62291270.0
2000-01-01,F,F,380,60000.0,34950979.0
2000-01-01,F,L,12551,74500.0,1327502881.0
2000-01-01,S,F,18263,70000.0,1627045303.0
2000-01-01,S,L,1579,58950.0,108931130.0
2000-01-01,T,F,20779,59996.0,1688567584.0
2000-01-01,T,L,2096,39962.5,120581736.0
2000-02-01,D,F,17341,121000.0,2632259796.0
2000-02-01,D,L,647,90200.0,69949187.0
2000-02-01,F,F,465,60000.0,49499664.0
2000-02-01,F,L,13546,75000.0,1385182529.0
2000-02-01,S,F,19356,69995.0,1685566063.0
2000-02-01,S,L,1722,57000.0,106714720.0
2000-02-01,T,F,21772,59950.0,1743781751.0
2000-02-01,T,L,2215,38000.0,113443283.0
2000-03-01,D,F,23267,122500.0,3638085190.0
2000-03-01,D,L,1014,91500.0,110351794.0
2000-03-01,F,F,554,60000.0,63528595.0
2000-03-01,F,L,17380,76000.0,1864664714.0
2000-03-01,O,F,1,135000.0,135000.0
2000-03-01,S,F,26312,70000.0,2314781701.0
2000-03-01,S,L,2307,57500.0,148912144.0
2000-03-01,T,F,28931,60000.0,2412163672.0
2000-03-01,T,L,2978,39950.0,175098669.0
2000-04-01,D,F,21429,125000.0,3374556295.0
2000-04-01,D,L,899,95000.0,116275839.0
2000-04-01,F,F,486,62250.0,47479599.0
2000-04-01,F,L,15386,78950.0,1695548250.0
2000-04-01,S,F,24970,72950.0,2283053015.0
2000-04-01,S,L,2108,59475.0,138821078.0
2000-04-01,T,F,26534,62000.0,2204914320.0
2000-04-01,T,L,2720,40000.0,166521730.0
2000-05-01,D,F,22628,127500.0,3601048840.0
2000-05-01,D,L,1003,96700.0,111903400.0
2000-05-01,F,F,500,67250.0,50960192.0
2000-05-01,F,L,16152,79950.0,1777651173.0
2000-05-01,S,F,25212,73650.0,2290896535.0
2000-05-01,S,L,2289,59500.0,153741819.0
2000-05-01,T,F,27518,63000.0,2309747420.0
2000-05-01,T,L,2841,40000.0,172414832.0
2000-06-01,D,F,26733,127500.0,4246579027.0
2000-06-01,D,L,1164,94975.0,129639788.0
2000-06-01,F,F,518,66975.0,57903041.0
2000-06-01,F,L,18107,80500.0,1970938541.0
2000-06-01,S,F,28756,73000.0,2638529302.0
2000-06-01,S,L,2683,59000.0,179486435.0
2000-06-01,T,F,31179,64000.0,2609215087.0
2000-06-01,T,L,3189,40000.0,178962378.0
2000-07-01,D,F,23152,132500.0,3924061601.0
2000-07-01,D,L,1018,97000.0,115559034.0
2000-07-01,F,F,483,60000.0,49369115.0
2000-07-01,F,L,16104,79995.0,1764371235.0
2000-07-01,S,F,26801,75000.0,2545956093.0
2000-07-01,S,L,2486,59950.0,165444949.0
2000-07-01,T,F,28608,64950.0,2454378468.0
2000-07-01,T,L,2997,40000.0,176227095.0
2000-08-01,D,F,24036,133000.0,4071170888.0
2000-08-01,D,L,926,96825.0,109534864.0
2000-08-01,F,F,503,64000.0,54902697.0
2000-08-01,F,L,15745,80000.0,1692497933.0
2000-08-01,S,F,25973,76950.0,2513695382.0
2000-08-01,S,L,2304,59950.0,156561680.0
2000-08-01,T,F,28220,64995.0,2427143769.0
2000-08-01,T,L,3058,40000.0,174545821.0
2000-09-01,D,F,22201,130000.0,3687253135.0
2000-09-01,D,L,1005,97500.0,116683122.0
2000-09-01,F,F,431,60000.0,35657888.0
2000-09-01,F,L,14674,80000.0,1611174139.0
2000-09-01,O,L,1,250000.0,250000.0
2000-09-01,S,F,24315,74000.0,2258272865.0
2000-09-01,S,L,2251,59950.0,150967122.0
2000-09-01,T,F,26432,62500.0,2186206348.0
2000-09-01,T,L,3001,40000.0,168768683.0
2000-10-01,D,F,20584,130076.0,3464450957.0
2000-10-01,D,L,861,96500.0,102644358.0
2000-10-01,F,F,486,60000.0,50547484.0
2000-10-01,F,L,13805,79995.0,1518687025.0
2000-10-01,O,F,1,3000.0,3000.0
2000-10-01,S,F,23058,74950.0,2148907297.0
2000-10-01,S,L,2160,59950.0,144121973.0
2000-10-01,T,F,25066,62500.0,2051376246.0
2000-10-01,T,L,2790,40000.0,162356337.0
2000-11-01,D,F,20617,134000.0,3472025353.0
2000-11-01,D,L,851,94000.0,93599332.0
2000-11-01,F,F,477,67000.0,45428209.0
2000-11-01,F,L,14181,80000.0,1615633059.0
2000-11-01,O,F,2,132187.5,264375.0
2000-11-01,S,F,22817,75000.0,2150762032.0
2000-11-01,S,L,2083,60000.0,142987772.0
2000-11-01,T,F,25272,63500.0,2131308906.0
2000-11-01,T,L,2720,40000.0,146626432.0
2000-12-01,D,F,23025,132000.0,3806907125.0
2000-12-01,D,L,1030,96600.0,119998251.0
2000-12-01,F,F,492,60000.0,48827923.0
2000-12-01,F,L,15361,83950.0,1752150026.0
2000-12-01,S,F,24660,76000.0,2328530722.0
2000-12-01,S,L,2215,60000.0,149650381.0
2000-12-01,T,F,27215,65000.0,2313417307.0
2000-12-01,T,L,3055,40000.0,177571257.0
2001-01-01,D,F,14070,137000.0,2483906165.0
2001-01-01,D,L,611,102250.0,74703456.0
2001-01-01,F,F,390,68000.0,42006249.0
2001-01-01,F,L,12069,84000.0,1385412526.0
2001-01-01,O,L,1,1800000.0,1800000.0
2001-01-01,S,F,17615,78000.0,1729504730.0
2001-01-01,S,L,1545,59994.0,108506003.0
2001-01-01,T,F,20526,66000.0,1798141789.0
2001-01-01,T,L,2241,40000.0,130796473.0
2001-02-01,D,F,15118,135000.0,2588388263.0
2001-02-01,D,L,621,98950.0,78224281.0
2001-02-01,F,F,377,65000.0,38531075.0
2001-02-01,F,L,11931,83000.0,1347271670.0
2001-02-01,S,F,18020,78000.0,1750517677.0
2001-02-01,S,L,1594,60000.0,111413412.0
2001-02-01,T,F,21688,67000.0,1839127061.0
2001-02-01,T,L,2325,41000.0,134456460.0
2001-03-01,D,F,21143,134000.0,3583403364.0
2001-03-01,D,L,964,103000.0,115513668.0
2001-03-01,F,F,500,68500.0,62305839.0
2001-03-01,F,L,15563,85000.0,1809165827.0
2001-03-01,S,F,24617,77500.0,2362132279.0
2001-03-01,S,L,2176,60000.0,154027982.0
2001-03-01,T,F,28323,67000.0,2479895465.0
2001-03-01,T,L,3012,40550.0,168253887.0
2001-04-01,D,F,21850,139950.0,3812110254.0
2001-04-01,D,L,905,104000.0,111048555.0
2001-04-01,F,F,469,70000.0,55493172.0
2001-04-01,F,L,14750,87500.0,1750413193.0
2001-04-01,S,F,24458,81050.0,2478619829.0
2001-04-01,S,L,2084,64000.0,155695473.0
2001-04-01,T,F,26960,70000.0,2469945039.0
2001-04-01,T,L,2722,41000.0,164730844.0
2001-05-01,D,F,24354,140000.0,4257897546.0
2001-05-01,D,L,962,104000.0,117216402.0
2001-05-01,F,F,501,74000.0,63428168.0
2001-05-01,F,L,16493,88000.0,1959558920.0
2001-05-01,S,F,27780,82500.0,2844694841.0
2001-05-01,S,L,2331,63000.0,165614400.0
2001-05-01,T,F,30209,71500.0,2772466617.0
2001-05-01,T,L,2996,43000.0,176274111.0
2001-06-01,D,F,28701,140500.0,5064971169.0
2001-06-01,D,L,1269,106000.0,159100430.0
2001-06-01,F,F,580,70000.0,66564190.0
2001-06-01,F,L,19278,92950.0,2394156826.0
2001-06-01,S,F,31280,83000.0,3221523450.0
2001-06-01,S,L,2692,64972.5,199210870.0
2001-06-01,T,F,33637,72950.0,3111322852.0
2001-06-01,T,L,3450,45000.0,227434781.0
2001-07-01,D,F,27747,147000.0,5206633597.0
2001-07-01,D,L,1098,109950.0,145254242.0
2001-07-01,F,F,552,72000.0,66070519.0
2001-07-01,F,L,18602,91500.0,2276870449.0
2001-07-01,S,F,31825,86000.0,3432925927.0
2001-07-01,S,L,2768,65950.0,206441027.0
2001-07-01,T,F,34574,74000.0,3343695112.0
2001-07-01,T,L,3355,45000.0,226187869.0
2001-08-01,D,F,31475,149000.0,5902051275.0
2001-08-01,D,L,1193,109000.0,152555413.0
2001-08-01,F,F,619,79000.0,79294189.0
2001-08-01,F,L,20263,94000.0,2484532984.0
2001-08-01,O,F,1,204.0,204.0
2001-08-01,S,F,34829,87000.0,3788994152.0
2001-08-01,S,L,2966,66950.0,224756539.0
2001-08-01,T,F,37736,75000.0,3656805256.0
2001-08-01,T,L,3781,44950.0,242974052.0
2001-09-01,D,F,24514,149950.0,4594033599.0
2001-09-01,D,L,995,110000.0,125097679.0
2001-09-01,F,F,486,75000.0,54661949.0
2001-09-01,F,L,16480,95000.0,2033858021.0
2001-09-01,O,F,1,3000.0,3000.0
2001-09-01,S,F,27140,86997.5,2929088354.0
2001-09-01,S,L,2405,67000.0,184142035.0
2001-09-01,T,F,29664,74000.0,2827748180.0
2001-09-01,T,L,3022,45350.0,211911453.0
2001-10-01,D,F,25524,147500.0,4672456659.0
2001-10-01,D,L,1053,106000.0,128249056.0
2001-10-01,F,F,574,74972.5,60268657.0
2001-10-01,F,L,17467,92500.0,2086858349.0
2001-10-01,S,F,29411,86500.0,3110295175.0
2001-10-01,S,L,2653,67950.0,201924486.0
2001-10-01,T,F,32673,73000.0,3028028964.0
2001-10-01,T,L,3361,45000.0,208832339.0
2001-11-01,D,F,26014,145000.0,4636080204.0
2001-11-01,D,L,1127,109500.0,142314639.0
2001-11-01,F,F,610,72500.0,62612536.0
2001-11-01,F,L,17915,92500.0,2128533616.0
2001-11-01,S,F,30551,85000.0,3190889712.0
2001-11-01,S,L,2867,67950.0,216981847.0
2001-11-01,T,F,34010,72950.0,3110734327.0
2001-11-01,T,L,3664,44000.0,224849297.0
2001-12-01,D,F,23115,150000.0,4256881382.0
2001-12-01,D,L,1015,110450.0,137262952.0
2001-12-01,F,F,482,79497.5,54475101.0
2001-12-01,F,L,16422,97500.0,2028663146.0
2001-12-01,O,F,1,1000000.0,1000000.0
2001-12-01,S,F,24852,87000.0,2653166267.0
2001-12-01,S,L,2279,69950.0,180409018.0
2001-12-01,T,F,28474,74500.0,2660423857.0
2001-12-01,T,L,3069,45500.0,194030748.0
2002-01-01,D,F,15806,152500.0,3017372069.0
2002-01-01,D,L,682,113475.0,91197681.0
2002-01-01,F,F,392,74500.0,45119498.0
2002-01-01,F,L,12822,96000.0,1585876720.0
2002-01-01,O,F,2,158000.0,316000.0
2002-01-01,S,F,19637,88000.0,2133439377.0
2002-01-01,S,L,1695,68000.0,131494005.0
2002-01-01,T,F,23120,73500.0,2198421583.0
2002-01-01,T,L,2551,43250.0,165056917.0
2002-02-01,D,F,17118,151500.0,3186264453.0
2002-02-01,D,L,709,114500.0,96754220.0
2002-02-01,F,F,449,75000.0,50849226.0
2002-02-01,F,L,13989,97000.0,1745331827.0
2002-02-01,S,F,21187,88000.0,2285062564.0
2002-02-01,S,L,1911,67500.0,145381076.0
2002-02-01,T,F,24630,74000.0,2315500628.0
2002-02-01,T,L,2720,44000.0,178927123.0
2002-03-01,D,F,24327,152500.0,4586616326.0
2002-03-01,D,L,1077,115000.0,142377051.0
2002-03-01,F,F,562,77125.0,73305775.0
2002-03-01,F,L,17783,101000.0,2307468370.0
2002-03-01,S,F,28302,89500.0,3087426595.0
2002-03-01,S,L,2590,70126.0,210417486.0
2002-03-01,T,F,32166,76500.0,3103971894.0
2002-03-01,T,L,3539,46250.0,225771844.0
2002-04-01,D,F,23461,159000.0,4591145955.0
2002-04-01,D,L,1017,120000.0,143017442.0
2002-04-01,F,F,553,80000.0,64525261.0
2002-04-01,F,L,17248,105000.0,2356772236.0
2002-04-01,S,F,27268,93500.0,3112496837.0
2002-04-01,S,L,2324,73000.0,190321070.0
2002-04-01,T,F,31313,80000.0,3200716014.0
2002-04-01,T,L,3302,48000.0,244579937.0
2002-05-01,D,F,31582,160000.0,6168139054.0
2002-05-01,D,L,1346,121000.0,182611128.0
2002-05-01,F,F,658,78750.0,79562564.0
2002-05-01,F,L,22340,108000.0,3025548227.0
2002-05-01,O,F,1,150000.0,150000.0
2002-05-01,S,F,37035,95500.0,4325102411.0
2002-05-01,S,L,3120,73500.0,260903500.0
2002-05-01,T,F,40859,83000.0,4258511911.0
2002-05-01,T,L,4130,48500.0,276650486.0
2002-06-01,D,F,26650,169950.0,5510168764.0
2002-06-01,D,L,1092,124950.0,154642242.0
2002-06-01,F,F,551,89950.0,76466759.0
2002-06-01,F,L,18423,114995.0,2631052847.0
2002-06-01,O,F,1,95000.0,95000.0
2002-06-01,S,F,27976,100000.0,3408310096.0
2002-06-01,S,L,2381,75400.0,209029071.0
2002-06-01,T,F,31114,87000.0,3403817665.0
2002-06-01,T,L,3332,49500.0,246629362.0
2002-07-01,D,F,30926,178000.0,6774865599.0
2002-07-01,D,L,1239,128000.0,189411277.0
2002-07-01,F,F,743,90000.0,96236921.0
2002-07-01,F,L,22012,113350.0,3077126773.0
2002-07-01,S,F,34406,107500.0,4402650773.0
2002-07-01,S,L,2854,79950.0,257002724.0
2002-07-01,T,F,38615,88650.0,4347289407.0
2002-07-01,T,L,4073,50995.0,288421851.0
2002-08-01,D,F,31101,179995.0,6867617914.0
2002-08-01,D,L,1183,128000.0,177174036.0
2002-08-01,F,F,696,94972.5,97925017.0
2002-08-01,F,L,21843,117000.0,3159192803.0
2002-08-01,S,F,34591,110000.0,4530608711.0
2002-08-01,S,L,3022,80625.0,272486909.0
2002-08-01,T,F,38109,89995.0,4337344178.0
2002-08-01,T,L,4217,50000.0,297279463.0
2002-09-01,D,F,24741,184950.0,5596633565.0
2002-09-01,D,L,987,135000.0,163873649.0
2002-09-01,F,F,586,97500.0,91223830.0
2002-09-01,F,L,18943,119995.0,2753066891.0
2002-09-01,S,F,27638,110000.0,3577328094.0
2002-09-01,S,L,2437,79950.0,221022237.0
2002-09-01,T,F,32213,90000.0,3634092120.0
2002-09-01,T,L,3569,50000.0,249499415.0
2002-10-01,D,F,24801,185000.0,5574743528.0
2002-10-01,D,L,1053,132000.0,159183618.0
2002-10-01,F,F,588,84997.5,70508213.0
2002-10-01,F,L,19190,119000.0,2736096412.0
2002-10-01,S,F,28271,110000.0,3693484775.0
2002-10-01,S,L,2486,81950.0,230741745.0
2002-10-01,T,F,33039,89995.0,3678154071.0
2002-10-01,T,L,3865,52500.0,285369275.0
2002-11-01,D,F,25784,185000.0,5763352701.0
2002-11-01,D,L,1065,132500.0,161267191.0
2002-11-01,F,F,621,88500.0,76771578.0
2002-11-01,F,L,19482,118000.0,2742441063.0
2002-11-01,S,F,29931,110000.0,3858835778.0
2002-11-01,S,L,2742,82950.0,250598449.0
2002-11-01,T,F,34969,89995.0,3891946053.0
2002-11-01,T,L,4308,51500.0,298238343.0
2002-12-01,D,F,23671,187495.0,5326648502.0
2002-12-01,D,L,1101,136000.0,176360086.0
2002-12-01,F,F,524,100000.0,71967551.0
2002-12-01,F,L,19487,122000.0,2837922341.0
2002-12-01,S,F,26877,115000.0,3589394151.0
2002-12-01,S,L,2405,86500.0,235663856.0
2002-12-01,T,F,31564,94950.0,3623140647.0
2002-12-01,T,L,3729,54000.0,268533891.0
2003-01-01,D,F,17025,195000.0,4018801576.0
2003-01-01,D,L,719,138000.0,114045124.0
2003-01-01,F,F,451,89000.0,59239317.0
2003-01-01,F,L,14888,120000.0,2166163768.0
2003-01-01,S,F,21474,115000.0,2904478787.0
2003-01-01,S,L,1821,85950.0,177176907.0
2003-01-01,T,F,25975,93500.0,2983370893.0
2003-01-01,T,L,3033,50900.0,209008035.0
2003-02-01,D,F,16019,190000.0,3702337736.0
2003-02-01,D,L,677,133950.0,100842274.0
2003-02-01,F,F,456,93500.0,60651033.0
2003-02-01,F,L,14154,120000.0,2006247344.0
2003-02-01,O,L,1,60000.0,60000.0
2003-02-01,S,F,20167,115500.0,2679520646.0
2003-02-01,S,L,1797,85000.0,169877862.0
2003-02-01,T,F,24788,91500.0,2780357593.0
2003-02-01,T,L,2971,52000.0,207893390.0
2003-03-01,D,F,17131,190000.0,3921409492.0
2003-03-01,D,L,792,139725.0,129085279.0
2003-03-01,F,F,468,92500.0,56881432.0
2003-03-01,F,L,15067,120000.0,2128437603.0
2003-03-01,O,F,1,150000.0,150000.0
2003-03-01,S,F,21450,115000.0,2819630883.0
2003-03-01,S,L,1969,88000.0,193210572.0
2003-03-01,T,F,26255,92000.0,2944477018.0
2003-03-01,T,L,3142,53500.0,229565322.0
2003-04-01,D,F,18017,195000.0,4233761524.0
2003-04-01,D,L,778,145000.0,130187187.0
2003-04-01,F,F,475,90000.0,60297411.0
2003-04-01,F,L,15057,122500.0,2171790261.0
2003-04-01,S,F,22779,119000.0,3101856387.0
2003-04-01,S,L,1930,89500.0,188430681.0
2003-04-01,T,F,27095,95000.0,3095916328.0
2003-04-01,T,L,3081,58000.0,234193018.0
2003-05-01,D,F,19613,195000.0,4590213135.0
2003-05-01,D,L,860,149972.5,152876320.0
2003-05-01,F,F,476,91250.0,62741084.0
2003-05-01,F,L,16745,122500.0,2405389479.0
2003-05-01,S,F,25210,120000.0,3446454091.0
2003-05-01,S,L,2230,90000.0,220368951.0
2003-05-01,T,F,29891,94995.0,3432661257.0
2003-05-01,T,L,3483,58500.0,260436298.0
2003-06-01,D,F,20941,195500.0,4891196767.0
2003-06-01,D,L,993,149950.0,167765472.0
2003-06-01,F,F,513,93950.0,67949466.0
2003-06-01,F,L,18388,128000.0,2717536906.0
2003-06-01,S,F,25315,122000.0,3501101829.0
2003-06-01,S,L,2282,94000.0,238891029.0
2003-06-01,T,F,29867,98000.0,3553439750.0
2003-06-01,T,L,3326,60250.0,265701176.0
2003-07-01,D,F,22992,205000.0,5682524059.0
2003-07-01,D,L,948,154972.5,163189440.0
2003-07-01,F,F,608,104975.0,85678681.0
2003-07-01,F,L,18584,127000.0,2785730880.0
2003-07-01,O,F,1,56000.0,56000.0
2003-07-01,O,L,1,2900.0,2900.0
2003-07-01,S,F,28451,125950.0,4142919025.0
2003-07-01,S,L,2484,95000.0,264569295.0
2003-07-01,T,F,33115,102000.0,4097793594.0
2003-07-01,T,L,3669,60000.0,290089051.0
2003-08-01,D,F,25218,210000.0,6312866862.0
2003-08-01,D,L,998,157725.0,182936866.0
2003-08-01,F,F,620,99950.0,84945645.0
2003-08-01,F,L,19284,130000.0,2948775733.0
2003-08-01,S,F,30448,128500.0,4489850166.0
2003-08-01,S,L,2666,99995.0,295436035.0
2003-08-01,T,F,34737,105000.0,4334335555.0
2003-08-01,T,L,3707,63000.0,302072695.0
2003-09-01,D,F,23748,210000.0,5985420689.0
2003-09-01,D,L,958,155000.0,166669580.0
2003-09-01,F,F,687,105000.0,91152919.0
2003-09-01,F,L,19826,130000.0,3094907237.0
2003-09-01,S,F,29215,129995.0,4356975811.0
2003-09-01,S,L,2453,96000.0,263520373.0
2003-09-01,T,F,33239,107000.0,4225680677.0
2003-09-01,T,L,3719,60000.0,298987903.0
2003-10-01,D,F,27205,209000.0,6736401855.0
2003-10-01,D,L,1159,160000.0,204786853.0
2003-10-01,F,F,719,105000.0,99090558.0
2003-10-01,F,L,21472,130000.0,3284235913.0
2003-10-01,O,L,1,149664.0,149664.0
2003-10-01,S,F,32631,130000.0,4818454060.0
2003-10-01,S,L,2855,102000.0,319058279.0
2003-10-01,T,F,37777,107000.0,4771764600.0
2003-10-01,T,L,4438,64950.0,358579464.0
2003-11-01,D,F,25428,212625.0,6392966178.0
2003-11-01,D,L,1119,160000.0,203763956.0
2003-11-01,F,F,731,112000.0,106270425.0
2003-11-01,F,L,20872,131000.0,3243288668.0
2003-11-01,S,F,30161,132500.0,4521417381.0
2003-11-01,S,L,2709,102500.0,304157575.0
2003-11-01,T,F,35073,109000.0,4485598327.0
2003-11-01,T,L,4146,66000.0,347039028.0
2003-12-01,D,F,26645,214950.0,6655341435.0
2003-12-01,D,L,1140,165000.0,207343041.0
2003-12-01,F,F,707,118000.0,108468765.0
2003-12-01,F,L,22571,135000.0,3615772512.0
2003-12-01,S,F,30551,135000.0,4647272642.0
2003-12-01,S,L,2708,105000.0,309057285.0
2003-12-01,T,F,35436,114995.0,4665019840.0
2003-12-01,T,L,4182,69950.0,363300346.0
2004-01-01,D,F,18097,218000.0,4673307529.0
2004-01-01,D,L,735,165000.0,140867657.0
2004-01-01,F,F,579,122500.0,97850233.0
2004-01-01,F,L,16451,135000.0,2630271293.0
2004-01-01,S,F,23418,135000.0,3595699821.0
2004-01-01,S,L,1929,105000.0,223300870.0
2004-01-01,T,F,28093,112500.0,3691970398.0
2004-01-01,T,L,3261,67995.0,282401305.0
2004-02-01,D,F,18194,215000.0,4621554205.0
2004-02-01,D,L,715,166000.0,132604118.0
2004-02-01,F,F,597,116000.0,87686222.0
2004-02-01,F,L,16505,135000.0,2621883356.0
2004-02-01,S,F,23337,135500.0,3550177443.0
2004-02-01,S,L,2080,108000.0,249072111.0
2004-02-01,T,F,27567,113150.0,3648491765.0
2004-02-01,T,L,3449,68000.0,295812057.0
2004-03-01,D,F,21404,220000.0,5542171270.0
2004-03-01,D,L,960,172250.0,178172804.0
2004-03-01,F,F,743,120000.0,112541005.0
2004-03-01,F,L,19748,136000.0,3235049151.0
2004-03-01,O,F,1,280000.0,280000.0
2004-03-01,S,F,26706,136000.0,4108471322.0
2004-03-01,S,L,2223,109995.0,261691543.0
2004-03-01,T,F,31900,115000.0,4245412684.0
2004-03-01,T,L,3946,69950.0,343344127.0
2004-04-01,D,F,25236,221972.5,6599076489.0
2004-04-01,D,L,1060,174400.0,204582683.0
2004-04-01,F,F,794,120000.0,128746406.0
2004-04-01,F,L,20985,137950.0,3492977060.0
2004-04-01,S,F,31279,139950.0,4951979809.0
2004-04-01,S,L,2719,116000.0,333184088.0
2004-04-01,T,F,35743,119000.0,4910337135.0
2004-04-01,T,L,4044,75000.0,373841433.0
2004-05-01,D,F,23530,225000.0,6154222684.0
2004-05-01,D,L,977,175000.0,188733567.0
2004-05-01,F,F,688,120000.0,111860749.0
2004-05-01,F,L,19572,139950.0,3246882028.0
2004-05-01,O,F,2,151000.0,302000.0
2004-05-01,S,F,28592,143000.0,4597675182.0
2004-05-01,S,L,2405,118000.0,299822370.0
2004-05-01,T,F,32665,120000.0,4562766219.0
2004-05-01,T,L,3645,79000.0,347824889.0
2004-06-01,D,F,26542,230000.0,7187690388.0
2004-06-01,D,L,1155,179950.0,234426514.0
2004-06-01,F,F,816,127725.0,128132804.0
2004-06-01,F,L,23279,145000.0,3977942468.0
2004-06-01,S,F,31984,147000.0,5332624807.0
2004-06-01,S,L,2671,120000.0,341298991.0
2004-06-01,T,F,35906,125000.0,5197040286.0
2004-06-01,T,L,4106,79997.5,401458596.0
2004-07-01,D,F,28708,237500.0,8073941200.0
2004-07-01,D,L,1233,185000.0,258039752.0
2004-07-01,F,F,861,128796.0,143949280.0
2004-07-01,F,L,23367,145000.0,4027557857.0
2004-07-01,O,L,1,33500.0,33500.0
2004-07-01,S,F,34647,150000.0,5930698938.0
2004-07-01,S,L,2937,125000.0,394376044.0
2004-07-01,T,F,38576,127000.0,5713795397.0
2004-07-01,T,L,4539,82500.0,444130042.0
2004-08-01,D,F,24951,244000.0,7192966794.0
2004-08-01,D,L,995,185000.0,222376387.0
2004-08-01,F,F,707,127500.0,115400098.0
2004-08-01,F,L,20356,147000.0,3508838829.0
2004-08-01,S,F,29476,155000.0,5166220911.0
2004-08-01,S,L,2471,127950.0,341338853.0
2004-08-01,T,F,32979,130000.0,4944088049.0
2004-08-01,T,L,3875,83750.0,395101280.0
2004-09-01,D,F,20789,245000.0,6044067105.0
2004-09-01,D,L,838,192000.0,190649514.0
2004-09-01,F,F,671,133000.0,116278268.0
2004-09-01,F,L,18980,147000.0,3315922378.0
2004-09-01,S,F,24443,155000.0,4299565400.0
2004-09-01,S,L,2098,129000.0,292324678.0
2004-09-01,T,F,28625,129500.0,4273520918.0
2004-09-01,T,L,3416,84000.0,358997358.0
2004-10-01,D,F,19131,242500.0,5438753435.0
2004-10-01,D,L,857,190000.0,178182233.0
2004-10-01,F,F,647,130000.0,106335356.0
2004-10-01,F,L,17862,144950.0,2995648927.0
2004-10-01,O,F,1,10000.0,10000.0
2004-10-01,S,F,23828,152000.0,4088934027.0
2004-10-01,S,L,2033,126000.0,274072416.0
2004-10-01,T,F,28083,127000.0,4055108634.0
2004-10-01,T,L,3503,80000.0,331745553.0
2004-11-01,D,F,16720,241250.0,4765000781.0
2004-11-01,D,L,717,195000.0,154303853.0
2004-11-01,F,F,518,123200.0,82844071.0
2004-11-01,F,L,16207,145000.0,2769513146.0
2004-11-01,O,F,1,22000.0,22000.0
2004-11-01,S,F,20764,153000.0,3550897158.0
2004-11-01,S,L,1789,128575.0,249792718.0
2004-11-01,T,F,24996,128000.0,3649050035.0
2004-11-01,T,L,3096,81258.0,300293599.0
2004-12-01,D,F,16932,242000.0,4817297195.0
2004-12-01,D,L,769,192500.0,161813777.0
2004-12-01,F,F,596,129972.5,100450707.0
2004-12-01,F,L,18331,148950.0,3192457380.0
2004-12-01,O,F,1,1200.0,1200.0
2004-12-01,S,F,20411,154000.0,3510615095.0
2004-12-01,S,L,1710,127000.0,231481311.0
2004-12-01,T,F,24286,129950.0,3608792687.0
2004-12-01,T,L,3041,83000.0,306900035.0
2005-01-01,D,F,10548,245000.0,3108244803.0
2005-01-01,D,L,429,195000.0,90500591.0
2005-01-01,F,F,395,128000.0,63002668.0
2005-01-01,F,L,11523,145000.0,1986150009.0
2005-01-01,O,L,1,130000.0,130000.0
2005-01-01,S,F,13949,152000.0,2403067427.0
2005-01-01,S,L,1107,125000.0,147224300.0
2005-01-01,T,F,16975,125000.0,2503094671.0
2005-01-01,T,L,2136,80000.0,207478661.0
2005-02-01,D,F,10856,240000.0,3089248585.0
2005-02-01,D,L,453,195000.0,104399414.0
2005-02-01,F,F,411,128000.0,62547767.0
2005-02-01,F,L,11871,145700.0,2018864423.0
2005-02-01,O,F,1,600000.0,600000.0
2005-02-01,S,F,14521,151920.0,2504281870.0
2005-02-01,S,L,1179,128500.0,157709731.0
2005-02-01,T,F,18186,125000.0,2655551967.0
2005-02-01,T,L,2209,80000.0,225280686.0
2005-03-01,D,F,13504,241250.0,3882194089.0
2005-03-01,D,L,570,195475.0,123295530.0
2005-03-01,F,F,499,126000.0,77694046.0
2005-03-01,F,L,14395,146000.0,2504246930.0
2005-03-01,S,F,17410,150000.0,2978698640.0
2005-03-01,S,L,1445,125000.0,194880438.0
2005-03-01,T,F,21662,125000.0,3224976115.0
2005-03-01,T,L,2608,82500.0,262758789.0
2005-04-01,D,F,15667,240000.0,4420792887.0
2005-04-01,D,L,617,199950.0,132479861.0
2005-04-01,F,F,487,125000.0,78048257.0
2005-04-01,F,L,15987,146950.0,2814921271.0
2005-04-01,O,F,2,2140.0,4280.0
2005-04-01,S,F,21230,150000.0,3597007458.0
2005-04-01,S,L,1751,127950.0,242263567.0
2005-04-01,T,F,25551,125000.0,3748335451.0
2005-04-01,T,L,3027,85000.0,318005361.0
2005-05-01,D,F,15832,245000.0,4567725915.0
2005-05-01,D,L,620,199725.0,131853557.0
2005-05-01,F,F,560,120000.0,85099315.0
2005-05-01,F,L,16066,149000.0,2833438616.0
2005-05-01,S,F,21731,154000.0,3786945356.0
2005-05-01,S,L,1711,128500.0,232016814.0
2005-05-01,T,F,25596,127950.0,3811455710.0
2005-05-01,T,L,3048,84500.0,301604047.0
2005-06-01,D,F,18880,245000.0,5448746406.0
2005-06-01,D,L,761,206500.0,176104633.0
2005-06-01,F,F,630,127500.0,97413682.0
2005-06-01,F,L,19657,148500.0,3447860064.0
2005-06-01,O,L,2,10500.0,21000.0
2005-06-01,S,F,24034,155000.0,4232826022.0
2005-06-01,S,L,1922,130000.0,265798608.0
2005-06-01,T,F,28743,132000.0,4440406293.0
2005-06-01,T,L,3198,88000.0,342498759.0
2005-07-01,D,F,20119,249000.0,6096486602.0
2005-07-01,D,L,836,200000.0,187245535.0
2005-07-01,F,F,611,130000.0,102855363.0
2005-07-01,F,L,18919,148000.0,3299484354.0
2005-07-01,S,F,26374,156500.0,4725897622.0
2005-07-01,S,L,2076,132000.0,301242056.0
2005-07-01,T,F,30496,132000.0,4789570787.0
2005-07-01,T,L,3418,89000.0,371413640.0
2005-08-01,D,F,20261,249995.0,6178872893.0
2005-08-01,D,L,736,199950.0,171006644.0
2005-08-01,F,F,553,132750.0,96339024.0
2005-08-01,F,L,18513,148950.0,3322250014.0
2005-08-01,O,F,1,450000.0,450000.0
2005-08-01,S,F,25932,159950.0,4700189083.0
2005-08-01,S,L,1942,130000.0,275467701.0
2005-08-01,T,F,29317,134950.0,4612526446.0
2005-08-01,T,L,3300,89000.0,353412946.0
2005-09-01,D,F,20251,249750.0,6093561990.0
2005-09-01,D,L,762,198500.0,174343721.0
2005-09-01,F,F,567,134995.0,93937929.0
2005-09-01,F,L,19484,148000.0,3436994791.0
2005-09-01,S,F,25901,157000.0,4653244689.0
2005-09-01,S,L,2005,130000.0,278616964.0
2005-09-01,T,F,29805,133000.0,4691810376.0
2005-09-01,T,L,3391,90000.0,371027995.0
2005-10-01,D,F,18534,247000.0,5478902158.0
2005-10-01,D,L,716,195000.0,158564567.0
2005-10-01,F,F,507,129950.0,81943549.0
2005-10-01,F,L,18133,147950.0,3140692727.0
2005-10-01,S,F,24135,156000.0,4276255703.0
2005-10-01,S,L,1812,131950.0,254405704.0
2005-10-01,T,F,27463,132500.0,4234023045.0
2005-10-01,T,L,2970,89950.0,314198595.0
2005-11-01,D,F,19223,249000.0,5713421873.0
2005-11-01,D,L,717,200000.0,160139849.0
2005-11-01,F,F,555,132000.0,86994091.0
2005-11-01,F,L,18587,149950.0,3289280124.0
2005-11-01,O,F,1,578305.0,578305.0
2005-11-01,S,F,24910,156000.0,4415625545.0
2005-11-01,S,L,1868,132000.0,264748979.0
2005-11-01,T,F,28306,133000.0,4392122271.0
2005-11-01,T,L,3114,89000.0,328342190.0
2005-12-01,D,F,21163,247000.0,6214967808.0
2005-12-01,D,L,833,200000.0,183040826.0
2005-12-01,F,F,597,132000.0,104692288.0
2005-12-01,F,L,22700,148000.0,3989940427.0
2005-12-01,O,F,1,475000.0,475000.0
2005-12-01,S,F,26905,157500.0,4787730514.0
2005-12-01,S,L,2102,130000.0,293235532.0
2005-12-01,T,F,30677,136750.0,4876056259.0
2005-12-01,T,L,3408,93000.0,373839248.0
2006-01-01,D,F,14561,249950.0,4460999081.0
2006-01-01,D,L,549,202500.0,124896763.0
2006-01-01,F,F,423,129950.0,68531591.0
2006-01-01,F,L,15378,149000.0,2783261319.0
2006-01-01,O,F,2,11625.0,23250.0
2006-01-01,O,L,1,2740000.0,2740000.0
2006-01-01,S,F,19496,156000.0,3499051260.0
2006-01-01,S,L,1490,130000.0,214164289.0
2006-01-01,T,F,23028,133000.0,3746454778.0
2006-01-01,T,L,2535,87000.0,269036236.0
2006-02-01,D,F,14833,245000.0,4385902632.0
2006-02-01,D,L,584,204997.5,130405689.0
2006-02-01,F,F,479,129000.0,82402877.0
2006-02-01,F,L,16586,150000.0,2922067959.0
2006-02-01,O,F,2,1742500.0,3485000.0
2006-02-01,S,F,20114,157000.0,3588188893.0
2006-02-01,S,L,1546,132000.0,217357218.0
2006-02-01,T,F,23736,131997.5,3706654607.0
2006-02-01,T,L,2673,88500.0,288380500.0
2006-03-01,D,F,19447,245500.0,5788264413.0
2006-03-01,D,L,829,199950.0,185233338.0
2006-03-01,F,F,575,134950.0,97376431.0
2006-03-01,F,L,21285,150000.0,3845814276.0
2006-03-01,O,L,1,75000.0,75000.0
2006-03-01,S,F,26821,156500.0,4777336985.0
2006-03-01,S,L,2105,130500.0,291890719.0
2006-03-01,T,F,31078,133500.0,4943472943.0
2006-03-01,T,L,3552,90000.0,391049500.0
2006-04-01,D,F,19048,249950.0,5749593140.0
2006-04-01,D,L,726,205000.0,176526698.0
2006-04-01,F,F,493,125000.0,81320502.0
2006-04-01,F,L,18576,150000.0,3450988784.0
2006-04-01,S,F,25100,158500.0,4548374617.0
2006-04-01,S,L,1843,135000.0,273468768.0
2006-04-01,T,F,28158,136000.0,4582101535.0
2006-04-01,T,L,3020,94500.0,341381221.0
2006-05-01,D,F,21003,249995.0,6352976312.0
2006-05-01,D,L,829,199950.0,180950554.0
2006-05-01,F,F,568,136000.0,100787609.0
2006-05-01,F,L,20519,150000.0,3777392412.0
2006-05-01,S,F,27516,160000.0,5028762415.0
2006-05-01,S,L,2173,135000.0,313409760.0
2006-05-01,T,F,31051,137000.0,5069039670.0
2006-05-01,T,L,3414,95000.0,386003720.0
2006-06-01,D,F,25427,249995.0,7764383692.0
2006-06-01,D,L,945,203500.0,212231649.0
2006-06-01,F,F,752,135000.0,133090224.0
2006-06-01,F,L,26050,152500.0,4815493078.0
2006-06-01,O,F,1,58500.0,58500.0
2006-06-01,S,F,31990,162500.0,5952285994.0
2006-06-01,S,L,2593,137500.0,384196703.0
2006-06-01,T,F,36434,140000.0,6102772577.0
2006-06-01,T,L,3912,98100.0,459103919.0
2006-07-01,D,F,24678,250000.0,7870802249.0
2006-07-01,D,L,877,215000.0,208302404.0
2006-07-01,F,F,595,143000.0,112534090.0
2006-07-01,F,L,22668,155000.0,4250196394.0
2006-07-01,O,L,1,57500.0,57500.0
2006-07-01,S,F,30802,166000.0,5939920347.0
2006-07-01,S,L,2318,139950.0,349452634.0
2006-07-01,T,F,33704,144000.0,5844412161.0
2006-07-01,T,L,3515,99000.0,421030481.0
2006-08-01,D,F,26840,267000.0,8745528382.0
2006-08-01,D,L,943,203000.0,226289836.0
2006-08-01,F,F,645,143000.0,132857747.0
2006-08-01,F,L,23603,155000.0,4451450056.0
2006-08-01,O,F,1,138000.0,138000.0
2006-08-01,S,F,32028,169950.0,6266122030.0
2006-08-01,S,L,2497,140000.0,378314088.0
2006-08-01,T,F,35411,145000.0,6156655875.0
2006-08-01,T,L,3751,98000.0,440343114.0
2006-09-01,D,F,24791,260000.0,7985437112.0
2006-09-01,D,L,937,218000.0,227036645.0
2006-09-01,F,F,652,137000.0,114519344.0
2006-09-01,F,L,23546,155000.0,4419699460.0
2006-09-01,O,F,2,816000.0,1632000.0
2006-09-01,O,L,1,47500.0,47500.0
2006-09-01,S,F,30665,165000.0,5886239963.0
2006-09-01,S,L,2424,139995.0,363589078.0
2006-09-01,T,F,34007,143500.0,5862504154.0
2006-09-01,T,L,3704,100000.0,454929626.0
2006-10-01,D,F,24231,255000.0,7666677740.0
2006-10-01,D,L,890,208250.0,206964494.0
2006-10-01,F,F,677,135000.0,117675976.0
2006-10-01,F,L,22594,155000.0,4253564063.0
2006-10-01,O,F,3,55000.0,502000.0
2006-10-01,O,L,1,171000.0,171000.0
2006-10-01,S,F,30190,166000.0,5769784320.0
2006-10-01,S,L,2325,141000.0,357845286.0
2006-10-01,T,F,33296,143500.0,5640984355.0
2006-10-01,T,L,3648,100000.0,444206888.0
2006-11-01,D,F,24236,260000.0,7766532398.0
2006-11-01,D,L,970,215000.0,234568250.0
2006-11-01,F,F,668,140000.0,122530428.0
2006-11-01,F,L,23816,156000.0,4479212750.0
2006-11-01,O,F,1,300000.0,300000.0
2006-11-01,O,L,2,59250.0,118500.0
2006-11-01,S,F,30482,165000.0,5797725358.0
2006-11-01,S,L,2329,142500.0,354664658.0
2006-11-01,T,F,33564,144000.0,5646327468.0
2006-11-01,T,L,3799,99950.0,446211843.0
2006-12-01,D,F,24913,250000.0,7796800468.0
2006-12-01,D,L,1065,215000.0,253386758.0
2006-12-01,F,F,683,140000.0,119320460.0
2006-12-01,F,L,27136,155000.0,5131927381.0
2006-12-01,O,F,2,3572481.0,7144962.0
2006-12-01,S,F,31710,167000.0,6071680550.0
2006-12-01,S,L,2473,143000.0,375869776.0
2006-12-01,T,F,35102,147000.0,6057429106.0
2006-12-01,T,L,3867,104000.0,473741212.0
2007-01-01,D,F,17058,265000.0,5641780689.0
2007-01-01,D,L,636,210000.0,153711445.0
2007-01-01,F,F,553,138500.0,107887527.0
2007-01-01,F,L,19148,159000.0,3753637020.0
2007-01-01,S,F,22436,168000.0,4374316115.0
2007-01-01,S,L,1762,139950.0,266148997.0
2007-01-01,T,F,26070,145000.0,4623872385.0
2007-01-01,T,L,2858,100000.0,349319478.0
2007-02-01,D,F,16750,262500.0,5403805163.0
2007-02-01,D,L,638,215000.0,158677707.0
2007-02-01,F,F,529,134950.0,100126560.0
2007-02-01,F,L,18687,157000.0,3604142864.0
2007-02-01,O,L,1,25000.0,25000.0
2007-02-01,S,F,22503,166000.0,4340748182.0
2007-02-01,S,L,1882,142500.0,289306067.0
2007-02-01,T,F,25581,145000.0,4421331397.0
2007-02-01,T,L,2888,100000.0,340280886.0
2007-03-01,D,F,20346,262500.0,6673234718.0
2007-03-01,D,L,854,204250.0,202307527.0
2007-03-01,F,F,650,144000.0,121949356.0
2007-03-01,F,L,23317,157000.0,4531740623.0
2007-03-01,O,F,2,142500.0,285000.0
2007-03-01,O,L,1,129250.0,129250.0
2007-03-01,S,F,27053,165000.0,5177706563.0
2007-03-01,S,L,2234,141000.0,336401154.0
2007-03-01,T,F,31550,143000.0,5437443741.0
2007-03-01,T,L,3751,101000.0,465678823.0
2007-04-01,D,F,18868,267000.0,6186488738.0
2007-04-01,D,L,690,210000.0,160583265.0
2007-04-01,F,F,565,141000.0,106759503.0
2007-04-01,F,L,19964,160000.0,3970716085.0
2007-04-01,O,F,2,73600.0,147200.0
2007-04-01,O,L,1,98000.0,98000.0
2007-04-01,S,F,24894,168000.0,4858878641.0
2007-04-01,S,L,1964,141000.0,300173796.0
2007-04-01,T,F,28463,146000.0,5043085784.0
2007-04-01,T,L,3049,104000.0,382412709.0
2007-05-01,D,F,21581,270000.0,7178978428.0
2007-05-01,D,L,782,213250.0,190873307.0
2007-05-01,F,F,652,147500.0,121379791.0
2007-05-01,F,L,23276,164406.0,4661406652.0
2007-05-01,O,L,4,28333.5,251167.0
2007-05-01,S,F,28233,170000.0,5591854828.0
2007-05-01,S,L,2262,144847.5,350706026.0
2007-05-01,T,F,31164,148500.0,5538816993.0
2007-05-01,T,L,3495,108000.0,439293795.0
2007-06-01,D,F,24514,272000.0,8168314138.0
2007-06-01,D,L,964,223497.5,237150688.0
2007-06-01,F,F,690,144950.0,135286370.0
2007-06-01,F,L,27949,163000.0,5501323599.0
2007-06-01,O,F,1,92500.0,92500.0
2007-06-01,O,L,1,244500.0,244500.0
2007-06-01,S,F,31515,173000.0,6305105929.0
2007-06-01,S,L,2479,147000.0,393331893.0
2007-06-01,T,F,35584,151500.0,6484771679.0
2007-06-01,T,L,3928,109950.0,502026437.0
2007-07-01,D,F,24044,280000.0,8443501525.0
2007-07-01,D,L,846,218250.0,205639126.0
2007-07-01,F,F,663,146000.0,127887586.0
2007-07-01,F,L,24508,164000.0,5017496249.0
2007-07-01,O,F,4,76900.0,541200.0
2007-07-01,O,L,2,309250.0,618500.0
2007-07-01,S,F,30495,177000.0,6388018112.0
2007-07-01,S,L,2440,147000.0,391763663.0
2007-07-01,T,F,33843,153500.0,6495714670.0
2007-07-01,T,L,3692,109000.0,480596903.0
2007-08-01,D,F,26480,285000.0,9313923801.0
2007-08-01,D,L,972,225500.0,248466390.0
2007-08-01,F,F,739,147950.0,139653199.0
2007-08-01,F,L,25201,165000.0,5147010794.0
2007-08-01,O,F,1,9500.0,9500.0
2007-08-01,O,L,3,25000.0,76000.0
2007-08-01,S,F,33065,179000.0,6968998592.0
2007-08-01,S,L,2498,149000.0,400129596.0
2007-08-01,T,F,35672,155000.0,6762570995.0
2007-08-01,T,L,3913,107000.0,496212498.0
2007-09-01,D,F,19844,287000.0,7128045260.0
2007-09-01,D,L,715,220000.0,177280660.0
2007-09-01,F,F,567,144210.0,106152444.0
2007-09-01,F,L,21553,165000.0,4460617492.0
2007-09-01,O,F,1,16918.0,16918.0
2007-09-01,O,L,1,9000.0,9000.0
2007-09-01,S,F,25329,175000.0,5275459492.0
2007-09-01,S,L,2057,149000.0,326293074.0
2007-09-01,T,F,28149,154000.0,5265848293.0
2007-09-01,T,L,3170,108000.0,421921863.0
2007-10-01,D,F,20590,285000.0,7281588072.0
2007-10-01,D,L,773,220000.0,205196783.0
2007-10-01,F,F,628,143347.5,111965206.0
2007-10-01,F,L,23547,165000.0,4720641334.0
2007-10-01,O,F,1,4000.0,4000.0
2007-10-01,S,F,26330,176565.0,5425737297.0
2007-10-01,S,L,2053,147000.0,325011014.0
2007-10-01,T,F,29125,154000.0,5392015477.0
2007-10-01,T,L,3160,110000.0,407079387.0
2007-11-01,D,F,20050,280000.0,6843957134.0
2007-11-01,D,L,780,224750.0,199714827.0
2007-11-01,F,F,591,145000.0,113666299.0
2007-11-01,F,L,22327,164950.0,4413564493.0
2007-11-01,O,F,4,40800.0,182600.0
2007-11-01,O,L,2,65800.0,131600.0
2007-11-01,S,F,26403,175000.0,5371583345.0
2007-11-01,S,L,2322,147000.0,362784907.0
2007-11-01,T,F,28598,150362.5,5251409174.0
2007-11-01,T,L,3357,109000.0,425062983.0
2007-12-01,D,F,15826,275000.0,5330394676.0
2007-12-01,D,L,767,230000.0,201896166.0
2007-12-01,F,F,488,145000.0,82572067.0
2007-12-01,F,L,20031,159995.0,3919521499.0
2007-12-01,O,L,6,370500.0,1826000.0
2007-12-01,S,F,20117,175000.0,4054133580.0
2007-12-01,S,L,1750,147000.0,273326415.0
2007-12-01,T,F,22812,155000.0,4120913069.0
2007-12-01,T,L,2738,111500.0,354440736.0
2008-01-01,D,F,10779,280000.0,3805038312.0
2008-01-01,D,L,421,210000.0,104141394.0
2008-01-01,F,F,423,132000.0,79839107.0
2008-01-01,F,L,13756,162000.0,2799015789.0
2008-01-01,O,F,2,79575.0,159150.0
2008-01-01,S,F,14377,174000.0,2950362058.0
2008-01-01,S,L,1183,141000.0,182683207.0
2008-01-01,T,F,16799,149995.0,3122800564.0
2008-01-01,T,L,1984,108000.0,252751017.0
2008-02-01,D,F,11012,275000.0,3775688672.0
2008-02-01,D,L,427,210000.0,106127547.0
2008-02-01,F,F,375,148500.0,68182418.0
2008-02-01,F,L,14574,161000.0,2906794107.0
2008-02-01,O,L,4,9500.0,1774000.0
2008-02-01,S,F,15605,170000.0,3126319333.0
2008-02-01,S,L,1333,145000.0,205121228.0
2008-02-01,T,F,18147,145000.0,3209316940.0
2008-02-01,T,L,2218,105000.0,285853288.0
2008-03-01,D,F,10962,272000.0,3767447251.0
2008-03-01,D,L,490,222625.0,128173607.0
2008-03-01,F,F,369,141500.0,63791803.0
2008-03-01,F,L,13803,160000.0,2724229492.0
2008-03-01,O,F,2,145110.0,290220.0
2008-03-01,O,L,2,115000.0,230000.0
2008-03-01,S,F,14506,170000.0,2883346097.0
2008-03-01,S,L,1193,140000.0,186172687.0
2008-03-01,T,F,16919,148000.0,3023929716.0
2008-03-01,T,L,1997,105000.0,246256480.0
2008-04-01,D,F,11927,275000.0,4138293317.0
2008-04-01,D,L,499,230000.0,128694354.0
2008-04-01,F,F,368,144100.0,64746416.0
2008-04-01,F,L,14462,160638.0,2918904958.0
2008-04-01,O,F,1,140227.0,140227.0
2008-04-01,S,F,15852,170000.0,3164972552.0
2008-04-01,S,L,1328,139950.0,199165643.0
2008-04-01,T,F,18248,147500.0,3297163584.0
2008-04-01,T,L,2120,105000.0,256942482.0
2008-05-01,D,F,12710,270500.0,4323960783.0
2008-05-01,D,L,476,220000.0,116107718.0
2008-05-01,F,F,397,145000.0,70165649.0
2008-05-01,F,L,14395,163000.0,2946025155.0
2008-05-01,O,F,1,20000.0,20000.0
2008-05-01,S,F,16996,170000.0,3413404502.0
2008-05-01,S,L,1387,143000.0,214584171.0
2008-05-01,T,F,18800,148375.0,3402552796.0
2008-05-01,T,L,2101,106000.0,266282715.0
2008-06-01,D,F,11608,270000.0,3923842933.0
2008-06-01,D,L,484,229725.0,118480941.0
2008-06-01,F,F,369,140000.0,65068742.0
2008-06-01,F,L,13970,159995.0,2842875710.0
2008-06-01,O,F,3,23275.0,487225.0
2008-06-01,S,F,14820,170000.0,2959991940.0
2008-06-01,S,L,1193,140000.0,184514354.0
2008-06-01,T,F,16655,150000.0,3041647939.0
2008-06-01,T,L,1887,109300.0,241151717.0
2008-07-01,D,F,11099,277500.0,3940071136.0
2008-07-01,D,L,423,225995.0,110554078.0
2008-07-01,F,F,326,138750.0,59927147.0
2008-07-01,F,L,11646,160000.0,2333553339.0
2008-07-01,O,F,1,322500.0,322500.0
2008-07-01,S,F,13747,170000.0,2815184095.0
2008-07-01,S,L,1111,140000.0,169413892.0
2008-07-01,T,F,14591,146000.0,2779860580.0
2008-07-01,T,L,1598,105000.0,196183410.0
2008-08-01,D,F,10685,270000.0,3727298198.0
2008-08-01,D,L,355,222000.0,86067503.0
2008-08-01,F,F,279,135000.0,52270285.0
2008-08-01,F,L,10094,158612.5,2008491302.0
2008-08-01,O,F,2,31594.5,63189.0
2008-08-01,S,F,12932,169000.0,2593329303.0
2008-08-01,S,L,983,134500.0,145143021.0
2008-08-01,T,F,13176,145000.0,2365602417.0
2008-08-01,T,L,1400,105000.0,179688486.0
2008-09-01,D,F,8920,264500.0,3073721736.0
2008-09-01,D,L,357,214995.0,86653843.0
2008-09-01,F,F,267,135000.0,47584469.0
2008-09-01,F,L,9119,150000.0,1781594217.0
2008-09-01,O,L,1,25000.0,25000.0
2008-09-01,S,F,10773,164000.0,2086776382.0
2008-09-01,S,L,860,131000.0,122729288.0
2008-09-01,T,F,11538,143000.0,2072570361.0
2008-09-01,T,L,1390,100000.0,168439937.0
2008-10-01,D,F,9798,250000.0,3250469165.0
2008-10-01,D,L,344,215000.0,82416033.0
2008-10-01,F,F,277,130000.0,49215099.0
2008-10-01,F,L,9390,147150.0,1748346629.0
2008-10-01,O,F,1,4958.0,4958.0
2008-10-01,S,F,12088,160000.0,2307093182.0
2008-10-01,S,L,930,135000.0,134626711.0
2008-10-01,T,F,12510,137000.0,2079643875.0
2008-10-01,T,L,1427,100000.0,173857300.0
2008-11-01,D,F,7982,249950.0,2501172687.0
2008-11-01,D,L,298,210000.0,68056808.0
2008-11-01,F,F,210,130500.0,34964905.0
2008-11-01,F,L,7614,144500.0,1414847678.0
2008-11-01,O,F,2,33616.5,67233.0
2008-11-01,S,F,9672,155224.0,1741214353.0
2008-11-01,S,L,750,133000.0,107144743.0
2008-11-01,T,F,10103,135000.0,1664369786.0
2008-11-01,T,L,1136,95000.0,130168899.0
2008-12-01,D,F,8591,245000.0,2629676767.0
2008-12-01,D,L,366,207975.0,82583092.0
2008-12-01,F,F,252,130000.0,38583536.0
2008-12-01,F,L,9097,140500.0,1579732238.0
2008-12-01,O,F,1,250000.0,250000.0
2008-12-01,O,L,1,6800.0,6800.0
2008-12-01,S,F,10282,156750.0,1870371221.0
2008-12-01,S,L,836,130000.0,116255828.0
2008-12-01,T,F,10847,139000.0,1767025926.0
2008-12-01,T,L,1295,100000.0,156924612.0
2009-01-01,D,F,5943,249995.0,1916719270.0
2009-01-01,D,L,221,189000.0,48233889.0
2009-01-01,F,F,159,130000.0,27073349.0
2009-01-01,F,L,5360,141000.0,978608883.0
2009-01-01,O,F,1,276000.0,276000.0
2009-01-01,S,F,7097,155000.0,1290762986.0
2009-01-01,S,L,531,125000.0,73609725.0
2009-01-01,T,F,7370,131500.0,1188173080.0
2009-01-01,T,L,825,97000.0,96509017.0
2009-02-01,D,F,6062,240000.0,1794342471.0
2009-02-01,D,L,194,215000.0,45882742.0
2009-02-01,F,F,149,132500.0,23319517.0
2009-02-01,F,L,5632,141850.0,1010219810.0
2009-02-01,O,F,1,247532.0,247532.0
2009-02-01,S,F,7355,152000.0,1316473405.0
2009-02-01,S,L,554,124050.0,77795217.0
2009-02-01,T,F,7700,133625.0,1256537944.0
2009-02-01,T,L,762,95000.0,85330724.0
2009-03-01,D,F,7705,237000.0,2268692851.0
2009-03-01,D,L,278,190000.0,59913626.0
2009-03-01,F,F,219,126995.0,38939172.0
2009-03-01,F,L,7514,138000.0,1327718303.0
2009-03-01,O,F,1,19000.0,19000.0
2009-03-01,S,F,9797,150000.0,1717396026.0
2009-03-01,S,L,711,125000.0,94904244.0
2009-03-01,T,F,10154,130000.0,1608825973.0
2009-03-01,T,L,1057,92500.0,116880521.0
2009-04-01,D,F,9313,240000.0,2734712814.0
2009-04-01,D,L,313,190000.0,69893781.0
2009-04-01,F,F,225,128500.0,36945280.0
2009-04-01,F,L,7377,140000.0,1364317116.0
2009-04-01,S,F,10981,150000.0,1928809109.0
2009-04-01,S,L,756,127000.0,105756901.0
2009-04-01,T,F,10939,135000.0,1798194461.0
2009-04-01,T,L,1065,93500.0,130085192.0
2009-05-01,D,F,10661,240000.0,3150033844.0
2009-05-01,D,L,334,190000.0,70444596.0
2009-05-01,F,F,200,132000.0,35988236.0
2009-05-01,F,L,8293,145000.0,1551449042.0
2009-05-01,O,L,2,57495.0,114990.0
2009-05-01,S,F,12881,155000.0,2316380633.0
2009-05-01,S,L,887,128000.0,118959384.0
2009-05-01,T,F,12357,140000.0,2075002109.0
2009-05-01,T,L,1162,95000.0,138621704.0
2009-06-01,D,F,12289,243000.0,3698258846.0
2009-06-01,D,L,415,197000.0,98820598.0
2009-06-01,F,F,314,125000.0,57192499.0
2009-06-01,F,L,10203,145000.0,1948560321.0
2009-06-01,O,L,1,650000.0,650000.0
2009-06-01,S,F,14518,157500.0,2625219480.0
2009-06-01,S,L,1013,132500.0,145679647.0
2009-06-01,T,F,14212,141000.0,2463764772.0
2009-06-01,T,L,1346,100000.0,168026241.0
2009-07-01,D,F,15336,250000.0,4874200067.0
2009-07-01,D,L,508,204997.5,121817275.0
2009-07-01,F,F,295,145000.0,58230395.0
2009-07-01,F,L,10838,150000.0,2153736228.0
2009-07-01,O,F,2,102560.5,205121.0
2009-07-01,O,L,1,50312.0,50312.0
2009-07-01,S,F,17534,162850.0,3344219972.0
2009-07-01,S,L,1178,134000.0,174990432.0
2009-07-01,T,F,16813,145000.0,3099291247.0
2009-07-01,T,L,1446,100000.0,185401376.0
2009-08-01,D,F,14714,250000.0,4745443661.0
2009-08-01,D,L,421,205152.0,105495373.0
2009-08-01,F,F,240,139975.0,50106149.0
2009-08-01,F,L,9883,156000.0,2000264061.0
2009-08-01,O,F,1,100000.0,100000.0
2009-08-01,O,L,17,93092.0,1579472.0
2009-08-01,S,F,16058,165000.0,3165572526.0
2009-08-01,S,L,1108,135000.0,164197662.0
2009-08-01,T,F,15278,148500.0,2843298944.0
2009-08-01,T,L,1382,100000.0,177537158.0
2009-09-01,D,F,14298,250000.0,4633305943.0
2009-09-01,D,L,386,200000.0,92254274.0
2009-09-01,F,F,266,138500.0,48178479.0
2009-09-01,F,L,10865,156000.0,2264540367.0
2009-09-01,O,F,2,47637.5,95275.0
2009-09-01,O,L,2,11450.0,22900.0
2009-09-01,S,F,15797,165000.0,3107108117.0
2009-09-01,S,L,1002,135000.0,158942842.0
2009-09-01,T,F,15223,149000.0,2866069830.0
2009-09-01,T,L,1418,104975.0,195483495.0
2009-10-01,D,F,16012,250000.0,5156103342.0
2009-10-01,D,L,516,210000.0,131507919.0
2009-10-01,F,F,298,135000.0,55957819.0
2009-10-01,F,L,11631,155000.0,2385792437.0
2009-10-01,O,F,1,120000.0,120000.0
2009-10-01,O,L,2,14040.0,28080.0
2009-10-01,S,F,18058,165000.0,3513253821.0
2009-10-01,S,L,1210,138000.0,188258647.0
2009-10-01,T,F,17276,148000.0,3170724100.0
2009-10-01,T,L,1579,105000.0,206835290.0
2009-11-01,D,F,14647,250000.0,4755292574.0
2009-11-01,D,L,469,210000.0,119863090.0
2009-11-01,F,F,267,130000.0,44153374.0
2009-11-01,F,L,11367,156000.0,2318406855.0
2009-11-01,S,F,16528,167500.0,3249524543.0
2009-11-01,S,L,1114,135000.0,169348140.0
2009-11-01,T,F,16053,150000.0,2963075746.0
2009-11-01,T,L,1470,100000.0,183417200.0
2009-12-01,D,F,17321,247500.0,5286675826.0
2009-12-01,D,L,591,200000.0,147253180.0
2009-12-01,F,F,344,144500.0,59856818.0
2009-12-01,F,L,15188,155000.0,2959129007.0
2009-12-01,O,L,2,6000.0,12000.0
2009-12-01,S,F,21506,163000.0,4081579562.0
2009-12-01,S,L,1476,140000.0,224118003.0
2009-12-01,T,F,21052,153000.0,3886457458.0
2009-12-01,T,L,1963,112000.0,253866364.0
2010-01-01,D,F,8349,285000.0,2963395065.0
2010-01-01,D,L,260,215500.0,83138399.0
2010-01-01,F,F,166,155000.0,31230627.0
2010-01-01,F,L,7381,177500.0,1722883764.0
2010-01-01,O,F,1,365000.0,365000.0
2010-01-01,O,L,1,50000.0,50000.0
2010-01-01,S,F,9099,182000.0,1967539293.0
2010-01-01,S,L,566,130000.0,87294024.0
2010-01-01,T,F,9533,150000.0,2008662732.0
2010-01-01,T,L,970,94250.0,122598004.0
2010-02-01,D,F,9724,270000.0,3278415413.0
2010-02-01,D,L,342,223050.5,103859189.0
2010-02-01,F,F,191,141000.0,35609137.0
2010-02-01,F,L,8368,160000.0,1760207492.0
2010-02-01,S,F,11118,170375.5,2273805885.0
2010-02-01,S,L,724,134975.0,109673682.0
2010-02-01,T,F,11342,150000.0,2178655778.0
2010-02-01,T,L,1173,101500.0,166279008.0
2010-03-01,D,F,11565,263000.0,3866069108.0
2010-03-01,D,L,381,214995.0,98078374.0
2010-03-01,F,F,247,125000.0,40212284.0
2010-03-01,F,L,10299,157500.0,2156960154.0
2010-03-01,O,F,1,1165065.0,1165065.0
2010-03-01,O,L,1,7000.0,7000.0
2010-03-01,S,F,13520,166500.0,2690249555.0
2010-03-01,S,L,913,136000.0,137816744.0
2010-03-01,T,F,13878,148000.0,2670372189.0
2010-03-01,T,L,1356,96000.0,174454474.0
2010-04-01,D,F,12103,257000.0,4001208415.0
2010-04-01,D,L,404,220000.0,103566320.0
2010-04-01,F,F,244,140000.0,46060490.0
2010-04-01,F,L,9790,162500.0,2145501620.0
2010-04-01,O,L,2,11000.0,22000.0
2010-04-01,S,F,13915,167500.0,2776160902.0
2010-04-01,S,L,936,136000.0,140515788.0
2010-04-01,T,F,14197,149990.0,2716900343.0
2010-04-01,T,L,1314,98000.0,172874343.0
2010-05-01,D,F,11964,262000.0,3943248837.0
2010-05-01,D,L,437,219950.0,113704018.0
2010-05-01,F,F,249,140000.0,42932925.0
2010-05-01,F,L,10001,165000.0,2144083245.0
2010-05-01,O,F,1,6000.0,6000.0
2010-05-01,O,L,4,44625.0,167250.0
2010-05-01,S,F,14086,170000.0,2837813424.0
2010-05-01,S,L,930,137000.0,145927048.0
2010-05-01,T,F,13842,151500.0,2618996352.0
2010-05-01,T,L,1294,100000.0,165570373.0
2010-06-01,D,F,14912,265000.0,5004527941.0
2010-06-01,D,L,493,220000.0,150751683.0
2010-06-01,F,F,358,144975.0,64987224.0
2010-06-01,F,L,11880,168000.0,2668613454.0
2010-06-01,O,F,2,67800.0,135600.0
2010-06-01,O,L,1,43333.0,43333.0
2010-06-01,S,F,16533,170000.0,3394329697.0
2010-06-01,S,L,1071,138000.0,165997688.0
2010-06-01,T,F,16771,155000.0,3259435911.0
2010-06-01,T,L,1530,110000.0,226076947.0
2010-07-01,D,F,16387,278463.0,5822403789.0
2010-07-01,D,L,559,232500.0,171981138.0
2010-07-01,F,F,266,143000.0,53021028.0
2010-07-01,F,L,11621,170000.0,2658149547.0
2010-07-01,O,F,3,25000.0,620000.0
2010-07-01,O,L,1,25000.0,25000.0
2010-07-01,S,F,18705,175000.0,3979022228.0
2010-07-01,S,L,1241,138000.0,206796706.0
2010-07-01,T,F,17684,155000.0,3715554696.0
2010-07-01,T,L,1714,105000.0,236898669.0
2010-08-01,D,F,15271,281000.0,5451342995.0
2010-08-01,D,L,488,215000.0,142352625.0
2010-08-01,F,F,282,140000.0,53734505.0
2010-08-01,F,L,10660,167000.0,2365984820.0
2010-08-01,S,F,16714,176250.0,3595679480.0
2010-08-01,S,L,1112,144000.0,182847603.0
2010-08-01,T,F,16164,158000.0,3334174998.0
2010-08-01,T,L,1532,105000.0,214618545.0
2010-09-01,D,F,13940,277000.0,4927498951.0
2010-09-01,D,L,433,225000.0,139035868.0
2010-09-01,F,F,234,150000.0,50523809.0
2010-09-01,F,L,10880,170000.0,2465453123.0
2010-09-01,O,F,6,39375.0,406634.0
2010-09-01,O,L,1,41000.0,41000.0
2010-09-01,S,F,15150,174950.0,3227331436.0
2010-09-01,S,L,996,139000.0,155207704.0
2010-09-01,T,F,15111,155000.0,3023965552.0
2010-09-01,T,L,1454,106905.0,195067150.0
2010-10-01,D,F,14061,270000.0,4805772021.0
2010-10-01,D,L,429,225000.0,122125950.0
2010-10-01,F,F,290,135150.0,51667672.0
2010-10-01,F,L,10293,165000.0,2234334712.0
2010-10-01,O,F,2,100000.0,200000.0
2010-10-01,O,L,3,183300.0,661894.0
2010-10-01,S,F,16036,170000.0,3278480991.0
2010-10-01,S,L,1066,136000.0,166812192.0
2010-10-01,T,F,15730,150000.0,3072787081.0
2010-10-01,T,L,1451,100000.0,200939809.0
2010-11-01,D,F,13562,260000.0,4578450202.0
2010-11-01,D,L,422,214975.0,131781920.0
2010-11-01,F,F,247,139000.0,48115525.0
2010-11-01,F,L,10121,164000.0,2176865057.0
2010-11-01,O,F,1,301650.0,301650.0
2010-11-01,O,L,3,25000.0,555000.0
2010-11-01,S,F,15176,168000.0,3025042698.0
2010-11-01,S,L,1007,134000.0,158152660.0
2010-11-01,T,F,15003,150000.0,2881834235.0
2010-11-01,T,L,1480,102500.0,214395957.0
2010-12-01,D,F,13294,255000.0,4410663326.0
2010-12-01,D,L,507,220000.0,139420459.0
2010-12-01,F,F,276,129997.5,47771806.0
2010-12-01,F,L,10634,162330.0,2355568805.0
2010-12-01,O,F,3,90000.0,242500.0
2010-12-01,O,L,2,228375.0,456750.0
2010-12-01,S,F,15104,166500.0,3022457392.0
2010-12-01,S,L,1093,135000.0,162991794.0
2010-12-01,T,F,15224,149000.0,2899471754.0
2010-12-01,T,L,1480,102000.0,190891306.0
2011-01-01,D,F,8254,270000.0,2865966376.0
2011-01-01,D,L,314,219000.0,92639285.0
2011-01-01,F,F,167,125000.0,28447388.0
2011-01-01,F,L,7329,170000.0,1710769862.0
2011-01-01,O,F,5,250164.0,1718353.0
2011-01-01,S,F,9980,167000.0,2064044757.0
2011-01-01,S,L,679,132500.0,106926463.0
2011-01-01,T,F,10391,147500.0,2105200291.0
2011-01-01,T,L,1018,98000.0,142505269.0
2011-02-01,D,F,8750,250000.0,2917711031.0
2011-02-01,D,L,290,199472.5,81384692.0
2011-02-01,F,F,174,131500.0,31256024.0
2011-02-01,F,L,7690,160000.0,1709356967.0
2011-02-01,O,F,3,40000.0,510000.0
2011-02-01,S,F,10457,163000.0,2108160469.0
2011-02-01,S,L,676,128000.0,100889226.0
2011-02-01,T,F,11007,145000.0,2091047563.0
2011-02-01,T,L,1053,100000.0,144143360.0
2011-03-01,D,F,10176,250000.0,3564993176.0
2011-03-01,D,L,373,205000.0,91109730.0
2011-03-01,F,F,210,130000.0,44484838.0
2011-03-01,F,L,8925,160000.0,2050542425.0
2011-03-01,O,F,2,85500.0,171000.0
2011-03-01,S,F,12434,160000.0,2499474078.0
2011-03-01,S,L,874,130000.0,129817890.0
2011-03-01,T,F,12966,142500.0,2564309068.0
2011-03-01,T,L,1387,94000.0,168150764.0
2011-04-01,D,F,11641,250000.0,3999861573.0
2011-04-01,D,L,356,205000.0,83011848.0
2011-04-01,F,F,210,129000.0,38890532.0
2011-04-01,F,L,9048,164000.0,2116870468.0
2011-04-01,O,F,2,300000.0,600000.0
2011-04-01,O,L,1,100.0,100.0
2011-04-01,S,F,13852,162500.0,2776555480.0
2011-04-01,S,L,892,136125.0,137397074.0
2011-04-01,T,F,14035,148000.0,2880707111.0
2011-04-01,T,L,1281,100000.0,168746614.0
2011-05-01,D,F,11081,250000.0,3495187602.0
2011-05-01,D,L,359,210000.0,86034166.0
2011-05-01,F,F,206,139995.0,33921613.0
2011-05-01,F,L,8751,165000.0,1896296633.0
2011-05-01,O,L,2,82263.5,164527.0
2011-05-01,S,F,13526,165000.0,2634198465.0
2011-05-01,S,L,902,130575.0,131409018.0
2011-05-01,T,F,13460,145500.0,2469466281.0
2011-05-01,T,L,1262,98000.0,159578552.0
2011-06-01,D,F,13122,250000.0,4224943957.0
2011-06-01,D,L,456,202475.0,104814945.0
2011-06-01,F,F,248,140000.0,40032339.0
2011-06-01,F,L,10818,165000.0,2399005477.0
2011-06-01,O,F,7,160000.0,2655823.0
2011-06-01,O,L,2,9000.0,18000.0
2011-06-01,S,F,15479,165000.0,3058501540.0
2011-06-01,S,L,1019,134000.0,147373116.0
2011-06-01,T,F,15709,147950.0,2964118473.0
2011-06-01,T,L,1521,100000.0,189566778.0
2011-07-01,D,F,14942,264000.0,5115848673.0
2011-07-01,D,L,467,205000.0,124496493.0
2011-07-01,F,F,249,144395.0,47662825.0
2011-07-01,F,L,10831,168000.0,2478779204.0
2011-07-01,O,F,3,100000.0,255000.0
2011-07-01,O,L,2,11583.0,23166.0
2011-07-01,S,F,17009,170000.0,3582388890.0
2011-07-01,S,L,1123,135000.0,169408983.0
2011-07-01,T,F,16889,151500.0,3432067240.0
2011-07-01,T,L,1477,100000.0,189798089.0
2011-08-01,D,F,15932,270000.0,5521473598.0
2011-08-01,D,L,414,215000.0,102157479.0
2011-08-01,F,F,248,128975.0,57002912.0
2011-08-01,F,L,10930,167660.0,2493003496.0
2011-08-01,O,F,5,249950.0,1111950.0
2011-08-01,S,F,17850,168461.0,3728692571.0
2011-08-01,S,L,1125,135000.0,174852793.0
2011-08-01,T,F,17076,154050.0,3498506013.0
2011-08-01,T,L,1489,99950.0,197295786.0
2011-09-01,D,F,15278,262750.0,5253012873.0
2011-09-01,D,L,448,199972.5,107455072.0
2011-09-01,F,F,268,135000.0,54092101.0
2011-09-01,F,L,11271,165000.0,2559591028.0
2011-09-01,O,F,3,310000.0,1442000.0
2011-09-01,O,L,3,176400.0,619214.0
2011-09-01,S,F,17394,165000.0,3553876855.0
2011-09-01,S,L,1174,134000.0,179316537.0
2011-09-01,T,F,16913,150000.0,3405333567.0
2011-09-01,T,L,1492,104725.0,204453879.0
2011-10-01,D,F,13920,250000.0,4631950364.0
2011-10-01,D,L,428,212500.0,100390075.0
2011-10-01,F,F,223,135000.0,42002752.0
2011-10-01,F,L,10304,162000.0,2253627806.0
2011-10-01,O,F,2,262500.0,525000.0
2011-10-01,O,L,6,150000.0,1212500.0
2011-10-01,S,F,15744,165000.0,3148354892.0
2011-10-01,S,L,1043,129950.0,152202567.0
2011-10-01,T,F,15524,148750.0,2979226262.0
2011-10-01,T,L,1386,99995.0,184496576.0
2011-11-01,D,F,14223,250000.0,4672701299.0
2011-11-01,D,L,454,210000.0,109312998.0
2011-11-01,F,F,235,131000.0,46975889.0
2011-11-01,F,L,10902,162500.0,2398206696.0
2011-11-01,O,F,3,230000.0,810000.0
2011-11-01,O,L,3,3361680.0,6731860.0
2011-11-01,S,F,16375,165000.0,3273745360.0
2011-11-01,S,L,1083,128700.0,157610598.0
2011-11-01,T,F,16309,148000.0,3080782973.0
2011-11-01,T,L,1418,99000.0,183691925.0
2011-12-01,D,F,14797,250000.0,4722326704.0
2011-12-01,D,L,519,209700.0,125933753.0
2011-12-01,F,F,295,128000.0,51117508.0
2011-12-01,F,L,11634,160000.0,2538832583.0
2011-12-01,O,F,1,200000.0,200000.0
2011-12-01,O,L,8,44500.0,664000.0
2011-12-01,S,F,17259,165000.0,3393896552.0
2011-12-01,S,L,1097,132000.0,166001766.0
2011-12-01,T,F,17202,150000.0,3245671908.0
2011-12-01,T,L,1521,102000.0,202318804.0
2012-01-01,D,F,9911,250000.0,3232938629.0
2012-01-01,D,L,321,207500.0,77630822.0
2012-01-01,F,F,178,128750.0,35821648.0
2012-01-01,F,L,8205,167500.0,1876929635.0
2012-01-01,O,F,5,250000.0,2234500.0
2012-01-01,O,L,1,1590395.0,1590395.0
2012-01-01,S,F,11883,165000.0,2420144199.0
2012-01-01,S,L,727,133000.0,109390051.0
2012-01-01,T,F,12008,148351.5,2371553320.0
2012-01-01,T,L,1053,96995.0,135682207.0
2012-02-01,D,F,9822,250000.0,3188133014.0
2012-02-01,D,L,324,205000.0,73486134.0
2012-02-01,F,F,162,130000.0,27178144.0
2012-02-01,F,L,8615,165000.0,1926550729.0
2012-02-01,O,F,3,4000.0,142000.0
2012-02-01,O,L,1,35906.0,35906.0
2012-02-01,S,F,11939,166500.0,2416289745.0
2012-02-01,S,L,789,131000.0,116835413.0
2012-02-01,T,F,12544,149950.0,2434005600.0
2012-02-01,T,L,1121,100000.0,151981434.0
2012-03-01,D,F,12765,245000.0,3974882240.0
2012-03-01,D,L,501,200000.0,113141576.0
2012-03-01,F,F,221,132000.0,33825921.0
2012-03-01,F,L,12103,170000.0,2612037632.0
2012-03-01,O,F,6,437500.0,8542500.0
2012-03-01,O,L,6,290207.0,42876530.0
2012-03-01,S,F,16224,165000.0,3226879557.0
2012-03-01,S,L,1008,135000.0,150464989.0
2012-03-01,T,F,17599,155000.0,3348271577.0
2012-03-01,T,L,1480,109000.0,198011496.0
2012-04-01,D,F,10267,262000.0,3432955445.0
2012-04-01,D,L,391,207000.0,90525975.0
2012-04-01,F,F,153,119995.0,21886008.0
2012-04-01,F,L,7973,165000.0,1876401313.0
2012-04-01,O,F,8,720000.0,8296245.0
2012-04-01,O,L,4,88014.0,391028.0
2012-04-01,S,F,11136,161500.0,2227584164.0
2012-04-01,S,L,715,133000.0,109711716.0
2012-04-01,T,F,12179,144995.0,2484260386.0
2012-04-01,T,L,957,94000.0,119583441.0
2012-05-01,D,F,12573,250000.0,4133512376.0
2012-05-01,D,L,410,210000.0,96080272.0
2012-05-01,F,F,181,126000.0,29457988.0
2012-05-01,F,L,9605,168000.0,2332500260.0
2012-05-01,O,F,7,165000.0,8183093.0
2012-05-01,O,L,2,585000.0,1170000.0
2012-05-01,S,F,13882,165000.0,2824634067.0
2012-05-01,S,L,801,135000.0,118280733.0
2012-05-01,T,F,14355,150000.0,2872815338.0
2012-05-01,T,L,1204,100000.0,155537701.0
2012-06-01,D,F,14429,250000.0,4759229365.0
2012-06-01,D,L,543,212500.0,126826914.0
2012-06-01,F,F,217,135000.0,38913529.0
2012-06-01,F,L,10724,170000.0,2612141226.0
2012-06-01,O,F,5,140000.0,901300.0
2012-06-01,O,L,4,142000.0,863000.0
2012-06-01,S,F,15459,165000.0,3157246181.0
2012-06-01,S,L,1058,135000.0,159817832.0
2012-06-01,T,F,16652,155000.0,3462541108.0
2012-06-01,T,L,1303,110000.0,198112423.0
2012-07-01,D,F,14594,265000.0,5061171420.0
2012-07-01,D,L,446,212750.0,102197053.0
2012-07-01,F,F,166,149725.0,30229352.0
2012-07-01,F,L,10608,175000.0,2653871928.0
2012-07-01,O,F,8,154500.0,10635500.0
2012-07-01,O,L,4,408998.0,4349996.0
2012-07-01,S,F,15371,170000.0,3289621658.0
2012-07-01,S,L,946,136750.0,147766377.0
2012-07-01,T,F,16280,157000.0,3536197183.0
2012-07-01,T,L,1291,105000.0,195571327.0
2012-08-01,D,F,16551,270000.0,5729062813.0
2012-08-01,D,L,489,219950.0,125369478.0
2012-08-01,F,F,158,140976.0,24160984.0
2012-08-01,F,L,11322,170000.0,2708899138.0
2012-08-01,O,F,5,70000.0,361708.0
2012-08-01,O,L,2,434999.5,869999.0
2012-08-01,S,F,17111,170000.0,3623539806.0
2012-08-01,S,L,1125,135000.0,170747348.0
2012-08-01,T,F,17528,158000.0,3753657949.0
2012-08-01,T,L,1336,106500.0,191241644.0
2012-09-01,D,F,12831,265000.0,4400855708.0
2012-09-01,D,L,434,210000.0,104182944.0
2012-09-01,F,F,165,138000.0,26817141.0
2012-09-01,F,L,10010,177987.5,2446273453.0
2012-09-01,O,F,6,157500.0,1022000.0
2012-09-01,O,L,7,50000.0,781079.0
2012-09-01,S,F,13438,170000.0,2834666627.0
2012-09-01,S,L,867,137000.0,129501680.0
2012-09-01,T,F,14473,156000.0,3094359808.0
2012-09-01,T,L,1134,109475.0,152459962.0
2012-10-01,D,F,14674,251373.5,4852478412.0
2012-10-01,D,L,486,210000.0,111850894.0
2012-10-01,F,F,206,124975.0,31677124.0
2012-10-01,F,L,10493,170000.0,2539686374.0
2012-10-01,O,F,9,185000.0,2895330.0
2012-10-01,O,L,9,55000.0,699500.0
2012-10-01,S,F,15356,168500.0,3185367282.0
2012-10-01,S,L,985,134950.0,149452248.0
2012-10-01,T,F,16007,154304.0,3247735487.0
2012-10-01,T,L,1371,107000.0,197577913.0
2012-11-01,D,F,15504,250000.0,5053235367.0
2012-11-01,D,L,532,205000.0,120690665.0
2012-11-01,F,F,180,130000.0,27610764.0
2012-11-01,F,L,11268,167500.0,2701909551.0
2012-11-01,O,F,7,315000.0,2437286.0
2012-11-01,O,L,2,70000.0,140000.0
2012-11-01,S,F,16898,165000.0,3435233013.0
2012-11-01,S,L,1098,135000.0,160982627.0
2012-11-01,T,F,17405,151000.0,3440116563.0
2012-11-01,T,L,1433,109000.0,201599778.0
2012-12-01,D,F,13485,250000.0,4370441307.0
2012-12-01,D,L,519,215000.0,127181001.0
2012-12-01,F,F,195,135000.0,29391036.0
2012-12-01,F,L,10450,165000.0,2545753032.0
2012-12-01,O,F,16,324000.0,14429083.0
2012-12-01,O,L,9,125000.0,2247154.0
2012-12-01,S,F,14588,165000.0,2957168434.0
2012-12-01,S,L,992,135250.0,148996772.0
2012-12-01,T,F,15369,154000.0,3084212694.0
2012-12-01,T,L,1321,109500.0,187283515.0
2013-01-01,D,F,9932,262500.0,3381937433.0
2013-01-01,D,L,324,200875.0,74427765.0
2013-01-01,F,F,121,125000.0,20417520.0
2013-01-01,F,L,8453,175000.0,2133525645.0
2013-01-01,O,F,16,396000.0,10978474.0
2013-01-01,O,L,5,57000.0,1164166.0
2013-01-01,S,F,10949,169000.0,2306364681.0
2013-01-01,S,L,716,135000.0,112211276.0
2013-01-01,T,F,12018,151000.0,2502244044.0
2013-01-01,T,L,978,100000.0,134457278.0
2013-02-01,D,F,10054,250000.0,3288183833.0
2013-02-01,D,L,356,210000.0,84418479.0
2013-02-01,F,F,137,140000.0,22620379.0
2013-02-01,F,L,8781,165000.0,2129676907.0
2013-02-01,O,F,4,280705.0,1441409.0
2013-02-01,O,L,3,67868.0,262868.0
2013-02-01,S,F,11572,164000.0,2315025744.0
2013-02-01,S,L,739,132000.0,107377643.0
2013-02-01,T,F,12640,150000.0,2550060065.0
2013-02-01,T,L,1074,100000.0,157466405.0
2013-03-01,D,F,12556,250000.0,4151314656.0
2013-03-01,D,L,468,215000.0,112842752.0
2013-03-01,F,F,199,130000.0,29937024.0
2013-03-01,F,L,10394,172500.0,2495157921.0
2013-03-01,O,F,26,212500.0,11474347.0
2013-03-01,O,L,8,50000.0,15650777.0
2013-03-01,S,F,13935,164000.0,2781717986.0
2013-03-01,S,L,962,130000.0,141751595.0
2013-03-01,T,F,15020,150000.0,2995833196.0
2013-03-01,T,L,1373,107500.0,204575564.0
2013-04-01,D,F,11521,250000.0,3882541805.0
2013-04-01,D,L,418,204050.0,96720261.0
2013-04-01,F,F,175,130000.0,31515135.0
2013-04-01,F,L,9963,170000.0,2528793392.0
2013-04-01,O,F,23,250000.0,24014327.0
2013-04-01,O,L,17,120000.0,2135313.0
2013-04-01,S,F,12993,165000.0,2705511721.0
2013-04-01,S,L,857,133000.0,131875974.0
2013-04-01,T,F,14118,150000.0,2899017651.0
2013-04-01,T,L,1187,107000.0,166182810.0
2013-05-01,D,F,15260,250000.0,4951279389.0
2013-05-01,D,L,557,208995.0,130030780.0
2013-05-01,F,F,210,138210.5,33932994.0
2013-05-01,F,L,12230,175000.0,3069665676.0
2013-05-01,O,F,41,240000.0,23563714.0
2013-05-01,O,L,9,147000.0,5056296.0
2013-05-01,S,F,17306,165000.0,3521559210.0
2013-05-01,S,L,1159,132000.0,172217092.0
2013-05-01,T,F,18402,152500.0,3716152922.0
2013-05-01,T,L,1555,107500.0,235685453.0
2013-06-01,D,F,15893,259995.0,5284843157.0
2013-06-01,D,L,638,220459.0,155787954.0
2013-06-01,F,F,229,133000.0,42345939.0
2013-06-01,F,L,12518,174972.5,3069256637.0
2013-06-01,O,F,51,340000.0,70439750.0
2013-06-01,O,L,22,109000.0,4253162.0
2013-06-01,S,F,16765,168000.0,3518324427.0
2013-06-01,S,L,1187,138995.0,177579464.0
2013-06-01,T,F,17992,155997.5,3766616041.0
2013-06-01,T,L,1503,115000.0,232695336.0
2013-07-01,D,F,17824,268999.5,6208987860.0
2013-07-01,D,L,574,215000.0,139841425.0
2013-07-01,F,F,191,139995.0,35514930.0
2013-07-01,F,L,13625,180000.0,3573505983.0
2013-07-01,O,F,138,202500.0,258495715.0
2013-07-01,O,L,32,323500.0,32295022.0
2013-07-01,S,F,19170,174000.0,4176064171.0
2013-07-01,S,L,1266,137300.0,207517879.0
2013-07-01,T,F,19974,159995.0,4489624602.0
2013-07-01,T,L,1576,106000.0,231551419.0
2013-08-01,D,F,19630,272000.0,6884612237.0
2013-08-01,D,L,631,205000.0,148771236.0
2013-08-01,F,F,230,136000.0,44674069.0
2013-08-01,F,L,14433,177000.0,3678913206.0
2013-08-01,O,F,212,266900.0,368256693.0
2013-08-01,O,L,50,110000.0,43897407.0
2013-08-01,S,F,20691,175000.0,4563450987.0
2013-08-01,S,L,1391,139950.0,216696025.0
2013-08-01,T,F,21520,160125.0,4729283428.0
2013-08-01,T,L,1680,115000.0,261114430.0
2013-09-01,D,F,17071,272400.0,5938661274.0
2013-09-01,D,L,618,215000.0,149997614.0
2013-09-01,F,F,218,146250.0,42847760.0
2013-09-01,F,L,13830,179950.0,3680599765.0
2013-09-01,O,F,414,282500.0,548039051.0
2013-09-01,O,L,108,200500.0,503130481.0
2013-09-01,S,F,17915,174000.0,3910258391.0
2013-09-01,S,L,1215,139950.0,187337277.0
2013-09-01,T,F,18971,159995.0,4197083724.0
2013-09-01,T,L,1596,112250.0,232237254.0
2013-10-01,D,F,19214,270000.0,6581107377.0
2013-10-01,D,L,619,219000.0,150077286.0
2013-10-01,F,F,232,134475.0,39807887.0
2013-10-01,F,L,15236,175000.0,3810912593.0
2013-10-01,O,F,781,310000.0,1518647679.0
2013-10-01,O,L,173,179950.0,453416947.0
2013-10-01,S,F,20230,172000.0,4321792269.0
2013-10-01,S,L,1338,140000.0,205843194.0
2013-10-01,T,F,21826,156500.0,4601751400.0
2013-10-01,T,L,1812,103000.0,246461419.0
2013-11-01,D,F,20374,261000.0,6847690762.0
2013-11-01,D,L,740,214950.0,178231579.0
2013-11-01,F,F,241,135000.0,44220635.0
2013-11-01,F,L,16550,173000.0,4232392405.0
2013-11-01,O,F,800,377750.0,2077498822.0
2013-11-01,O,L,183,169086.0,439023022.0
2013-11-01,S,F,22079,169000.0,4643676075.0
2013-11-01,S,L,1502,136000.0,229736407.0
2013-11-01,T,F,23735,154000.0,4881042366.0
2013-11-01,T,L,2015,109000.0,283340306.0
2013-12-01,D,F,19570,264950.0,6530505495.0
2013-12-01,D,L,796,210000.0,190028136.0
2013-12-01,F,F,300,133997.5,49858284.0
2013-12-01,F,L,16340,174000.0,4254354729.0
2013-12-01,O,F,886,424000.0,2342451939.0
2013-12-01,O,L,211,180000.0,656411551.0
2013-12-01,S,F,20681,172000.0,4328343019.0
2013-12-01,S,L,1475,140000.0,233666958.0
2013-12-01,T,F,22872,157317.5,4821152138.0
2013-12-01,T,L,1894,107250.0,278121408.0
2014-01-01,D,F,15316,271000.0,5398343648.0
2014-01-01,D,L,561,210000.0,137185282.0
2014-01-01,F,F,202,134500.0,33819210.0
2014-01-01,F,L,14057,177000.0,3703110536.0
2014-01-01,O,F,826,315000.0,1539346407.0
2014-01-01,O,L,159,175000.0,563090450.0
2014-01-01,S,F,17069,170000.0,3686181563.0
2014-01-01,S,L,1076,135000.0,168230326.0
2014-01-01,T,F,19219,154950.0,4161794081.0
2014-01-01,T,L,1576,103600.0,229253862.0
2014-02-01,D,F,15063,270000.0,5158799085.0
2014-02-01,D,L,587,210000.0,157710457.0
2014-02-01,F,F,213,130000.0,32749619.0
2014-02-01,F,L,14093,173000.0,3646193325.0
2014-02-01,O,F,624,320000.0,840432179.0
2014-02-01,O,L,154,160000.0,395972293.0
2014-02-01,S,F,16845,170000.0,3606996007.0
2014-02-01,S,L,1217,135000.0,187750944.0
2014-02-01,T,F,19106,155000.0,4015912075.0
2014-02-01,T,L,1670,103000.0,238095556.0
2014-03-01,D,F,15501,265500.0,5243265290.0
2014-03-01,D,L,666,212747.5,161111666.0
2014-03-01,F,F,235,138000.0,41385552.0
2014-03-01,F,L,15159,173000.0,3897719841.0
2014-03-01,O,F,974,312000.0,1366038185.0
2014-03-01,O,L,239,211000.0,655423405.0
2014-03-01,S,F,17211,166500.0,3581809310.0
2014-03-01,S,L,1313,139000.0,203812793.0
2014-03-01,T,F,19984,154000.0,4214384964.0
2014-03-01,T,L,1918,105325.0,269463908.0
2014-04-01,D,F,16787,273000.0,5876778646.0
2014-04-01,D,L,661,216000.0,160100214.0
2014-04-01,F,F,220,140000.0,39354464.0
2014-04-01,F,L,15335,180000.0,4175526808.0
2014-04-01,O,F,763,325000.0,1524751492.0
2014-04-01,O,L,180,150000.0,314564740.0
2014-04-01,S,F,18010,172000.0,3916841944.0
2014-04-01,S,L,1306,140000.0,205028120.0
2014-04-01,T,F,20378,156000.0,4390560695.0
2014-04-01,T,L,1857,105000.0,273496987.0
2014-05-01,D,F,18321,269000.0,6320603016.0
2014-05-01,D,L,746,219995.0,180855970.0
2014-05-01,F,F,264,140750.0,59793851.0
2014-05-01,F,L,16369,176950.0,4469090223.0
2014-05-01,O,F,789,338000.0,1752547949.0
2014-05-01,O,L,196,181250.0,308430263.0
2014-05-01,S,F,20173,170000.0,4294410110.0
2014-05-01,S,L,1470,140000.0,243389061.0
2014-05-01,T,F,22761,156000.0,4886954950.0
2014-05-01,T,L,1953,110000.0,266220089.0
2014-06-01,D,F,19924,275000.0,6943830651.0
2014-06-01,D,L,897,220000.0,223334109.0
2014-06-01,F,F,324,140500.0,62296682.0
2014-06-01,F,L,17468,180000.0,5090062098.0
2014-06-01,O,F,894,350000.0,1589874638.0
2014-06-01,O,L,239,172500.0,392313399.0
2014-06-01,S,F,20823,175000.0,4541187192.0
2014-06-01,S,L,1527,143995.0,235361519.0
2014-06-01,T,F,23170,160000.0,5027371618.0
2014-06-01,T,L,2023,115000.0,288739878.0
2014-07-01,D,F,20977,285000.0,7860417323.0
2014-07-01,D,L,744,219950.0,191792580.0
2014-07-01,F,F,237,139000.0,42799045.0
2014-07-01,F,L,17800,182500.0,4901208541.0
2014-07-01,O,F,837,391000.0,1393737469.0
2014-07-01,O,L,225,207882.0,326635309.0
2014-07-01,S,F,21435,178000.0,4914513536.0
2014-07-01,S,L,1449,140000.0,231421170.0
2014-07-01,T,F,24645,164000.0,5718358838.0
2014-07-01,T,L,2039,112000.0,315336322.0
2014-08-01,D,F,22003,290000.0,8243032181.0
2014-08-01,D,L,822,223000.0,211404230.0
2014-08-01,F,F,254,145000.0,50145659.0
2014-08-01,F,L,17757,180000.0,4618842821.0
2014-08-01,O,F,771,348000.0,1967079679.0
2014-08-01,O,L,197,215000.0,471886881.0
2014-08-01,S,F,22671,180000.0,5202467249.0
2014-08-01,S,L,1581,145000.0,264657753.0
2014-08-01,T,F,25145,166050.0,5815366082.0
2014-08-01,T,L,2137,115000.0,350173588.0
2014-09-01,D,F,19331,290000.0,7161297746.0
2014-09-01,D,L,748,225000.0,188209816.0
2014-09-01,F,F,261,142000.0,50441560.0
2014-09-01,F,L,16820,184000.0,4591370136.0
2014-09-01,O,F,807,410000.0,1368900455.0
2014-09-01,O,L,208,169975.0,236829860.0
2014-09-01,S,F,20404,182000.0,4674581208.0
2014-09-01,S,L,1441,143000.0,232702777.0
2014-09-01,T,F,22349,165000.0,5032865660.0
2014-09-01,T,L,1947,117000.0,305194866.0
2014-10-01,D,F,20801,285000.0,7559688370.0
2014-10-01,D,L,832,215000.0,203086215.0
2014-10-01,F,F,296,147500.0,55616483.0
2014-10-01,F,L,18020,180000.0,4954643575.0
2014-10-01,O,F,746,330000.0,1288021168.0
2014-10-01,O,L,221,217500.0,260251085.0
2014-10-01,S,F,22532,178000.0,5038821302.0
2014-10-01,S,L,1667,145000.0,272980375.0
2014-10-01,T,F,25081,163000.0,5489570721.0
2014-10-01,T,L,2108,115000.0,356709165.0
2014-11-01,D,F,17818,282500.0,6401266320.0
2014-11-01,D,L,732,225000.0,183290877.0
2014-11-01,F,F,272,146997.5,50085593.0
2014-11-01,F,L,15556,175000.0,3872043281.0
2014-11-01,O,F,795,325000.0,1664166431.0
2014-11-01,O,L,217,195000.0,305435607.0
2014-11-01,S,F,18854,180000.0,4228776560.0
2014-11-01,S,L,1494,145000.0,242104175.0
2014-11-01,T,F,21554,162500.0,4623545115.0
2014-11-01,T,L,1802,112627.5,267168060.0
2014-12-01,D,F,19181,284000.0,6834921474.0
2014-12-01,D,L,890,216500.0,234035609.0
2014-12-01,F,F,349,150000.0,76205992.0
2014-12-01,F,L,16720,178000.0,4438881391.0
2014-12-01,O,F,991,500000.0,2192336456.0
2014-12-01,O,L,298,250000.0,791700793.0
2014-12-01,S,F,19938,179950.0,4417553789.0
2014-12-01,S,L,1497,143000.0,244357458.0
2014-12-01,T,F,22892,165000.0,4945234799.0
2014-12-01,T,L,2086,115000.0,331521917.0
2015-01-01,D,F,13137,289995.0,4873576089.0
2015-01-01,D,L,542,220000.0,136158701.0
2015-01-01,F,F,205,149995.0,48358016.0
2015-01-01,F,L,12906,182525.0,3499044379.0
2015-01-01,O,F,839,350000.0,1112385029.0
2015-01-01,O,L,269,230000.0,812262559.0
2015-01-01,S,F,14558,180000.0,3384211870.0
2015-01-01,S,L,1073,145000.0,179104994.0
2015-01-01,T,F,17279,164000.0,3905866789.0
2015-01-01,T,L,1475,110000.0,215659397.0
2015-02-01,D,F,13292,285000.0,4787250498.0
2015-02-01,D,L,555,220000.0,138413385.0
2015-02-01,F,F,192,148125.0,33685170.0
2015-02-01,F,L,13513,179500.0,3566826097.0
2015-02-01,O,F,791,378000.0,1317262181.0
2015-02-01,O,L,259,225000.0,309456901.0
2015-02-01,S,F,14918,179950.0,3386711690.0
2015-02-01,S,L,1123,141500.0,178991900.0
2015-02-01,T,F,17419,161500.0,3793238432.0
2015-02-01,T,L,1612,110995.0,245949684.0
2015-03-01,D,F,15533,282500.0,5517505457.0
2015-03-01,D,L,721,226000.0,189089605.0
2015-03-01,F,F,248,149950.0,47594411.0
2015-03-01,F,L,15413,181000.0,4020811215.0
2015-03-01,O,F,1389,384000.0,2418357896.0
2015-03-01,O,L,382,209348.0,849502557.0
2015-03-01,S,F,17207,175000.0,3823404737.0
2015-03-01,S,L,1337,140000.0,210132945.0
2015-03-01,T,F,20111,159000.0,4326873827.0
2015-03-01,T,L,1866,110000.0,295311181.0
2015-04-01,D,F,15146,289000.0,5476088055.0
2015-04-01,D,L,701,228000.0,180648454.0
2015-04-01,F,F,218,152500.0,42801334.0
2015-04-01,F,L,14346,187500.0,4079090145.0
2015-04-01,O,F,1214,380000.0,1745764220.0
2015-04-01,O,L,360,224500.0,458019755.0
2015-04-01,S,F,16179,178000.0,3660900938.0
2015-04-01,S,L,1165,146000.0,186830156.0
2015-04-01,T,F,19306,162500.0,4268549185.0
2015-04-01,T,L,1684,113000.0,252321364.0
2015-05-01,D,F,17504,285000.0,6228040855.0
2015-05-01,D,L,755,227000.0,191405977.0
2015-05-01,F,F,237,150000.0,55378051.0
2015-05-01,F,L,15779,185000.0,4338878905.0
2015-05-01,O,F,1032,310000.0,1545937811.0
2015-05-01,O,L,349,160050.0,370143762.0
2015-05-01,S,F,19148,177100.0,4227904299.0
2015-05-01,S,L,1493,147000.0,240442728.0
2015-05-01,T,F,21920,162000.0,4733714085.0
2015-05-01,T,L,2007,111500.0,303555912.0
2015-06-01,D,F,21294,295000.0,7815004223.0
2015-06-01,D,L,1098,230000.0,285213159.0
2015-06-01,F,F,306,144950.0,51767757.0
2015-06-01,F,L,18499,187000.0,5014376272.0
2015-06-01,O,F,1265,381000.0,2349381036.0
2015-06-01,O,L,367,165000.0,753701638.0
2015-06-01,S,F,21368,182500.0,4870870031.0
2015-06-01,S,L,1693,152000.0,284733540.0
2015-06-01,T,F,24351,170000.0,5484112109.0
2015-06-01,T,L,2357,119500.0,369531382.0
2015-07-01,D,F,22697,300000.0,8695158561.0
2015-07-01,D,L,948,235000.0,250216934.0
2015-07-01,F,F,289,140000.0,53882816.0
2015-07-01,F,L,19415,190250.0,5553098805.0
2015-07-01,O,F,1450,480836.5,3250286567.0
2015-07-01,O,L,426,212000.0,672260866.0
2015-07-01,S,F,23612,185000.0,5646948536.0
2015-07-01,S,L,1763,149950.0,296098982.0
2015-07-01,T,F,26787,170000.0,6341421361.0
2015-07-01,T,L,2384,115000.0,373294990.0
2015-08-01,D,F,21559,305000.0,8331339819.0
2015-08-01,D,L,864,234972.5,230994178.0
2015-08-01,F,F,280,147500.0,49995988.0
2015-08-01,F,L,17339,195000.0,4749759050.0
2015-08-01,O,F,1193,400000.0,1834086270.0
2015-08-01,O,L,316,181000.0,392848140.0
2015-08-01,S,F,21547,188000.0,5161436817.0
2015-08-01,S,L,1606,152000.0,275228119.0
2015-08-01,T,F,24223,175000.0,5862173242.0
2015-08-01,T,L,2052,120000.0,334169910.0
2015-09-01,D,F,20730,310000.0,8026490555.0
2015-09-01,D,L,908,234850.0,248932598.0
2015-09-01,F,F,233,143320.0,46635046.0
2015-09-01,F,L,17885,195000.0,5014329254.0
2015-09-01,O,F,1372,426437.0,1918708411.0
2015-09-01,O,L,414,185000.0,710817503.0
2015-09-01,S,F,20889,188000.0,5082351744.0
2015-09-01,S,L,1593,154000.0,274141589.0
2015-09-01,T,F,23550,174000.0,5571656331.0
2015-09-01,T,L,2097,120000.0,349569452.0
2015-10-01,D,F,22520,300000.0,8513006274.0
2015-10-01,D,L,1025,235000.0,265929450.0
2015-10-01,F,F,279,148500.0,61816803.0
2015-10-01,F,L,19286,194500.0,5272475893.0
2015-10-01,O,F,1250,400000.0,1908196824.0
2015-10-01,O,L,375,170000.0,437148366.0
2015-10-01,S,F,23400,185600.0,5541494589.0
2015-10-01,S,L,1805,152000.0,305597868.0
2015-10-01,T,F,26459,172000.0,6099185366.0
2015-10-01,T,L,2457,117000.0,374994697.0
2015-11-01,D,F,20530,300872.5,7805749429.0
2015-11-01,D,L,1003,234995.0,259118587.0
2015-11-01,F,F,243,150000.0,48972961.0
2015-11-01,F,L,17832,195000.0,4923345982.0
2015-11-01,O,F,1201,347500.0,1716180804.0
2015-11-01,O,L,370,150000.0,641043123.0
2015-11-01,S,F,21321,187000.0,5104896487.0
2015-11-01,S,L,1666,150000.0,279131820.0
2015-11-01,T,F,23484,171500.0,5453470181.0
2015-11-01,T,L,2198,117500.0,345239284.0
2015-12-01,D,F,21495,300000.0,7937201270.0
2015-12-01,D,L,1233,230000.0,321228668.0
2015-12-01,F,F,322,157750.0,60513557.0
2015-12-01,F,L,19195,195000.0,5631212082.0
2015-12-01,O,F,1425,450000.0,3106782785.0
2015-12-01,O,L,510,176500.0,1111070666.0
2015-12-01,S,F,21859,188950.0,5184324141.0
2015-12-01,S,L,1896,157000.0,336353239.0
2015-12-01,T,F,24719,172000.0,5707892818.0
2015-12-01,T,L,2337,120000.0,397827634.0
2016-01-01,D,F,14558,306000.0,5634846391.0
2016-01-01,D,L,696,232995.0,181797084.0
2016-01-01,F,F,187,152500.0,38203012.0
2016-01-01,F,L,14498,199995.0,4197535040.0
2016-01-01,O,F,1046,395000.0,1933071473.0
2016-01-01,O,L,332,164000.0,430096030.0
2016-01-01,S,F,16030,189500.0,3938719223.0
2016-01-01,S,L,1148,152250.0,195177034.0
2016-01-01,T,F,18445,172500.0,4509751709.0
2016-01-01,T,L,1628,115000.0,294121736.0
2016-02-01,D,F,15865,300000.0,6004129115.0
2016-02-01,D,L,774,235000.0,207850430.0
2016-02-01,F,F,211,150000.0,37198574.0
2016-02-01,F,L,16135,195000.0,4480240826.0
2016-02-01,O,F,1037,345000.0,1316187411.0
2016-02-01,O,L,356,133667.5,330287304.0
2016-02-01,S,F,17309,188500.0,4117217395.0
2016-02-01,S,L,1350,153000.0,234984548.0
2016-02-01,T,F,20177,170000.0,4717411498.0
2016-02-01,T,L,1886,110500.0,278117555.0
2016-03-01,D,F,26753,312000.0,10833009777.0
2016-03-01,D,L,1380,240000.0,384164237.0
2016-03-01,F,F,523,152500.0,111237676.0
2016-03-01,F,L,37973,194995.0,11030413405.0
2016-03-01,O,F,1780,312500.0,2030878203.0
2016-03-01,O,L,674,129000.0,565190320.0
2016-03-01,S,F,28441,189950.0,7129368548.0
2016-03-01,S,L,2188,151025.0,386169460.0
2016-03-01,T,F,39118,168000.0,9431801619.0
2016-03-01,T,L,3580,111000.0,644052620.0
2016-04-01,D,F,13379,295000.0,4864740188.0
2016-04-01,D,L,803,245000.0,218386558.0
2016-04-01,F,F,179,152500.0,34867716.0
2016-04-01,F,L,10832,200000.0,3212938427.0
2016-04-01,O,F,1264,335000.0,1537183076.0
2016-04-01,O,L,482,149500.0,306717041.0
2016-04-01,S,F,14376,185000.0,3333075337.0
2016-04-01,S,L,1194,157000.0,202621080.0
2016-04-01,T,F,15356,170000.0,3413672991.0
2016-04-01,T,L,1533,120000.0,217016001.0
2016-05-01,D,F,15234,300000.0,5525712671.0
2016-05-01,D,L,870,240000.0,234111426.0
2016-05-01,F,F,203,150000.0,38233216.0
2016-05-01,F,L,12702,203897.5,3693185006.0
2016-05-01,O,F,1484,352750.0,1741554643.0
2016-05-01,O,L,548,147499.5,515660758.0
2016-05-01,S,F,16542,189000.0,3881044305.0
2016-05-01,S,L,1357,157000.0,245658383.0
2016-05-01,T,F,17635,175000.0,4064460386.0
2016-05-01,T,L,1671,119000.0,244249808.0
2016-06-01,D,F,19462,313000.0,7423160015.0
2016-06-01,D,L,1240,239972.5,326200889.0
2016-06-01,F,F,224,155750.0,47378431.0
2016-06-01,F,L,16019,210000.0,4734405627.0
2016-06-01,O,F,2004,286141.5,2347910137.0
2016-06-01,O,L,801,117000.0,715175392.0
2016-06-01,S,F,19911,195000.0,4847515092.0
2016-06-01,S,L,1800,160000.0,325718543.0
2016-06-01,T,F,21089,177500.0,4919270524.0
2016-06-01,T,L,2198,128050.0,356027748.0
2016-07-01,D,F,19925,315000.0,7778298315.0
2016-07-01,D,L,1030,243100.0,288192472.0
2016-07-01,F,F,262,152500.0,63605024.0
2016-07-01,F,L,16452,205244.0,4637243280.0
2016-07-01,O,F,2045,270000.0,2128834298.0
2016-07-01,O,L,797,75000.0,391093943.0
2016-07-01,S,F,21403,193000.0,5258451939.0
2016-07-01,S,L,1667,155000.0,296080595.0
2016-07-01,T,F,22433,180000.0,5409334671.0
2016-07-01,T,L,2173,118000.0,335315674.0
2016-08-01,D,F,20878,319995.0,8200433222.0
2016-08-01,D,L,1012,255000.0,287248153.0
2016-08-01,F,F,252,165000.0,62486951.0
2016-08-01,F,L,17466,200000.0,4651308061.0
2016-08-01,O,F,2199,270000.0,2025439161.0
2016-08-01,O,L,1307,87759.0,645651057.0
2016-08-01,S,F,21602,199950.0,5351180361.0
2016-08-01,S,L,1823,157950.0,329018188.0
2016-08-01,T,F,22986,182000.0,5532663913.0
2016-08-01,T,L,2160,120000.0,328662699.0
2016-09-01,D,F,19578,320000.0,7820883758.0
2016-09-01,D,L,1077,250000.0,300977904.0
2016-09-01,F,F,315,173495.0,72188087.0
2016-09-01,F,L,16132,198625.0,4541795276.0
2016-09-01,O,F,3730,285000.0,4469566139.0
2016-09-01,O,L,1907,79950.0,1004018368.0
2016-09-01,S,F,21315,195000.0,5242681623.0
2016-09-01,S,L,1727,155000.0,301403992.0
2016-09-01,T,F,21169,178000.0,5000948454.0
2016-09-01,T,L,2215,121500.0,356667479.0
2016-10-01,D,F,18117,318000.0,7105350971.0
2016-10-01,D,L,923,245000.0,259648965.0
2016-10-01,F,F,319,162500.0,77665699.0
2016-10-01,F,L,15360,210000.0,4524134072.0
2016-10-01,O,F,3994,256500.0,4076063833.0
2016-10-01,O,L,1465,92000.0,981672741.0
2016-10-01,S,F,19811,192000.0,4797071426.0
2016-10-01,S,L,1634,155000.0,284230198.0
2016-10-01,T,F,20079,175000.0,4626660294.0
2016-10-01,T,L,2090,115000.0,324772782.0
2016-11-01,D,F,18882,315000.0,7399936307.0
2016-11-01,D,L,1057,240000.0,289956041.0
2016-11-01,F,F,313,170000.0,76611385.0
2016-11-01,F,L,15964,204000.0,4569839588.0
2016-11-01,O,F,4187,265000.0,4606021077.0
2016-11-01,O,L,2011,51450.0,1288566387.0
2016-11-01,S,F,20620,194997.5,4992992109.0
2016-11-01,S,L,1738,155250.0,307227814.0
2016-11-01,T,F,20912,175000.0,4822685813.0
2016-11-01,T,L,2138,117000.0,363215436.0
2016-12-01,D,F,20389,318500.0,7934942318.0
2016-12-01,D,L,1283,244995.0,358741094.0
2016-12-01,F,F,353,165000.0,79458010.0
2016-12-01,F,L,17026,210000.0,5302889355.0
2016-12-01,O,F,4275,300000.0,5247140803.0
2016-12-01,O,L,1587,100000.0,1395400246.0
2016-12-01,S,F,21893,195000.0,5339998665.0
2016-12-01,S,L,1918,160000.0,348280979.0
2016-12-01,T,F,22196,178000.0,5355319395.0
2016-12-01,T,L,2517,120000.0,415382974.0
2017-01-01,D,F,13890,323000.0,5651910625.0
2017-01-01,D,L,671,245000.0,190070194.0
2017-01-01,F,F,245,175000.0,72455367.0
2017-01-01,F,L,12663,203000.0,3741760635.0
2017-01-01,O,F,3480,280000.0,3494382170.0
2017-01-01,O,L,1336,88297.5,870414316.0
2017-01-01,S,F,15682,199950.0,3941744204.0
2017-01-01,S,L,1260,155000.0,226101051.0
2017-01-01,T,F,16816,175000.0,4040304782.0
2017-01-01,T,L,1632,114100.0,263575800.0
2017-02-01,D,F,14164,320000.0,5647208393.0
2017-02-01,D,L,647,250000.0,187988207.0
2017-02-01,F,F,249,159995.0,50655778.0
2017-02-01,F,L,13360,202000.0,3872789369.0
2017-02-01,O,F,3210,280000.0,3228953061.0
2017-02-01,O,L,1118,116666.0,961745600.0
2017-02-01,S,F,16024,198000.0,3957670563.0
2017-02-01,S,L,1336,152500.0,230322231.0
2017-02-01,T,F,17172,175000.0,4046935735.0
2017-02-01,T,L,1698,115000.0,271550399.0
2017-03-01,D,F,16037,315000.0,6377619989.0
2017-03-01,D,L,796,240000.0,217887337.0
2017-03-01,F,F,332,163000.0,76930648.0
2017-03-01,F,L,14237,200000.0,4131695542.0
2017-03-01,O,F,4181,300000.0,4519859763.0
2017-03-01,O,L,1315,110000.0,1438579334.0
2017-03-01,S,F,19192,193625.0,4733191937.0
2017-03-01,S,L,1551,155000.0,284952653.0
2017-03-01,T,F,20460,170000.0,4775019520.0
2017-03-01,T,L,2084,112000.0,308574951.0
2017-04-01,D,F,13886,322500.0,5693868990.0
2017-04-01,D,L,584,239222.5,160759995.0
2017-04-01,F,F,268,162500.0,60469872.0
2017-04-01,F,L,10494,200000.0,3153196496.0
2017-04-01,O,F,2972,298497.5,3495923050.0
2017-04-01,O,L,839,125000.0,685344931.0
2017-04-01,S,F,15834,195000.0,3911573463.0
2017-04-01,S,L,1165,159950.0,209984695.0
2017-04-01,T,F,16840,172500.0,4080831681.0
2017-04-01,T,L,1555,110000.0,310100661.0
2017-05-01,D,F,13627,315000.0,5422601642.0
2017-05-01,D,L,572,230000.0,148039597.0
2017-05-01,F,F,258,170000.0,65545811.0
2017-05-01,F,L,9607,200000.0,2717782742.0
2017-05-01,O,F,2734,285000.0,3188300365.0
2017-05-01,O,L,756,105000.0,565442824.0
2017-05-01,S,F,16303,197000.0,4047839652.0
2017-05-01,S,L,1203,155000.0,223819987.0
2017-05-01,T,F,17216,175000.0,4009486510.0
2017-05-01,T,L,1646,110000.0,237494457.0
2017-06-01,D,F,6723,322500.0,2698039123.0
2017-06-01,D,L,215,235000.0,64310671.0
2017-06-01,F,F,115,172000.0,31640550.0
2017-06-01,F,L,4144,195000.0,1181759758.0
2017-06-01,O,F,1227,240000.0,784093488.0
2017-06-01,O,L,305,98000.0,192168394.0
2017-06-01,S,F,7809,200000.0,1992671641.0
2017-06-01,S,L,499,165000.0,93812688.0
2017-06-01,T,F,8138,176000.0,1988874243.0
2017-06-01,T,L,726,114000.0,114269058.0
